tx_id,customer_id,amount,timestamp,merchant_category,segment,age,income,is_fraud,amount_risk_bucket,is_night_tx
TX003996,C0014,2312.19,2024-06-22 16:36:50,Travel,Student,18,"23,653.00",0,High,0
TX002547,C0367,2303.27,2024-09-08 08:03:53,Travel,Student,40,"17,155.00",0,High,0
TX002143,C0471,2291,2024-12-27 10:26:28,Travel,Standard,34,"54,590.00",0,High,0
TX004351,C0442,2254.92,2024-01-01 00:48:32,Travel,Standard,37,"50,462.00",1,High,1
TX005050,C0327,2068.52,2024-04-19 06:15:04,Travel,Basic,51,"35,070.00",0,High,0
TX005505,C0036,2017.54,2024-07-26 01:03:23,Travel,Standard,23,"83,217.00",1,High,1
TX002809,C0137,1902.21,2024-11-01 02:42:02,Travel,Premium,28,"101,976.00",0,High,1
TX001265,C0051,1896.5,2024-05-05 08:30:53,Travel,Standard,41,"32,117.00",0,High,0
TX001873,C0174,1764.35,2024-04-20 05:02:44,Travel,Standard,42,"60,197.00",0,High,0
TX007205,C0120,1724.58,2024-04-05 09:31:05,Travel,Basic,47,"31,583.00",1,High,0
TX000702,C0307,1718.96,2024-11-27 13:41:03,Travel,Standard,53,"56,834.00",0,High,0
TX006197,C0417,1712.13,2024-11-09 18:43:46,Travel,Student,56,"20,560.00",1,High,0
TX004665,C0073,1639.88,2024-05-25 16:54:56,Travel,Standard,37,"54,397.00",0,High,0
TX000766,C0207,1593.04,2024-12-04 14:24:48,Travel,Standard,44,"86,325.00",1,High,0
TX000867,C0064,1532.33,2024-04-17 01:54:06,Travel,Standard,23,"61,715.00",0,High,1
TX003979,C0407,1526.83,2024-10-26 11:10:11,Travel,Standard,25,"52,375.00",0,High,0
TX006775,C0498,1516.02,2024-08-01 14:34:55,Travel,Basic,35,"31,092.00",0,High,0
TX007852,C0333,1480.4,2024-09-07 21:11:04,Travel,Basic,38,"37,711.00",0,High,0
TX003793,C0113,1473.37,2024-09-04 05:03:07,Travel,Premium,38,"121,486.00",0,High,0
TX001880,C0308,1443.72,2024-04-21 23:37:24,Travel,Standard,30,"63,149.00",0,High,0
TX002680,C0133,1441.76,2024-10-12 18:58:01,Travel,Standard,25,"64,202.00",0,High,0
TX006571,C0341,1440.34,2024-09-29 22:55:57,Travel,Student,28,"21,710.00",0,High,0
TX003240,C0406,1410.66,2024-09-16 13:10:53,Travel,Standard,45,"69,880.00",1,High,0
TX005598,C0368,1395.5,2024-11-05 06:55:56,Travel,Standard,38,"41,189.00",0,High,0
TX005091,C0141,1393.34,2024-07-10 02:58:51,Travel,Basic,40,"20,193.00",0,High,1
TX006460,C0309,1372.3,2024-05-26 05:47:52,Travel,Basic,44,"30,390.00",0,High,0
TX002864,C0207,1358.81,2024-01-23 06:10:35,Travel,Standard,44,"86,325.00",0,High,0
TX005432,C0287,1348.85,2024-01-09 15:36:58,Travel,Standard,36,"68,774.00",1,High,0
TX007168,C0273,1335.59,2024-05-16 06:09:13,Travel,Premium,51,"107,842.00",0,High,0
TX003741,C0355,1328.37,2024-01-24 21:31:59,Travel,Student,37,"16,323.00",0,High,0
TX004089,C0382,1326.09,2024-08-21 16:57:06,Travel,Standard,30,"60,899.00",0,High,0
TX007999,C0330,1289.51,2024-03-07 16:42:34,Travel,Standard,45,"53,052.00",0,High,0
TX005846,C0398,1288.61,2024-12-20 07:32:33,Travel,Standard,54,"67,577.00",1,High,0
TX003275,C0184,1283.39,2024-10-22 01:05:32,Travel,Basic,43,"36,801.00",0,High,1
TX000934,C0087,1271.66,2024-02-18 05:43:11,Electronics,Standard,48,"40,495.00",0,High,0
TX002827,C0385,1259.61,2024-10-30 02:03:41,Travel,Standard,28,"57,003.00",0,High,1
TX005585,C0227,1256.42,2024-10-16 11:34:14,Travel,Basic,38,"35,109.00",0,High,0
TX001623,C0217,1249.65,2024-09-07 00:31:11,Travel,Premium,28,"116,102.00",0,High,1
TX004596,C0110,1248.4,2024-07-07 22:15:28,Travel,Student,37,"16,573.00",0,High,0
TX005790,C0363,1246.29,2024-04-11 03:47:35,Travel,Basic,36,"24,359.00",1,High,1
TX006307,C0145,1244.31,2024-11-10 21:20:16,Travel,Basic,41,"43,471.00",0,High,0
TX005607,C0151,1242.25,2024-11-19 17:22:35,Travel,Standard,41,"64,784.00",0,High,0
TX005239,C0466,1226.53,2024-11-29 07:40:09,Travel,Basic,35,"34,634.00",0,High,0
TX001823,C0090,1223.6,2024-09-20 22:30:39,Electronics,Standard,44,"37,624.00",0,High,0
TX000504,C0066,1222.78,2024-07-25 00:04:25,Travel,Basic,54,"40,633.00",0,High,1
TX000294,C0228,1188.01,2024-04-05 14:43:41,Travel,Standard,25,"37,854.00",0,High,0
TX006031,C0278,1184.19,2024-03-09 18:31:51,Travel,Standard,30,"54,061.00",0,High,0
TX007208,C0057,1181.31,2024-03-30 18:19:54,Travel,Standard,27,"36,226.00",0,High,0
TX006592,C0409,1175.54,2024-09-14 16:14:04,Electronics,Standard,39,"63,047.00",0,High,0
TX002068,C0105,1171.67,2024-06-30 12:08:56,Travel,Standard,36,"75,990.00",0,High,0
TX000650,C0283,1164.07,2024-06-09 18:30:24,Travel,Standard,57,"40,171.00",0,High,0
TX007435,C0047,1162.47,2024-04-16 01:26:51,Travel,Premium,32,"109,506.00",1,High,1
TX004051,C0284,1155.94,2024-05-15 03:03:56,Travel,Basic,23,"21,171.00",0,High,1
TX004712,C0154,1150.7,2024-03-17 06:55:24,Electronics,Basic,40,"41,040.00",0,High,0
TX001237,C0077,1148.37,2024-01-25 22:11:15,Travel,Standard,39,"67,609.00",0,High,0
TX007967,C0161,1142.57,2024-05-19 17:13:41,Travel,Premium,26,"89,233.00",0,High,0
TX002889,C0206,1138.09,2024-10-06 21:32:14,Travel,Standard,26,"11,556.00",0,High,0
TX006336,C0267,1137.67,2024-05-28 03:23:08,Travel,Standard,57,"34,156.00",0,High,1
TX001806,C0059,1131.54,2024-02-06 16:46:24,Travel,Basic,41,"29,342.00",0,High,0
TX006731,C0380,1131.28,2024-09-29 15:58:36,Travel,Basic,28,"31,133.00",0,High,0
TX005926,C0211,1128.85,2024-04-13 21:32:13,Travel,Student,44,"17,451.00",0,High,0
TX002254,C0001,1110.73,2024-04-01 20:53:22,ATM Withdrawal,Basic,43,"28,663.00",0,High,0
TX001419,C0222,1109,2024-12-21 17:58:24,Travel,Standard,18,"54,135.00",0,High,0
TX002246,C0088,1104.9,2024-02-20 16:14:20,Travel,Student,41,"14,809.00",0,High,0
TX004994,C0265,1103.52,2024-12-25 23:47:56,Travel,Student,34,"8,000.00",0,High,0
TX002749,C0383,1098.4,2024-01-03 07:52:12,Travel,Standard,18,"57,880.00",0,High,0
TX004215,C0018,1091.86,2024-07-19 05:24:55,Travel,Student,41,"21,309.00",0,High,0
TX002315,C0433,1084.72,2024-05-11 05:28:42,Travel,Student,34,"10,161.00",0,High,0
TX006340,C0140,1083.26,2024-10-28 22:31:28,Electronics,Basic,23,"42,591.00",1,High,0
TX004982,C0055,1082.14,2024-04-10 03:54:23,Travel,Standard,50,"51,381.00",0,High,1
TX003615,C0238,1078.45,2024-06-24 08:02:25,Travel,Standard,40,"61,803.00",0,High,0
TX001717,C0054,1078.22,2024-12-23 15:54:24,Travel,Basic,45,"31,946.00",0,High,0
TX001534,C0054,1077.1,2024-02-14 18:18:13,Travel,Basic,45,"31,946.00",0,High,0
TX004925,C0033,1073.03,2024-06-02 03:32:08,Electronics,Standard,37,"78,482.00",0,High,1
TX005680,C0273,1071.76,2024-09-19 17:38:01,Travel,Premium,51,"107,842.00",1,High,0
TX001008,C0333,1071.08,2024-02-14 14:07:08,Electronics,Basic,38,"37,711.00",0,High,0
TX007163,C0302,1066.35,2024-05-28 11:05:39,Travel,Basic,31,"34,419.00",0,High,0
TX002878,C0321,1059.4,2024-11-29 03:03:02,Travel,Standard,39,"44,897.00",0,High,1
TX005779,C0106,1057.43,2024-02-11 10:45:54,Electronics,Basic,42,"37,397.00",1,High,0
TX006420,C0180,1055.76,2024-11-09 00:59:20,Travel,Standard,70,"47,593.00",0,High,1
TX003471,C0333,1052.72,2024-04-05 11:43:43,Travel,Basic,38,"37,711.00",0,High,0
TX000570,C0089,1045.52,2024-10-29 11:28:33,Travel,Standard,31,"54,945.00",0,High,0
TX000535,C0372,1039.67,2024-09-12 07:18:47,Travel,Basic,43,"22,768.00",1,High,0
TX000078,C0271,1036.42,2024-06-16 11:32:32,Electronics,Basic,55,"41,074.00",0,High,0
TX002090,C0109,1036.04,2024-04-03 22:10:56,Electronics,Basic,41,"35,585.00",0,High,0
TX004530,C0127,1035.27,2024-04-03 10:01:17,Travel,Standard,26,"54,634.00",1,High,0
TX004330,C0499,1033.7,2024-12-21 20:50:18,Travel,Standard,27,"49,520.00",1,High,0
TX007922,C0331,1032.43,2024-01-15 04:07:25,Electronics,Standard,37,"55,657.00",0,High,1
TX002324,C0013,1027.36,2024-01-17 04:02:20,Travel,Standard,40,"64,682.00",0,High,1
TX007008,C0146,1024.91,2024-01-30 21:51:25,Travel,Basic,47,"26,328.00",1,High,0
TX007890,C0011,1024.31,2024-10-26 03:43:45,Travel,Standard,32,"34,602.00",0,High,1
TX003377,C0056,1017.85,2024-05-18 19:01:22,Travel,Standard,49,"60,280.00",0,High,0
TX006719,C0479,1012.84,2024-01-31 09:37:31,Travel,Student,74,"20,884.00",1,High,0
TX002253,C0198,1011.43,2024-01-29 01:49:52,Travel,Standard,39,"55,779.00",1,High,1
TX007382,C0486,1010.18,2024-06-08 02:01:46,Travel,Basic,20,"26,096.00",0,High,1
TX007566,C0116,1005.07,2024-06-21 06:45:17,Travel,Standard,41,"57,963.00",1,High,0
TX002577,C0366,1003.11,2024-09-23 17:29:14,Electronics,Student,33,"15,304.00",0,High,0
TX005528,C0166,1001.74,2024-08-18 23:15:05,Travel,Standard,42,"12,271.00",0,High,0
TX006957,C0216,998.26,2024-09-21 15:51:52,Electronics,Standard,47,"58,261.00",1,High,0
TX006556,C0255,990.51,2024-07-23 05:44:56,Travel,Basic,19,"22,068.00",0,High,0
TX002995,C0390,987.23,2024-11-18 20:40:31,Travel,Premium,31,"50,063.00",1,High,0
TX006566,C0026,986.77,2024-02-12 15:32:11,Travel,Basic,39,"21,787.00",0,High,0
TX004886,C0489,986.57,2024-10-29 21:52:01,Electronics,Basic,58,"35,936.00",0,High,0
TX003486,C0439,983.23,2024-05-06 04:45:55,Travel,Standard,18,"57,230.00",0,High,1
TX004786,C0054,982.71,2024-03-16 11:11:37,Travel,Basic,45,"31,946.00",0,High,0
TX000406,C0400,977.35,2024-03-02 22:29:47,Travel,Standard,52,"53,516.00",0,High,0
TX005728,C0132,970.3,2024-07-22 20:20:44,Travel,Student,38,"15,480.00",1,High,0
TX005783,C0470,967.97,2024-12-16 01:44:55,Travel,Standard,31,"52,622.00",0,High,1
TX007187,C0439,953.21,2024-08-18 18:07:58,Travel,Standard,18,"57,230.00",0,High,0
TX004041,C0324,952.74,2024-04-02 13:49:21,Travel,Basic,63,"47,161.00",0,High,0
TX001383,C0352,952.52,2024-08-25 05:39:20,Travel,Standard,55,"43,450.00",0,High,0
TX004583,C0104,950.06,2024-09-21 22:36:03,Travel,Standard,28,"63,588.00",0,High,0
TX000178,C0261,946.13,2024-06-06 08:00:30,Travel,Basic,26,"24,494.00",0,High,0
TX000962,C0312,944.23,2024-08-01 08:44:47,Travel,Standard,51,"45,056.00",1,High,0
TX006945,C0081,941.91,2024-03-15 20:58:12,Electronics,Standard,35,"48,215.00",0,High,0
TX006190,C0398,936.6,2024-10-07 03:55:54,Electronics,Standard,54,"67,577.00",1,High,1
TX002535,C0145,933.31,2024-05-05 11:09:32,Travel,Basic,41,"43,471.00",0,High,0
TX007880,C0198,933.28,2024-04-09 05:30:01,Online Shopping,Standard,39,"55,779.00",0,High,0
TX004845,C0427,933.07,2024-01-25 03:21:15,Electronics,Student,26,"14,718.00",1,High,1
TX005029,C0067,931.3,2024-09-07 07:55:17,Travel,Basic,37,"31,572.00",1,High,0
TX003749,C0304,929.86,2024-12-22 07:43:17,Travel,Basic,45,"40,913.00",0,High,0
TX002839,C0295,924.94,2024-11-25 09:51:56,Electronics,Standard,42,"56,580.00",0,High,0
TX003900,C0205,924.83,2024-09-25 14:39:27,Travel,Standard,21,"69,970.00",1,High,0
TX001452,C0104,924.38,2024-03-13 19:21:20,Travel,Standard,28,"63,588.00",0,High,0
TX004017,C0122,918.37,2024-08-03 00:03:40,Travel,Basic,27,"26,128.00",1,High,1
TX003067,C0356,915.65,2024-05-05 11:36:45,Travel,Premium,25,"115,005.00",0,High,0
TX001214,C0306,915.11,2024-05-07 12:31:38,Electronics,Standard,39,"48,558.00",0,High,0
TX000547,C0381,914.98,2024-12-15 17:35:38,Travel,Premium,27,"159,579.00",0,High,0
TX007968,C0107,912.33,2024-04-22 09:53:41,Travel,Premium,60,"91,788.00",1,High,0
TX007257,C0070,911.9,2024-09-15 01:02:23,Travel,Basic,30,"41,520.00",0,High,1
TX001235,C0369,909.96,2024-08-16 22:25:28,Travel,Student,39,"15,677.00",0,High,0
TX007360,C0021,908.32,2024-08-14 00:27:34,Travel,Student,55,"17,431.00",0,High,1
TX003851,C0471,906.46,2024-02-19 00:31:08,Travel,Standard,34,"54,590.00",0,High,1
TX003038,C0002,905.86,2024-05-11 16:51:40,Electronics,Basic,36,"31,173.00",0,High,0
TX000790,C0281,903.18,2024-05-20 00:12:48,Travel,Premium,39,"39,211.00",0,High,1
TX001906,C0397,902.98,2024-09-13 20:59:28,Travel,Student,18,"14,975.00",0,High,0
TX001755,C0119,901.71,2024-03-04 05:04:40,Travel,Standard,51,"81,039.00",0,High,0
TX000305,C0476,900.16,2024-02-24 01:18:05,Electronics,Standard,35,"80,675.00",0,High,1
TX007392,C0458,895.08,2024-01-03 22:47:48,ATM Withdrawal,Basic,25,"36,073.00",1,High,0
TX002741,C0087,894.94,2024-06-18 07:59:52,Travel,Standard,48,"40,495.00",1,High,0
TX006106,C0485,894.01,2024-05-13 18:12:57,Travel,Basic,28,"35,423.00",0,High,0
TX004416,C0199,892.87,2024-03-11 03:36:16,Travel,Premium,38,"111,979.00",0,High,1
TX004336,C0335,892.76,2024-03-05 14:50:27,Travel,Standard,49,"46,637.00",1,High,0
TX003283,C0230,889.62,2024-04-22 02:04:01,Electronics,Standard,46,"37,804.00",0,High,1
TX002227,C0273,888.84,2024-03-09 09:33:07,Travel,Premium,51,"107,842.00",0,High,0
TX004418,C0106,886.64,2024-10-25 07:06:58,Travel,Basic,42,"37,397.00",0,High,0
TX002566,C0168,884.55,2024-02-18 10:27:00,Travel,Student,60,"8,041.00",0,High,0
TX004166,C0256,883.81,2024-09-06 08:01:12,Travel,Standard,32,"22,699.00",0,High,0
TX004432,C0195,881.62,2024-09-05 17:26:05,Electronics,Standard,40,"53,925.00",0,High,0
TX006480,C0350,880.94,2024-05-31 06:59:19,Travel,Basic,35,"20,208.00",0,High,0
TX002578,C0069,879.2,2024-02-07 09:15:43,Travel,Premium,42,"87,307.00",0,High,0
TX001234,C0201,876.87,2024-11-11 10:48:09,Travel,Basic,42,"30,629.00",0,High,0
TX007401,C0010,876.6,2024-03-14 03:15:28,Travel,Standard,44,"55,696.00",0,High,1
TX003508,C0039,875.9,2024-10-19 11:02:55,Travel,Standard,22,"61,600.00",0,High,0
TX004126,C0447,874.82,2024-01-27 10:06:03,Travel,Student,42,"16,747.00",0,High,0
TX003977,C0058,874.78,2024-08-07 07:20:49,Travel,Student,34,"20,775.00",0,High,0
TX007366,C0091,874.08,2024-03-11 06:08:10,Electronics,Student,39,"21,013.00",0,High,0
TX007679,C0402,869.06,2024-06-16 02:34:28,ATM Withdrawal,Basic,30,"27,677.00",0,High,1
TX003057,C0129,868.54,2024-05-14 19:57:30,Travel,Basic,39,"43,820.00",0,High,0
TX004182,C0094,866.39,2024-10-05 22:46:45,Travel,Student,34,"15,107.00",0,High,0
TX003160,C0462,861.9,2024-09-27 10:40:35,Travel,Premium,38,"101,754.00",0,High,0
TX002721,C0177,860.75,2024-04-09 00:13:10,Electronics,Standard,38,"56,152.00",1,High,1
TX006104,C0271,857.12,2024-07-03 00:45:02,Travel,Basic,55,"41,074.00",1,High,1
TX001711,C0235,846.16,2024-07-13 07:17:48,Travel,Basic,63,"32,570.00",1,High,0
TX006305,C0122,833.12,2024-01-07 18:57:54,Travel,Basic,27,"26,128.00",0,High,0
TX005879,C0054,832.68,2024-04-26 21:06:32,Electronics,Basic,45,"31,946.00",0,High,0
TX006287,C0422,831.18,2024-02-04 13:51:59,Travel,Student,59,"13,779.00",0,High,0
TX004094,C0390,830.62,2024-04-14 09:25:01,Travel,Premium,31,"50,063.00",1,High,0
TX007915,C0329,827.3,2024-12-09 04:53:47,Travel,Basic,45,"28,517.00",0,High,1
TX003974,C0006,825.09,2024-11-12 13:34:08,Electronics,Standard,35,"49,099.00",0,High,0
TX000567,C0167,820.49,2024-02-08 12:31:13,Travel,Standard,47,"72,231.00",0,High,0
TX006754,C0076,818.25,2024-02-10 20:21:12,Electronics,Standard,47,"44,784.00",0,High,0
TX001794,C0111,817.79,2024-12-06 13:17:22,Travel,Standard,18,"68,427.00",1,High,0
TX000668,C0486,813.36,2024-03-23 09:01:09,Travel,Basic,20,"26,096.00",0,High,0
TX001119,C0438,805.13,2024-07-28 13:06:57,Travel,Standard,21,"77,360.00",0,High,0
TX000015,C0399,804.77,2024-08-25 04:59:15,Electronics,Basic,36,"30,654.00",0,High,1
TX004616,C0219,803.75,2024-10-23 01:00:37,Travel,Basic,32,"31,203.00",0,High,1
TX005207,C0439,801.66,2024-01-29 10:21:17,Travel,Standard,18,"57,230.00",0,High,0
TX006589,C0159,801.19,2024-03-24 21:34:42,Electronics,Basic,23,"25,597.00",1,High,0
TX007197,C0039,797.18,2024-07-22 02:45:24,Electronics,Standard,22,"61,600.00",0,Low,1
TX006692,C0251,796.67,2024-04-16 02:33:30,Travel,Standard,22,"38,555.00",0,Low,1
TX002325,C0240,796.57,2024-12-25 00:24:28,Travel,Student,48,"18,856.00",0,Low,1
TX003556,C0287,791.88,2024-10-12 05:14:33,Travel,Standard,36,"68,774.00",0,Low,0
TX007835,C0300,789.57,2024-09-26 19:52:45,Electronics,Premium,45,"103,214.00",0,Low,0
TX003769,C0375,786.96,2024-07-14 05:08:56,Travel,Standard,63,"71,369.00",1,Low,0
TX003533,C0072,785.6,2024-06-21 16:39:03,Travel,Standard,56,"82,014.00",0,Low,0
TX002532,C0262,785.19,2024-07-29 22:41:55,Travel,Premium,37,"157,573.00",0,Low,0
TX000421,C0250,780.17,2024-05-31 06:30:11,Travel,Standard,42,"55,233.00",0,Low,0
TX003146,C0291,779.68,2024-06-28 10:35:03,Electronics,Student,35,"11,070.00",0,Low,0
TX002733,C0109,778.78,2024-11-04 08:51:19,Travel,Basic,41,"35,585.00",0,Low,0
TX006211,C0234,778.55,2024-09-14 17:04:43,Travel,Student,30,"16,315.00",0,Low,0
TX004739,C0359,775.53,2024-08-25 00:50:29,Electronics,Standard,41,"73,415.00",0,Low,1
TX001361,C0179,772.88,2024-02-07 10:41:09,Travel,Student,34,"18,985.00",0,Low,0
TX004237,C0411,771.82,2024-02-24 14:02:27,ATM Withdrawal,Standard,46,"55,422.00",0,Low,0
TX002606,C0458,769.34,2024-01-31 18:01:07,Travel,Basic,25,"36,073.00",0,Low,0
TX001863,C0175,769.02,2024-02-01 15:49:22,Travel,Premium,41,"88,592.00",0,Low,0
TX003701,C0149,768.69,2024-07-15 00:26:05,Travel,Student,44,"14,309.00",0,Low,1
TX001706,C0438,767.93,2024-12-27 13:47:37,Travel,Standard,21,"77,360.00",0,Low,0
TX005491,C0210,767.77,2024-11-26 04:26:58,Travel,Standard,75,"39,401.00",0,Low,1
TX003277,C0094,765.54,2024-03-07 19:40:43,Travel,Student,34,"15,107.00",1,Low,0
TX001545,C0408,764.94,2024-07-16 21:25:16,Travel,Basic,36,"23,954.00",0,Low,0
TX003771,C0237,763.87,2024-08-13 16:44:25,Travel,Basic,18,"42,909.00",0,Low,0
TX002148,C0365,763.84,2024-11-09 05:59:59,Travel,Student,46,"17,233.00",0,Low,0
TX007804,C0389,763.77,2024-09-10 04:59:37,Travel,Standard,49,"43,210.00",0,Low,1
TX001605,C0307,763.2,2024-08-08 21:01:00,Electronics,Standard,53,"56,834.00",0,Low,0
TX001995,C0156,762.37,2024-09-24 00:05:35,Travel,Student,29,"16,583.00",1,Low,1
TX005459,C0315,761.92,2024-02-29 02:49:20,Travel,Basic,53,"20,049.00",0,Low,1
TX003862,C0451,761.46,2024-02-21 02:24:52,Travel,Basic,37,"9,568.00",0,Low,1
TX006651,C0488,759.3,2024-05-19 04:59:04,Electronics,Student,25,"12,577.00",0,Low,1
TX006219,C0304,756.4,2024-09-07 03:52:39,Travel,Basic,45,"40,913.00",0,Low,1
TX006391,C0242,756.12,2024-08-03 03:51:11,Travel,Premium,36,"53,171.00",0,Low,1
TX002102,C0362,755.23,2024-08-22 06:15:03,Travel,Premium,56,"102,570.00",0,Low,0
TX000972,C0043,755,2024-01-24 01:46:52,Travel,Standard,36,"58,657.00",0,Low,1
TX002262,C0418,754.08,2024-05-01 06:13:22,Electronics,Standard,39,"63,367.00",0,Low,0
TX002100,C0132,753.84,2024-11-30 16:02:19,Travel,Student,38,"15,480.00",1,Low,0
TX007821,C0185,753.21,2024-11-23 07:47:15,Electronics,Standard,35,"49,770.00",0,Low,0
TX003687,C0102,752.38,2024-01-19 13:29:37,Travel,Basic,32,"35,126.00",0,Low,0
TX000898,C0174,752.25,2024-03-27 13:55:19,Travel,Standard,42,"60,197.00",0,Low,0
TX003854,C0018,752.25,2024-06-17 22:33:06,Travel,Student,41,"21,309.00",0,Low,0
TX005144,C0114,752.17,2024-03-06 07:53:27,Electronics,Basic,67,"25,718.00",0,Low,0
TX003046,C0224,751.68,2024-04-16 12:16:06,Travel,Basic,18,"38,405.00",0,Low,0
TX005307,C0429,748.62,2024-06-24 18:13:41,Electronics,Basic,50,"30,515.00",0,Low,0
TX003794,C0271,747.45,2024-11-29 16:07:10,Travel,Basic,55,"41,074.00",0,Low,0
TX005039,C0045,746.68,2024-10-17 23:56:54,Electronics,Standard,20,"35,795.00",0,Low,0
TX000882,C0393,746.66,2024-04-03 04:39:43,Travel,Student,22,"10,586.00",0,Low,1
TX006456,C0072,744.04,2024-08-22 04:21:01,Electronics,Standard,56,"82,014.00",0,Low,1
TX004513,C0110,743.09,2024-08-11 18:13:25,Travel,Student,37,"16,573.00",1,Low,0
TX002616,C0209,743.05,2024-07-04 23:25:03,Travel,Standard,44,"71,622.00",0,Low,0
TX006381,C0044,740.95,2024-08-01 06:41:51,Travel,Premium,34,"73,077.00",0,Low,0
TX000530,C0020,740.32,2024-02-25 14:52:09,Travel,Standard,21,"59,185.00",0,Low,0
TX005443,C0359,739.96,2024-08-27 14:01:01,Travel,Standard,41,"73,415.00",1,Low,0
TX002337,C0095,739,2024-06-11 17:01:12,Electronics,Basic,33,"31,667.00",0,Low,0
TX005677,C0128,738.92,2024-06-15 01:43:12,Travel,Student,31,"23,569.00",0,Low,1
TX000420,C0338,737.28,2024-01-27 13:58:31,Travel,Premium,34,"167,391.00",0,Low,0
TX006078,C0401,736.68,2024-12-01 20:03:32,Travel,Standard,18,"68,786.00",0,Low,0
TX007248,C0039,735.56,2024-02-02 20:06:24,Travel,Standard,22,"61,600.00",0,Low,0
TX002462,C0475,735.07,2024-12-30 17:58:44,Travel,Premium,57,"84,811.00",0,Low,0
TX001098,C0425,734.62,2024-07-22 01:48:27,Electronics,Standard,45,"55,849.00",0,Low,1
TX004828,C0441,732.15,2024-06-22 23:02:07,Electronics,Basic,42,"25,092.00",0,Low,0
TX000986,C0382,731.61,2024-09-28 05:54:26,Travel,Standard,30,"60,899.00",0,Low,0
TX000560,C0456,731.49,2024-05-06 17:30:17,Travel,Standard,28,"27,970.00",0,Low,0
TX007238,C0447,731.28,2024-09-11 09:59:02,Electronics,Student,42,"16,747.00",0,Low,0
TX002714,C0032,730.43,2024-07-20 19:05:43,Electronics,Standard,60,"60,658.00",0,Low,0
TX006585,C0255,730.25,2024-08-27 22:59:40,Travel,Basic,19,"22,068.00",0,Low,0
TX000081,C0402,728.15,2024-07-23 21:35:05,Travel,Basic,30,"27,677.00",0,Low,0
TX007539,C0182,726.01,2024-08-22 22:24:45,Travel,Basic,27,"26,575.00",0,Low,0
TX002679,C0413,724.72,2024-07-09 21:31:37,Travel,Standard,19,"71,288.00",0,Low,0
TX007642,C0288,723.88,2024-01-26 02:21:49,Electronics,Premium,45,"42,884.00",0,Low,1
TX003413,C0375,723.15,2024-02-02 21:07:27,Electronics,Standard,63,"71,369.00",1,Low,0
TX006019,C0498,721.57,2024-02-04 23:30:02,Electronics,Basic,35,"31,092.00",0,Low,0
TX002990,C0071,718.38,2024-02-09 10:22:59,Travel,Standard,42,"44,854.00",0,Low,0
TX005657,C0347,718.34,2024-02-12 08:43:48,Electronics,Basic,20,"25,346.00",0,Low,0
TX003757,C0370,718.15,2024-02-01 22:40:59,Travel,Basic,28,"18,690.00",0,Low,0
TX004543,C0195,717.7,2024-05-31 19:45:00,Travel,Standard,40,"53,925.00",0,Low,0
TX003248,C0104,716.54,2024-08-07 00:17:30,Electronics,Standard,28,"63,588.00",0,Low,1
TX006838,C0063,716.32,2024-12-28 17:24:03,Travel,Student,24,"17,279.00",0,Low,0
TX006595,C0090,716.14,2024-12-04 10:19:39,Electronics,Standard,44,"37,624.00",0,Low,0
TX005376,C0261,715.47,2024-03-27 20:25:10,Travel,Basic,26,"24,494.00",0,Low,0
TX004350,C0278,713.81,2024-04-20 19:17:55,Travel,Standard,30,"54,061.00",0,Low,0
TX000866,C0267,712.45,2024-10-17 14:13:00,Travel,Standard,57,"34,156.00",0,Low,0
TX007646,C0188,711.49,2024-03-16 01:43:50,Travel,Standard,37,"86,151.00",0,Low,1
TX007814,C0067,708.89,2024-05-19 13:34:24,Electronics,Basic,37,"31,572.00",0,Low,0
TX007169,C0420,708.46,2024-12-25 15:18:15,Electronics,Basic,38,"19,505.00",0,Low,0
TX000025,C0350,705.96,2024-12-15 09:11:11,Travel,Basic,35,"20,208.00",0,Low,0
TX006609,C0099,705.59,2024-04-09 13:39:14,Electronics,Basic,38,"21,987.00",0,Low,0
TX005295,C0146,705.05,2024-08-08 16:03:42,Travel,Basic,47,"26,328.00",0,Low,0
TX006816,C0392,704.82,2024-08-07 18:23:49,Travel,Premium,43,"105,239.00",0,Low,0
TX001501,C0462,703.18,2024-09-04 23:38:12,Travel,Premium,38,"101,754.00",0,Low,0
TX003742,C0238,699.7,2024-09-01 16:08:08,Electronics,Standard,40,"61,803.00",0,Low,0
TX005741,C0228,697.44,2024-01-09 21:51:43,Travel,Standard,25,"37,854.00",0,Low,0
TX002799,C0246,697.16,2024-12-18 02:12:00,Travel,Basic,33,"41,005.00",0,Low,1
TX006054,C0130,696.82,2024-10-24 07:40:09,Travel,Standard,31,"61,544.00",0,Low,0
TX006431,C0232,693.51,2024-11-30 07:12:12,Electronics,Standard,40,"43,685.00",0,Low,0
TX007858,C0330,692.62,2024-01-03 04:56:01,Travel,Standard,45,"53,052.00",0,Low,1
TX003079,C0326,692.33,2024-06-22 20:03:27,Travel,Premium,23,"99,294.00",0,Low,0
TX004309,C0453,691.28,2024-11-16 17:19:58,Travel,Basic,26,"19,064.00",1,Low,0
TX002099,C0462,690.83,2024-06-27 05:39:03,Travel,Premium,38,"101,754.00",0,Low,0
TX005126,C0429,690.06,2024-07-06 15:10:17,ATM Withdrawal,Basic,50,"30,515.00",1,Low,0
TX007607,C0299,689.94,2024-08-17 21:23:32,Electronics,Standard,47,"31,105.00",0,Low,0
TX006866,C0238,689.79,2024-06-08 19:21:43,Travel,Standard,40,"61,803.00",0,Low,0
TX004610,C0409,687.96,2024-01-14 18:34:11,Travel,Standard,39,"63,047.00",0,Low,0
TX005387,C0330,687.27,2024-04-19 23:58:33,Travel,Standard,45,"53,052.00",0,Low,0
TX003407,C0383,685.93,2024-01-01 23:59:05,Travel,Standard,18,"57,880.00",0,Low,0
TX006535,C0271,684.62,2024-09-17 08:49:22,Travel,Basic,55,"41,074.00",0,Low,0
TX004217,C0187,684.41,2024-06-21 00:59:07,Travel,Premium,43,"80,350.00",0,Low,1
TX003003,C0277,683.82,2024-09-07 19:31:30,Travel,Standard,40,"56,563.00",0,Low,0
TX000964,C0141,683.7,2024-12-09 04:57:25,Travel,Basic,40,"20,193.00",0,Low,1
TX004520,C0128,683.54,2024-02-17 08:49:21,Travel,Student,31,"23,569.00",0,Low,0
TX001254,C0365,682.31,2024-10-16 00:19:26,Electronics,Student,46,"17,233.00",0,Low,1
TX005606,C0116,682.18,2024-08-25 21:22:50,ATM Withdrawal,Standard,41,"57,963.00",0,Low,0
TX006301,C0238,682.05,2024-08-16 02:41:00,Travel,Standard,40,"61,803.00",0,Low,1
TX001275,C0359,680.06,2024-04-13 06:08:51,Travel,Standard,41,"73,415.00",0,Low,0
TX007408,C0326,678.96,2024-08-06 21:55:03,Electronics,Premium,23,"99,294.00",0,Low,0
TX005723,C0449,678.33,2024-06-23 22:23:57,Travel,Standard,31,"69,243.00",0,Low,0
TX001968,C0008,678.06,2024-10-27 12:38:14,Electronics,Standard,47,"74,176.00",1,Low,0
TX007969,C0279,676.01,2024-05-30 05:41:41,Travel,Premium,38,"67,381.00",0,Low,0
TX000132,C0022,675.39,2024-01-22 03:25:28,Travel,Student,35,"15,746.00",1,Low,1
TX006762,C0186,674.66,2024-08-16 12:16:41,Electronics,Student,46,"13,602.00",0,Low,0
TX000048,C0382,673.11,2024-04-11 11:02:55,Electronics,Standard,30,"60,899.00",1,Low,0
TX002182,C0169,672.64,2024-02-29 07:03:51,Electronics,Standard,35,"49,563.00",0,Low,0
TX006487,C0321,671.89,2024-12-02 22:27:51,Travel,Standard,39,"44,897.00",0,Low,0
TX003647,C0044,669.95,2024-10-18 13:40:42,Electronics,Premium,34,"73,077.00",0,Low,0
TX001799,C0264,669.75,2024-03-29 11:55:56,Electronics,Standard,25,"50,127.00",0,Low,0
TX001092,C0387,669.5,2024-01-25 12:05:16,Travel,Student,42,"17,832.00",0,Low,0
TX000622,C0260,669.08,2024-02-14 00:56:43,Electronics,Student,47,"19,039.00",0,Low,1
TX007072,C0178,667.9,2024-06-13 05:22:53,Electronics,Standard,55,"35,755.00",0,Low,0
TX007830,C0068,667.54,2024-03-15 14:24:55,Electronics,Basic,50,"35,672.00",0,Low,0
TX007978,C0205,666.21,2024-12-05 10:56:51,Travel,Standard,21,"69,970.00",0,Low,0
TX004093,C0350,665.74,2024-10-20 10:15:02,Travel,Basic,35,"20,208.00",0,Low,0
TX005079,C0425,665.42,2024-04-20 08:18:29,Electronics,Standard,45,"55,849.00",0,Low,0
TX005839,C0158,664.9,2024-06-11 12:26:42,Travel,Standard,43,"58,910.00",0,Low,0
TX007697,C0243,664.47,2024-12-29 06:58:17,Electronics,Standard,44,"63,961.00",0,Low,0
TX001005,C0494,664.26,2024-05-10 21:58:58,Travel,Basic,27,"23,972.00",0,Low,0
TX006761,C0415,661.87,2024-06-08 01:30:25,Travel,Premium,41,"89,249.00",0,Low,1
TX002469,C0483,661.42,2024-03-27 11:38:50,Electronics,Basic,18,"25,155.00",0,Low,0
TX007052,C0150,661.37,2024-01-18 18:10:59,Travel,Student,41,"18,534.00",0,Low,0
TX006914,C0497,661,2024-02-23 03:19:06,Travel,Basic,25,"46,107.00",0,Low,1
TX002139,C0323,660.74,2024-05-24 20:48:45,Electronics,Standard,28,"42,469.00",0,Low,0
TX003209,C0050,660.45,2024-11-28 16:52:30,Travel,Basic,18,"21,439.00",0,Low,0
TX006946,C0039,658.53,2024-07-17 17:09:55,Travel,Standard,22,"61,600.00",0,Low,0
TX004872,C0355,657.23,2024-07-22 13:27:37,Entertainment,Student,37,"16,323.00",0,Low,0
TX003824,C0433,656.87,2024-07-19 15:03:43,Travel,Student,34,"10,161.00",0,Low,0
TX007134,C0211,655.63,2024-01-22 08:28:32,Electronics,Student,44,"17,451.00",1,Low,0
TX007395,C0258,654.02,2024-01-21 22:06:09,Travel,Standard,29,"35,153.00",0,Low,0
TX002687,C0451,653.13,2024-10-08 13:43:45,Travel,Basic,37,"9,568.00",0,Low,0
TX001855,C0068,651.03,2024-10-15 15:07:29,Travel,Basic,50,"35,672.00",0,Low,0
TX001743,C0372,649.78,2024-05-29 18:54:21,Travel,Basic,43,"22,768.00",0,Low,0
TX001117,C0284,649.31,2024-05-14 03:50:05,Electronics,Basic,23,"21,171.00",0,Low,1
TX000784,C0035,649.14,2024-07-04 17:43:07,Electronics,Standard,47,"46,672.00",0,Low,0
TX007535,C0330,648.59,2024-05-11 01:39:14,Travel,Standard,45,"53,052.00",0,Low,1
TX004228,C0076,648.26,2024-07-29 04:49:13,Electronics,Standard,47,"44,784.00",0,Low,1
TX002622,C0369,648.12,2024-06-29 15:12:59,Electronics,Student,39,"15,677.00",0,Low,0
TX002410,C0404,646.12,2024-09-10 02:30:14,Electronics,Student,38,"16,286.00",1,Low,1
TX000607,C0283,642.87,2024-06-28 03:35:41,Electronics,Standard,57,"40,171.00",0,Low,1
TX007087,C0327,639.97,2024-09-15 03:08:51,Electronics,Basic,51,"35,070.00",0,Low,1
TX000268,C0162,639.93,2024-12-26 08:09:41,Travel,Standard,47,"72,590.00",0,Low,0
TX007346,C0039,637.38,2024-01-25 00:19:21,ATM Withdrawal,Standard,22,"61,600.00",0,Low,1
TX004692,C0240,636.01,2024-12-27 09:47:39,Travel,Student,48,"18,856.00",0,Low,0
TX002255,C0495,635.56,2024-03-31 00:07:44,Travel,Basic,56,"33,679.00",0,Low,1
TX006617,C0365,635.52,2024-01-29 01:04:43,Travel,Student,46,"17,233.00",1,Low,1
TX001879,C0084,634.28,2024-02-13 03:38:58,Electronics,Standard,31,"66,406.00",0,Low,1
TX005268,C0246,634.2,2024-03-09 16:52:01,Travel,Basic,33,"41,005.00",0,Low,0
TX003191,C0153,633.94,2024-02-29 16:22:45,Travel,Student,29,"20,906.00",0,Low,0
TX004937,C0247,633.8,2024-07-17 09:04:12,Electronics,Standard,32,"52,749.00",1,Low,0
TX001523,C0214,632.82,2024-09-25 12:30:42,Travel,Standard,45,"83,710.00",1,Low,0
TX004124,C0096,631.78,2024-05-28 14:29:57,Electronics,Standard,20,"24,373.00",0,Low,0
TX003417,C0096,631.7,2024-04-03 09:36:53,Travel,Standard,20,"24,373.00",0,Low,0
TX004324,C0180,631.51,2024-11-02 01:24:56,Travel,Standard,70,"47,593.00",0,Low,1
TX007438,C0376,631.06,2024-10-06 10:04:00,Travel,Premium,28,"108,274.00",0,Low,0
TX002280,C0109,629.79,2024-07-29 04:42:09,Travel,Basic,41,"35,585.00",0,Low,1
TX001029,C0250,629.76,2024-02-22 19:28:00,Electronics,Standard,42,"55,233.00",0,Low,0
TX002302,C0289,628.38,2024-03-29 08:06:19,Travel,Premium,41,"60,311.00",0,Low,0
TX002782,C0426,627.63,2024-03-27 10:07:13,Travel,Student,54,"17,118.00",0,Low,0
TX005502,C0155,626.51,2024-12-14 06:24:02,Electronics,Premium,41,"71,233.00",0,Low,0
TX006448,C0291,625.52,2024-07-03 19:29:25,Travel,Student,35,"11,070.00",0,Low,0
TX002293,C0402,624.12,2024-09-15 13:17:43,Electronics,Basic,30,"27,677.00",0,Low,0
TX004605,C0291,623.89,2024-04-10 17:23:04,Travel,Student,35,"11,070.00",0,Low,0
TX007166,C0155,622.83,2024-03-15 06:16:57,Travel,Premium,41,"71,233.00",0,Low,0
TX001737,C0387,619.9,2024-12-12 02:16:38,Healthcare,Student,42,"17,832.00",0,Low,1
TX001614,C0421,618.26,2024-10-06 22:33:39,Travel,Standard,62,"39,023.00",0,Low,0
TX002609,C0376,616.79,2024-08-09 18:30:55,Travel,Premium,28,"108,274.00",0,Low,0
TX003478,C0211,616.45,2024-12-22 22:21:54,Electronics,Student,44,"17,451.00",0,Low,0
TX002204,C0016,615.49,2024-12-28 07:03:08,Electronics,Standard,31,"58,287.00",0,Low,0
TX005267,C0101,615.36,2024-06-22 07:52:24,Electronics,Student,21,"22,190.00",0,Low,0
TX003555,C0425,612.53,2024-06-15 19:43:22,Travel,Standard,45,"55,849.00",0,Low,0
TX005006,C0330,612.45,2024-03-06 15:59:14,Travel,Standard,45,"53,052.00",0,Low,0
TX002793,C0028,612.09,2024-08-01 10:02:32,Travel,Basic,42,"24,399.00",0,Low,0
TX006579,C0461,611.96,2024-11-21 19:48:18,Travel,Standard,61,"46,806.00",0,Low,0
TX002235,C0357,611.45,2024-04-28 10:00:34,Online Shopping,Basic,37,"14,050.00",0,Low,0
TX001291,C0099,610.3,2024-02-21 14:54:45,Electronics,Basic,38,"21,987.00",0,Low,0
TX007838,C0471,610.27,2024-08-22 21:57:14,Travel,Standard,34,"54,590.00",0,Low,0
TX002572,C0480,610.03,2024-12-26 16:14:13,Electronics,Standard,51,"51,860.00",0,Low,0
TX000031,C0111,609.91,2024-10-21 14:26:37,Electronics,Standard,18,"68,427.00",0,Low,0
TX006109,C0346,609.4,2024-12-15 13:52:12,Electronics,Basic,40,"28,371.00",0,Low,0
TX007836,C0163,608.86,2024-04-29 23:19:23,Electronics,Basic,51,"34,348.00",0,Low,0
TX004259,C0469,608.72,2024-12-06 02:57:30,Travel,Premium,31,"125,897.00",0,Low,1
TX004679,C0476,607.95,2024-10-10 12:31:18,Travel,Standard,35,"80,675.00",0,Low,0
TX004527,C0420,607.57,2024-08-28 03:23:24,Electronics,Basic,38,"19,505.00",0,Low,1
TX002777,C0414,606.97,2024-10-26 06:52:29,ATM Withdrawal,Standard,53,"62,120.00",0,Low,0
TX005398,C0478,606.52,2024-06-12 19:40:07,Travel,Premium,41,"41,593.00",0,Low,0
TX001043,C0338,605.73,2024-09-29 04:01:40,Travel,Premium,34,"167,391.00",1,Low,1
TX004980,C0185,605.67,2024-02-19 02:37:16,Travel,Standard,35,"49,770.00",1,Low,1
TX005049,C0333,605.38,2024-10-31 19:31:34,Travel,Basic,38,"37,711.00",0,Low,0
TX000989,C0344,605.37,2024-09-27 22:16:35,Travel,Standard,31,"79,425.00",1,Low,0
TX001795,C0307,604.33,2024-09-11 02:27:38,Travel,Standard,53,"56,834.00",0,Low,1
TX005478,C0467,602.89,2024-09-18 02:54:24,Electronics,Basic,45,"30,956.00",1,Low,1
TX006541,C0308,602.57,2024-05-01 11:52:33,Electronics,Standard,30,"63,149.00",0,Low,0
TX007949,C0279,601.74,2024-08-07 18:49:41,Travel,Premium,38,"67,381.00",0,Low,0
TX000286,C0486,601.56,2024-11-26 10:44:51,Travel,Basic,20,"26,096.00",0,Low,0
TX001559,C0462,600.1,2024-05-14 15:39:42,Travel,Premium,38,"101,754.00",0,Low,0
TX004779,C0498,599.38,2024-03-24 00:16:08,Electronics,Basic,35,"31,092.00",0,Low,1
TX001220,C0030,598.54,2024-03-13 00:06:03,Electronics,Standard,34,"32,152.00",0,Low,1
TX000988,C0265,596.4,2024-06-01 23:33:01,Electronics,Student,34,"8,000.00",0,Low,0
TX002218,C0162,595.86,2024-08-19 08:58:18,Travel,Standard,47,"72,590.00",0,Low,0
TX007047,C0412,595.59,2024-04-20 16:33:29,Travel,Standard,24,"54,863.00",0,Low,0
TX001512,C0401,593.75,2024-08-08 20:37:50,Electronics,Standard,18,"68,786.00",0,Low,0
TX005688,C0350,593.25,2024-11-06 20:27:57,Electronics,Basic,35,"20,208.00",0,Low,0
TX000514,C0344,593.02,2024-05-18 09:08:44,Travel,Standard,31,"79,425.00",0,Low,0
TX005932,C0023,592.89,2024-06-11 03:22:13,Travel,Basic,38,"26,428.00",0,Low,1
TX006025,C0199,592.64,2024-06-25 23:42:55,Electronics,Premium,38,"111,979.00",0,Low,0
TX007863,C0473,589.81,2024-02-21 15:49:13,Travel,Basic,19,"26,453.00",0,Low,0
TX004106,C0271,589.2,2024-05-08 21:23:53,Electronics,Basic,55,"41,074.00",0,Low,0
TX002056,C0114,589.16,2024-06-23 19:20:48,Travel,Basic,67,"25,718.00",0,Low,0
TX005322,C0499,586.28,2024-08-19 07:06:14,Electronics,Standard,27,"49,520.00",0,Low,0
TX000234,C0227,586.21,2024-09-03 10:51:43,Travel,Basic,38,"35,109.00",0,Low,0
TX007028,C0038,586.19,2024-09-16 13:40:44,Electronics,Basic,18,"12,409.00",0,Low,0
TX002953,C0347,585.48,2024-09-10 03:35:20,ATM Withdrawal,Basic,20,"25,346.00",0,Low,1
TX007919,C0281,585.43,2024-08-21 23:35:12,Travel,Premium,39,"39,211.00",0,Low,0
TX006720,C0239,583.41,2024-11-16 00:22:36,Travel,Standard,30,"51,337.00",0,Low,1
TX001077,C0210,582.13,2024-08-25 14:01:47,Electronics,Standard,75,"39,401.00",0,Low,0
TX000309,C0313,581.71,2024-10-17 14:01:53,ATM Withdrawal,Basic,47,"18,779.00",0,Low,0
TX005485,C0473,581.65,2024-02-24 07:57:48,Electronics,Basic,19,"26,453.00",0,Low,0
TX005578,C0063,580.26,2024-12-24 12:00:30,Electronics,Student,24,"17,279.00",0,Low,0
TX005388,C0189,579.74,2024-09-29 08:16:43,Electronics,Premium,27,"101,458.00",0,Low,0
TX007323,C0007,579.59,2024-02-09 08:41:02,Travel,Premium,56,"90,862.00",0,Low,0
TX007080,C0074,579.52,2024-05-24 07:40:43,Travel,Basic,56,"18,553.00",0,Low,0
TX000806,C0284,579.35,2024-02-24 05:41:45,Travel,Basic,23,"21,171.00",0,Low,0
TX007271,C0289,578.69,2024-02-16 19:26:18,Travel,Premium,41,"60,311.00",0,Low,0
TX006238,C0134,578.66,2024-05-04 13:24:25,Travel,Basic,43,"21,817.00",0,Low,0
TX000215,C0437,578.02,2024-12-15 10:06:09,Electronics,Standard,57,"51,798.00",0,Low,0
TX002363,C0113,578.01,2024-09-04 03:44:26,Electronics,Premium,38,"121,486.00",1,Low,1
TX001414,C0152,577.57,2024-08-12 09:43:55,Travel,Premium,42,"42,708.00",0,Low,0
TX006183,C0451,577.44,2024-05-19 15:51:53,Electronics,Basic,37,"9,568.00",0,Low,0
TX001330,C0425,577.28,2024-10-08 10:49:00,Travel,Standard,45,"55,849.00",0,Low,0
TX001409,C0277,577.26,2024-01-06 23:58:25,Travel,Standard,40,"56,563.00",0,Low,0
TX003083,C0340,577.08,2024-07-02 06:24:31,Travel,Premium,31,"139,173.00",0,Low,0
TX003127,C0276,576.94,2024-05-19 19:27:38,Travel,Standard,43,"59,217.00",0,Low,0
TX005938,C0027,576.78,2024-06-03 16:46:12,Online Shopping,Student,24,"15,531.00",0,Low,0
TX005870,C0179,576.56,2024-05-16 02:44:05,Electronics,Student,34,"18,985.00",0,Low,1
TX003803,C0471,576.46,2024-08-05 18:41:48,Electronics,Standard,34,"54,590.00",1,Low,0
TX001754,C0340,575.7,2024-04-24 12:28:21,Electronics,Premium,31,"139,173.00",0,Low,0
TX001622,C0475,573.8,2024-10-20 17:04:05,Online Shopping,Premium,57,"84,811.00",0,Low,0
TX007822,C0253,573.63,2024-04-22 17:30:50,Electronics,Basic,63,"42,756.00",0,Low,0
TX001071,C0450,571.31,2024-07-12 15:40:40,Travel,Basic,25,"18,120.00",0,Low,0
TX007511,C0435,571.18,2024-11-11 01:21:14,Travel,Basic,56,"42,246.00",0,Low,1
TX007536,C0426,570.72,2024-01-31 01:59:10,Travel,Student,54,"17,118.00",0,Low,1
TX004180,C0494,570.09,2024-08-30 03:35:41,Travel,Basic,27,"23,972.00",0,Low,1
TX001211,C0475,569.44,2024-02-11 14:52:24,Travel,Premium,57,"84,811.00",0,Low,0
TX000140,C0463,567.36,2024-02-16 20:42:33,Electronics,Student,29,"9,084.00",0,Low,0
TX000764,C0252,566.76,2024-03-15 07:10:12,Travel,Standard,49,"33,399.00",0,Low,0
TX007780,C0102,566.71,2024-05-26 18:44:30,Travel,Basic,32,"35,126.00",0,Low,0
TX003499,C0390,565.48,2024-06-28 10:50:10,Electronics,Premium,31,"50,063.00",0,Low,0
TX006767,C0207,564.31,2024-06-22 00:08:39,Travel,Standard,44,"86,325.00",0,Low,1
TX005262,C0301,563.89,2024-04-26 02:47:42,Travel,Standard,28,"54,705.00",0,Low,1
TX005271,C0401,559.84,2024-11-02 14:04:23,Travel,Standard,18,"68,786.00",0,Low,0
TX003949,C0017,559.77,2024-06-24 18:05:09,Travel,Standard,25,"58,740.00",0,Low,0
TX004774,C0438,559.27,2024-02-02 01:05:03,Electronics,Standard,21,"77,360.00",0,Low,1
TX006732,C0474,559.1,2024-08-08 11:30:11,Electronics,Standard,54,"41,727.00",0,Low,0
TX000761,C0039,558.99,2024-10-03 02:26:31,Electronics,Standard,22,"61,600.00",0,Low,1
TX005547,C0327,558.15,2024-10-21 14:13:42,Travel,Basic,51,"35,070.00",0,Low,0
TX006157,C0118,556.84,2024-02-14 19:23:47,Travel,Premium,23,"69,324.00",0,Low,0
TX002412,C0280,556.76,2024-06-01 15:46:28,Electronics,Student,33,"13,877.00",0,Low,0
TX005346,C0039,556.7,2024-10-22 05:55:37,Travel,Standard,22,"61,600.00",0,Low,0
TX005564,C0001,556.48,2024-01-19 05:37:55,Travel,Basic,43,"28,663.00",0,Low,0
TX007207,C0353,555.89,2024-06-14 05:48:37,Electronics,Standard,48,"58,506.00",0,Low,0
TX001444,C0128,555.56,2024-09-10 19:36:35,Travel,Student,31,"23,569.00",0,Low,0
TX000502,C0112,553.41,2024-01-10 20:13:34,Travel,Basic,37,"35,081.00",0,Low,0
TX001492,C0013,553.35,2024-05-08 16:25:10,Travel,Standard,40,"64,682.00",0,Low,0
TX007285,C0320,553.17,2024-06-14 16:23:34,Travel,Premium,36,"127,432.00",0,Low,0
TX003562,C0383,553.09,2024-08-02 21:59:07,Electronics,Standard,18,"57,880.00",0,Low,0
TX006656,C0098,551.62,2024-02-02 13:17:22,Online Shopping,Basic,41,"24,544.00",0,Low,0
TX001250,C0489,550.38,2024-08-12 11:28:24,Travel,Basic,58,"35,936.00",0,Low,0
TX002949,C0122,549.64,2024-12-16 15:23:59,Electronics,Basic,27,"26,128.00",0,Low,0
TX002865,C0029,549.39,2024-04-12 02:50:15,Electronics,Basic,30,"39,560.00",0,Low,1
TX007458,C0199,548.33,2024-03-28 15:42:48,Travel,Premium,38,"111,979.00",0,Low,0
TX000845,C0068,546.13,2024-11-07 02:30:36,Electronics,Basic,50,"35,672.00",0,Low,1
TX005215,C0065,545.9,2024-03-05 07:17:03,Travel,Premium,47,"109,281.00",0,Low,0
TX000900,C0015,544.54,2024-07-28 19:21:09,Travel,Premium,18,"80,766.00",0,Low,0
TX006614,C0333,542.61,2024-07-10 23:53:41,ATM Withdrawal,Basic,38,"37,711.00",0,Low,0
TX004414,C0181,542.37,2024-01-27 01:19:47,Electronics,Basic,45,"17,547.00",1,Low,1
TX006049,C0097,541.24,2024-08-06 03:24:07,Electronics,Premium,41,"82,584.00",1,Low,1
TX003431,C0446,540.96,2024-01-17 17:59:18,Electronics,Student,46,"15,012.00",0,Low,0
TX000838,C0227,540.62,2024-02-26 08:12:15,Electronics,Basic,38,"35,109.00",1,Low,0
TX007447,C0090,539.71,2024-03-06 04:01:22,Online Shopping,Standard,44,"37,624.00",0,Low,1
TX001750,C0188,539.42,2024-03-16 16:18:48,Travel,Standard,37,"86,151.00",0,Low,0
TX001435,C0037,538.22,2024-10-08 14:21:07,Electronics,Premium,40,"46,559.00",0,Low,0
TX005367,C0388,537.27,2024-11-10 15:14:47,Travel,Basic,60,"37,653.00",0,Low,0
TX004263,C0208,537.14,2024-11-12 14:08:55,Electronics,Basic,44,"28,883.00",0,Low,0
TX003897,C0332,536.68,2024-12-12 06:42:56,Electronics,Basic,27,"28,823.00",0,Low,0
TX003360,C0276,535.9,2024-02-17 21:21:45,Travel,Standard,43,"59,217.00",0,Low,0
TX005274,C0450,535.9,2024-09-01 13:46:43,Electronics,Basic,25,"18,120.00",0,Low,0
TX002719,C0110,535.15,2024-05-31 22:24:28,ATM Withdrawal,Student,37,"16,573.00",0,Low,0
TX007634,C0383,535.06,2024-07-08 06:20:15,Travel,Standard,18,"57,880.00",0,Low,0
TX003282,C0433,534.8,2024-09-28 15:16:44,Electronics,Student,34,"10,161.00",0,Low,0
TX006941,C0373,534.45,2024-07-11 15:27:20,Travel,Premium,55,"67,934.00",0,Low,0
TX007492,C0425,533.98,2024-01-24 16:17:16,Travel,Standard,45,"55,849.00",0,Low,0
TX000695,C0190,533.43,2024-10-14 13:22:24,Electronics,Student,19,"16,720.00",0,Low,0
TX006136,C0055,533.21,2024-11-02 23:40:13,Travel,Standard,50,"51,381.00",0,Low,0
TX001159,C0196,532.81,2024-10-02 13:18:06,ATM Withdrawal,Student,42,"14,851.00",0,Low,0
TX001457,C0462,532.3,2024-07-17 04:56:56,Travel,Premium,38,"101,754.00",1,Low,1
TX004375,C0181,531.67,2024-03-28 10:33:41,Travel,Basic,45,"17,547.00",1,Low,0
TX005988,C0010,530.74,2024-06-22 18:06:59,Electronics,Standard,44,"55,696.00",0,Low,0
TX003374,C0072,530.61,2024-01-08 04:56:16,Travel,Standard,56,"82,014.00",0,Low,1
TX004346,C0343,530.48,2024-10-20 17:14:24,Travel,Standard,40,"63,534.00",0,Low,0
TX003693,C0200,529.44,2024-05-10 16:49:47,Electronics,Standard,24,"53,789.00",0,Low,0
TX002986,C0192,528.62,2024-04-06 19:15:39,Electronics,Basic,48,"31,910.00",0,Low,0
TX002764,C0401,528,2024-01-22 20:40:51,Electronics,Standard,18,"68,786.00",0,Low,0
TX005860,C0291,527.8,2024-03-27 20:03:02,Electronics,Student,35,"11,070.00",0,Low,0
TX001285,C0111,526.35,2024-09-21 03:54:24,Electronics,Standard,18,"68,427.00",0,Low,1
TX003276,C0090,526.07,2024-10-05 11:09:48,Travel,Standard,44,"37,624.00",0,Low,0
TX001176,C0475,525.99,2024-09-29 15:50:37,Electronics,Premium,57,"84,811.00",0,Low,0
TX001739,C0102,525.02,2024-01-07 21:53:28,Travel,Basic,32,"35,126.00",0,Low,0
TX007897,C0104,524.91,2024-08-05 05:48:22,Electronics,Standard,28,"63,588.00",0,Low,0
TX000375,C0313,523.4,2024-05-12 22:34:48,Travel,Basic,47,"18,779.00",0,Low,0
TX006069,C0203,523.29,2024-10-16 11:09:48,Travel,Basic,50,"37,330.00",0,Low,0
TX003482,C0227,522.85,2024-09-12 17:04:56,Electronics,Basic,38,"35,109.00",0,Low,0
TX007137,C0458,522.62,2024-05-30 16:19:40,Travel,Basic,25,"36,073.00",1,Low,0
TX002514,C0449,521.94,2024-05-14 17:03:48,Electronics,Standard,31,"69,243.00",0,Low,0
TX003322,C0419,521.93,2024-08-12 06:50:33,Travel,Standard,52,"55,155.00",0,Low,0
TX005924,C0058,521.75,2024-05-14 21:57:30,Electronics,Student,34,"20,775.00",0,Low,0
TX000485,C0043,521.63,2024-11-07 12:12:14,ATM Withdrawal,Standard,36,"58,657.00",0,Low,0
TX000221,C0223,521.47,2024-12-19 13:53:38,Travel,Standard,46,"58,016.00",0,Low,0
TX004213,C0241,521.3,2024-08-11 15:56:10,Travel,Premium,28,"125,684.00",0,Low,0
TX001772,C0421,521.3,2024-09-14 07:41:49,Travel,Standard,62,"39,023.00",0,Low,0
TX003540,C0394,521.01,2024-10-29 21:46:58,Travel,Standard,59,"22,706.00",1,Low,0
TX001636,C0364,520.9,2024-02-17 17:30:41,Electronics,Standard,42,"54,163.00",0,Low,0
TX005026,C0077,520.89,2024-07-03 22:36:04,Travel,Standard,39,"67,609.00",0,Low,0
TX001115,C0408,519.64,2024-02-09 11:59:34,Electronics,Basic,36,"23,954.00",0,Low,0
TX005120,C0006,519.46,2024-06-10 00:10:22,Electronics,Standard,35,"49,099.00",0,Low,1
TX001495,C0415,519.01,2024-12-23 17:02:20,Travel,Premium,41,"89,249.00",0,Low,0
TX002005,C0055,518.5,2024-01-23 05:59:20,Electronics,Standard,50,"51,381.00",0,Low,0
TX005887,C0192,518.36,2024-12-10 13:31:24,Travel,Basic,48,"31,910.00",0,Low,0
TX004887,C0132,518.35,2024-06-13 20:52:30,ATM Withdrawal,Student,38,"15,480.00",0,Low,0
TX007995,C0411,518.02,2024-06-13 11:47:18,Electronics,Standard,46,"55,422.00",0,Low,0
TX002818,C0175,517.95,2024-01-12 08:16:44,Travel,Premium,41,"88,592.00",0,Low,0
TX004358,C0137,517.84,2024-12-11 15:20:52,Electronics,Premium,28,"101,976.00",0,Low,0
TX006086,C0017,516.31,2024-12-12 07:24:52,Travel,Standard,25,"58,740.00",0,Low,0
TX004823,C0210,515.43,2024-03-25 06:47:00,Travel,Standard,75,"39,401.00",0,Low,0
TX006208,C0484,514.78,2024-07-22 04:23:56,Travel,Standard,40,"82,390.00",0,Low,1
TX007579,C0301,514.76,2024-10-16 01:10:27,Electronics,Standard,28,"54,705.00",0,Low,1
TX004655,C0131,514.73,2024-06-11 15:35:53,Travel,Standard,19,"55,570.00",0,Low,0
TX001312,C0091,514.16,2024-03-19 04:19:39,Electronics,Student,39,"21,013.00",0,Low,1
TX002811,C0289,511.76,2024-02-03 07:01:30,Travel,Premium,41,"60,311.00",0,Low,0
TX005374,C0069,511.48,2024-12-28 15:48:34,Electronics,Premium,42,"87,307.00",0,Low,0
TX002291,C0128,511.1,2024-12-13 20:19:13,Travel,Student,31,"23,569.00",0,Low,0
TX003221,C0189,510.64,2024-04-01 23:30:31,Travel,Premium,27,"101,458.00",0,Low,0
TX002977,C0318,510.56,2024-03-27 20:50:39,Online Shopping,Standard,34,"68,423.00",0,Low,0
TX003588,C0279,509.88,2024-04-09 20:41:59,Travel,Premium,38,"67,381.00",0,Low,0
TX000495,C0098,509.82,2024-05-02 16:29:41,Travel,Basic,41,"24,544.00",0,Low,0
TX001138,C0172,509.42,2024-02-21 18:49:19,Travel,Standard,28,"72,412.00",0,Low,0
TX006561,C0198,509.03,2024-11-16 10:22:31,Travel,Standard,39,"55,779.00",0,Low,0
TX001143,C0360,509.02,2024-06-02 05:43:57,Travel,Basic,28,"20,322.00",0,Low,0
TX000533,C0068,507.63,2024-07-24 20:22:24,ATM Withdrawal,Basic,50,"35,672.00",0,Low,0
TX003186,C0171,507.29,2024-08-04 19:49:18,Electronics,Basic,27,"19,642.00",0,Low,0
TX007847,C0492,506.77,2024-03-29 10:06:03,Travel,Student,55,"21,246.00",0,Low,0
TX004789,C0353,505.97,2024-10-19 00:55:13,Electronics,Standard,48,"58,506.00",0,Low,1
TX005218,C0115,505.59,2024-02-09 16:36:10,Electronics,Premium,35,"129,521.00",0,Low,0
TX000383,C0188,505.3,2024-04-22 21:20:01,Electronics,Standard,37,"86,151.00",0,Low,0
TX000916,C0455,503.7,2024-05-08 14:19:53,Travel,Standard,31,"37,448.00",0,Low,0
TX001108,C0213,503.18,2024-12-19 11:10:19,Electronics,Standard,49,"45,643.00",0,Low,0
TX007368,C0459,502.74,2024-08-05 05:44:02,Travel,Premium,31,"72,704.00",0,Low,0
TX004792,C0334,502.28,2024-09-14 08:59:41,Travel,Basic,29,"47,684.00",0,Low,0
TX001966,C0418,501.91,2024-07-17 17:20:28,Electronics,Standard,39,"63,367.00",0,Low,0
TX006550,C0127,501.78,2024-04-02 14:02:03,Electronics,Standard,26,"54,634.00",1,Low,0
TX000751,C0227,501.38,2024-04-27 23:52:42,Travel,Basic,38,"35,109.00",0,Low,0
TX004197,C0405,500.88,2024-01-20 18:20:16,Electronics,Basic,32,"24,655.00",1,Low,0
TX004312,C0030,500.73,2024-05-24 21:49:46,Electronics,Standard,34,"32,152.00",0,Low,0
TX007689,C0285,500.37,2024-04-16 12:57:10,Electronics,Basic,63,"31,439.00",0,Low,0
TX005751,C0056,499.38,2024-01-26 19:19:10,Travel,Standard,49,"60,280.00",0,Low,0
TX001037,C0493,499.15,2024-03-27 20:16:51,Travel,Basic,38,"30,256.00",0,Low,0
TX005223,C0407,499.01,2024-08-28 23:02:35,ATM Withdrawal,Standard,25,"52,375.00",0,Low,0
TX000303,C0113,498.73,2024-10-31 15:03:08,Electronics,Premium,38,"121,486.00",0,Low,0
TX003434,C0065,498.54,2024-03-03 05:41:15,Electronics,Premium,47,"109,281.00",0,Low,0
TX001099,C0268,497.86,2024-08-02 01:26:02,Electronics,Premium,20,"40,638.00",0,Low,1
TX001565,C0075,497.47,2024-12-30 20:27:09,Electronics,Basic,18,"31,024.00",0,Low,0
TX001519,C0053,496.82,2024-05-25 06:46:41,Electronics,Basic,29,"29,635.00",0,Low,0
TX003135,C0458,496.64,2024-01-15 03:44:05,ATM Withdrawal,Basic,25,"36,073.00",0,Low,1
TX007974,C0117,496.03,2024-10-10 11:48:50,Electronics,Basic,37,"46,602.00",0,Low,0
TX002491,C0413,495.97,2024-12-17 09:52:57,Electronics,Standard,19,"71,288.00",0,Low,0
TX006546,C0178,495.84,2024-12-19 00:45:29,Electronics,Standard,55,"35,755.00",0,Low,1
TX006475,C0324,495.2,2024-04-05 03:33:20,Travel,Basic,63,"47,161.00",0,Low,1
TX007696,C0159,495.19,2024-07-20 18:44:14,Electronics,Basic,23,"25,597.00",0,Low,0
TX007844,C0172,494.53,2024-01-09 15:33:12,Online Shopping,Standard,28,"72,412.00",0,Low,0
TX000188,C0491,493.32,2024-03-31 18:13:46,ATM Withdrawal,Student,37,"20,206.00",1,Low,0
TX003244,C0327,492.9,2024-10-06 09:33:20,Travel,Basic,51,"35,070.00",0,Low,0
TX006412,C0244,492.68,2024-03-28 11:33:36,Travel,Premium,48,"111,035.00",0,Low,0
TX001432,C0065,492.57,2024-05-05 20:28:11,Electronics,Premium,47,"109,281.00",0,Low,0
TX000818,C0431,491.58,2024-01-16 22:21:01,Electronics,Student,23,"11,242.00",0,Low,0
TX006884,C0353,491.19,2024-09-24 09:09:16,ATM Withdrawal,Standard,48,"58,506.00",0,Low,0
TX004961,C0443,490.24,2024-06-01 04:32:33,Travel,Premium,18,"78,354.00",0,Low,1
TX001021,C0268,489.73,2024-03-16 14:41:54,Travel,Premium,20,"40,638.00",0,Low,0
TX005304,C0001,489.68,2024-07-26 08:59:25,Travel,Basic,43,"28,663.00",0,Low,0
TX005522,C0115,489.06,2024-03-10 17:11:15,Travel,Premium,35,"129,521.00",0,Low,0
TX005105,C0111,489.05,2024-09-07 18:34:42,Electronics,Standard,18,"68,427.00",0,Low,0
TX003823,C0340,488.63,2024-06-17 08:40:59,Electronics,Premium,31,"139,173.00",0,Low,0
TX007892,C0354,487.66,2024-01-08 05:32:42,Electronics,Student,36,"8,776.00",1,Low,0
TX001123,C0099,487.26,2024-10-25 17:25:09,Electronics,Basic,38,"21,987.00",1,Low,0
TX002981,C0500,487.18,2024-02-02 09:14:23,ATM Withdrawal,Student,21,"15,738.00",0,Low,0
TX005366,C0154,487.16,2024-10-18 18:29:55,Travel,Basic,40,"41,040.00",0,Low,0
TX005982,C0061,486.45,2024-01-25 08:30:34,ATM Withdrawal,Premium,32,"100,281.00",0,Low,0
TX003130,C0445,486.08,2024-01-14 16:11:57,Travel,Student,22,"15,642.00",0,Low,0
TX002282,C0192,485.82,2024-05-17 06:14:40,Travel,Basic,48,"31,910.00",0,Low,0
TX001554,C0264,485.23,2024-03-14 08:35:16,Electronics,Standard,25,"50,127.00",0,Low,0
TX006394,C0051,485.09,2024-12-12 06:42:26,Travel,Standard,41,"32,117.00",0,Low,0
TX001937,C0187,484.06,2024-12-07 02:56:43,Electronics,Premium,43,"80,350.00",0,Low,1
TX002936,C0339,483.68,2024-10-09 15:27:01,Travel,Student,42,"11,785.00",0,Low,0
TX000779,C0038,483.52,2024-06-17 10:17:00,Electronics,Basic,18,"12,409.00",0,Low,0
TX001328,C0184,482.98,2024-02-29 05:17:08,Electronics,Basic,43,"36,801.00",0,Low,0
TX001013,C0168,482.65,2024-08-05 22:59:54,Electronics,Student,60,"8,041.00",0,Low,0
TX005059,C0485,480.33,2024-12-19 21:48:44,Electronics,Basic,28,"35,423.00",0,Low,0
TX002738,C0118,479.37,2024-07-24 18:56:49,Electronics,Premium,23,"69,324.00",0,Low,0
TX000386,C0084,479.14,2024-04-17 21:56:22,Electronics,Standard,31,"66,406.00",0,Low,0
TX006146,C0302,477.12,2024-02-22 07:53:59,Electronics,Basic,31,"34,419.00",0,Low,0
TX007471,C0302,476.68,2024-05-18 00:59:34,Travel,Basic,31,"34,419.00",1,Low,1
TX001319,C0140,476.3,2024-02-06 21:59:35,Travel,Basic,23,"42,591.00",0,Low,0
TX005206,C0236,474.05,2024-08-29 20:29:00,ATM Withdrawal,Standard,45,"61,328.00",0,Low,0
TX001442,C0389,473.38,2024-10-11 09:17:20,Electronics,Standard,49,"43,210.00",0,Low,0
TX006319,C0106,473.17,2024-08-16 18:24:15,ATM Withdrawal,Basic,42,"37,397.00",0,Low,0
TX002595,C0138,472.35,2024-09-07 14:19:10,Electronics,Student,34,"17,588.00",0,Low,0
TX004098,C0108,471.89,2024-03-25 13:26:15,Travel,Basic,40,"24,824.00",0,Low,0
TX001018,C0456,470.82,2024-07-25 01:42:11,ATM Withdrawal,Standard,28,"27,970.00",0,Low,1
TX007343,C0182,470.79,2024-06-10 07:12:18,Electronics,Basic,27,"26,575.00",0,Low,0
TX002561,C0041,470.21,2024-03-26 11:06:00,ATM Withdrawal,Standard,46,"39,681.00",0,Low,0
TX005181,C0253,469.58,2024-03-03 08:13:17,Travel,Basic,63,"42,756.00",0,Low,0
TX004913,C0200,469.05,2024-07-05 18:11:53,Travel,Standard,24,"53,789.00",0,Low,0
TX004492,C0435,468.94,2024-07-21 09:35:52,Electronics,Basic,56,"42,246.00",0,Low,0
TX007795,C0462,468.47,2024-12-27 13:03:14,Travel,Premium,38,"101,754.00",0,Low,0
TX004317,C0141,467.87,2024-08-27 00:20:03,ATM Withdrawal,Basic,40,"20,193.00",0,Low,1
TX002690,C0084,467.65,2024-04-09 06:33:00,Electronics,Standard,31,"66,406.00",0,Low,0
TX005826,C0286,467.29,2024-04-16 09:41:13,Travel,Basic,18,"41,136.00",0,Low,0
TX003470,C0082,466.48,2024-01-17 18:43:03,Electronics,Standard,42,"18,641.00",0,Low,0
TX003542,C0256,466.11,2024-04-16 13:46:33,Travel,Standard,32,"22,699.00",0,Low,0
TX000493,C0494,465.77,2024-06-08 01:55:23,Clothing,Basic,27,"23,972.00",0,Low,1
TX005197,C0150,465.32,2024-05-20 02:13:55,ATM Withdrawal,Student,41,"18,534.00",0,Low,1
TX007051,C0206,465.1,2024-08-03 05:06:30,Travel,Standard,26,"11,556.00",0,Low,0
TX006176,C0199,464.77,2024-08-17 08:31:48,Travel,Premium,38,"111,979.00",0,Low,0
TX000446,C0376,464.66,2024-08-11 14:50:03,Travel,Premium,28,"108,274.00",0,Low,0
TX002353,C0114,464.31,2024-06-25 06:25:54,Electronics,Basic,67,"25,718.00",0,Low,0
TX003164,C0480,463.98,2024-07-07 01:45:45,Electronics,Standard,51,"51,860.00",0,Low,1
TX006966,C0426,463.49,2024-02-28 09:50:22,Electronics,Student,54,"17,118.00",0,Low,0
TX000855,C0127,463.45,2024-12-02 03:20:20,ATM Withdrawal,Standard,26,"54,634.00",1,Low,1
TX002408,C0477,462.95,2024-04-21 11:07:43,Electronics,Basic,44,"19,024.00",0,Low,0
TX005957,C0119,461.78,2024-02-19 23:28:51,Travel,Standard,51,"81,039.00",0,Low,0
TX005122,C0280,460.98,2024-02-24 12:02:58,ATM Withdrawal,Student,33,"13,877.00",0,Low,0
TX006180,C0301,460.82,2024-01-25 21:40:59,ATM Withdrawal,Standard,28,"54,705.00",0,Low,0
TX005668,C0085,460.71,2024-09-26 06:40:16,Electronics,Basic,28,"36,286.00",0,Low,0
TX005383,C0013,460.19,2024-10-02 18:02:21,Travel,Standard,40,"64,682.00",0,Low,0
TX007599,C0249,459.14,2024-07-15 05:24:39,Travel,Basic,59,"28,615.00",0,Low,0
TX007466,C0448,458.41,2024-01-24 20:42:25,Travel,Standard,26,"72,859.00",1,Low,0
TX006459,C0172,457.76,2024-02-19 16:10:04,Electronics,Standard,28,"72,412.00",0,Low,0
TX004950,C0274,455.64,2024-10-28 05:12:42,Travel,Basic,38,"36,827.00",0,Low,0
TX000859,C0477,455.62,2024-02-05 22:21:42,Travel,Basic,44,"19,024.00",0,Low,0
TX006121,C0131,455.53,2024-09-14 05:26:34,Electronics,Standard,19,"55,570.00",0,Low,0
TX005718,C0251,454.12,2024-01-15 14:54:50,Electronics,Standard,22,"38,555.00",0,Low,0
TX001391,C0013,454.11,2024-06-12 17:44:56,Electronics,Standard,40,"64,682.00",0,Low,0
TX007319,C0493,454.1,2024-08-04 06:34:10,Electronics,Basic,38,"30,256.00",0,Low,0
TX001116,C0294,454.04,2024-11-04 13:28:16,Electronics,Basic,48,"22,253.00",0,Low,0
TX005934,C0461,452.26,2024-10-20 08:17:06,ATM Withdrawal,Standard,61,"46,806.00",0,Low,0
TX006326,C0019,451.12,2024-06-07 22:00:20,Travel,Premium,27,"87,141.00",0,Low,0
TX002588,C0314,450.62,2024-01-04 02:14:19,Electronics,Student,47,"21,998.00",0,Low,1
TX002941,C0040,450.45,2024-12-09 19:14:50,ATM Withdrawal,Basic,40,"25,983.00",0,Low,0
TX003861,C0192,450.34,2024-11-09 10:19:53,Electronics,Basic,48,"31,910.00",0,Low,0
TX003549,C0255,450.33,2024-09-20 08:51:27,Electronics,Basic,19,"22,068.00",0,Low,0
TX001697,C0003,449.91,2024-02-20 00:26:19,Electronics,Standard,45,"73,097.00",0,Low,1
TX002859,C0171,449.17,2024-08-13 23:59:11,Electronics,Basic,27,"19,642.00",0,Low,0
TX003401,C0223,449.15,2024-04-17 19:16:35,ATM Withdrawal,Standard,46,"58,016.00",0,Low,0
TX005177,C0403,449.11,2024-01-12 01:06:49,Travel,Student,38,"16,069.00",1,Low,1
TX003054,C0451,448.99,2024-07-17 14:32:38,ATM Withdrawal,Basic,37,"9,568.00",0,Low,0
TX005833,C0499,448.68,2024-05-05 02:51:43,Electronics,Standard,27,"49,520.00",0,Low,1
TX001612,C0460,447.96,2024-07-29 12:30:57,ATM Withdrawal,Student,23,"8,000.00",0,Low,0
TX000002,C0483,447.88,2024-01-10 03:05:39,Electronics,Basic,18,"25,155.00",0,Low,1
TX006843,C0141,447.73,2024-11-17 12:44:14,Electronics,Basic,40,"20,193.00",1,Low,0
TX001054,C0239,447.45,2024-06-16 04:27:08,Electronics,Standard,30,"51,337.00",0,Low,1
TX003113,C0104,447.01,2024-07-09 17:38:35,Travel,Standard,28,"63,588.00",0,Low,0
TX001367,C0435,447,2024-11-26 10:28:56,Electronics,Basic,56,"42,246.00",0,Low,0
TX000236,C0293,446.81,2024-02-13 18:12:24,Travel,Basic,30,"34,400.00",0,Low,0
TX006750,C0114,446.76,2024-05-24 04:10:32,ATM Withdrawal,Basic,67,"25,718.00",0,Low,1
TX001828,C0312,446.67,2024-03-05 03:54:32,ATM Withdrawal,Standard,51,"45,056.00",0,Low,1
TX005137,C0301,446.62,2024-06-10 22:21:11,Travel,Standard,28,"54,705.00",0,Low,0
TX007274,C0239,446.47,2024-07-27 00:21:10,Electronics,Standard,30,"51,337.00",0,Low,1
TX000630,C0012,446.34,2024-09-21 11:21:52,Electronics,Standard,32,"66,193.00",0,Low,0
TX000513,C0076,446.09,2024-10-04 20:22:20,Travel,Standard,47,"44,784.00",0,Low,0
TX007683,C0100,445.57,2024-05-23 15:30:34,Travel,Standard,35,"50,783.00",0,Low,0
TX002164,C0391,445.54,2024-03-18 04:00:48,Electronics,Student,27,"8,000.00",0,Low,1
TX004654,C0161,445.43,2024-05-23 09:39:08,Online Shopping,Premium,26,"89,233.00",0,Low,0
TX004281,C0293,445.19,2024-05-03 03:31:17,Electronics,Basic,30,"34,400.00",0,Low,1
TX004670,C0102,444.79,2024-02-19 05:28:04,Electronics,Basic,32,"35,126.00",0,Low,0
TX007626,C0049,444.55,2024-03-09 03:25:22,Travel,Standard,42,"82,699.00",0,Low,1
TX006075,C0152,443.54,2024-08-31 16:03:25,Electronics,Premium,42,"42,708.00",0,Low,0
TX005629,C0488,443.46,2024-02-04 22:11:26,Electronics,Student,25,"12,577.00",0,Low,0
TX003872,C0192,443.43,2024-05-27 20:58:40,Electronics,Basic,48,"31,910.00",0,Low,0
TX001368,C0175,443.13,2024-02-23 18:46:27,Electronics,Premium,41,"88,592.00",0,Low,0
TX001439,C0141,442.87,2024-07-18 07:04:49,ATM Withdrawal,Basic,40,"20,193.00",1,Low,0
TX006902,C0172,442.77,2024-02-25 08:06:51,ATM Withdrawal,Standard,28,"72,412.00",0,Low,0
TX003212,C0113,442.66,2024-01-04 02:08:32,Travel,Premium,38,"121,486.00",0,Low,1
TX002231,C0111,442.11,2024-01-10 14:03:15,Travel,Standard,18,"68,427.00",0,Low,0
TX004434,C0283,441.93,2024-04-27 22:02:00,Electronics,Standard,57,"40,171.00",1,Low,0
TX000810,C0206,441.92,2024-07-17 08:26:50,Travel,Standard,26,"11,556.00",0,Low,0
TX003383,C0392,441.1,2024-04-19 21:46:48,Travel,Premium,43,"105,239.00",0,Low,0
TX007336,C0154,441.08,2024-01-23 03:37:03,Travel,Basic,40,"41,040.00",0,Low,1
TX002831,C0239,440.73,2024-05-15 20:49:12,Online Shopping,Standard,30,"51,337.00",0,Low,0
TX005797,C0431,440.5,2024-09-04 13:58:50,Travel,Student,23,"11,242.00",0,Low,0
TX006875,C0120,439.95,2024-01-16 07:39:08,Travel,Basic,47,"31,583.00",0,Low,0
TX001960,C0273,438.95,2024-09-22 16:02:14,Travel,Premium,51,"107,842.00",0,Low,0
TX004144,C0251,438.37,2024-02-12 10:30:37,Travel,Standard,22,"38,555.00",0,Low,0
TX001819,C0471,438.08,2024-11-27 09:31:39,Electronics,Standard,34,"54,590.00",0,Low,0
TX002418,C0392,437.78,2024-08-23 12:28:42,Travel,Premium,43,"105,239.00",0,Low,0
TX004972,C0472,437.49,2024-02-03 23:47:10,ATM Withdrawal,Standard,18,"41,000.00",0,Low,0
TX006865,C0312,437.23,2024-12-04 05:17:49,Electronics,Standard,51,"45,056.00",0,Low,0
TX003165,C0356,436.62,2024-02-28 00:35:54,Electronics,Premium,25,"115,005.00",1,Low,1
TX003215,C0166,436.4,2024-04-21 11:49:37,Electronics,Standard,42,"12,271.00",1,Low,0
TX003856,C0476,435.79,2024-04-21 11:55:58,ATM Withdrawal,Standard,35,"80,675.00",0,Low,0
TX003195,C0343,435.69,2024-04-14 01:12:27,Electronics,Standard,40,"63,534.00",0,Low,1
TX003488,C0196,435.64,2024-05-20 11:31:09,Travel,Student,42,"14,851.00",0,Low,0
TX000490,C0017,435.58,2024-08-08 04:29:33,Electronics,Standard,25,"58,740.00",0,Low,1
TX006952,C0409,435,2024-05-27 15:28:11,Travel,Standard,39,"63,047.00",0,Low,0
TX001164,C0047,434.84,2024-06-26 14:54:10,Electronics,Premium,32,"109,506.00",0,Low,0
TX002529,C0106,434.14,2024-04-08 00:22:57,Electronics,Basic,42,"37,397.00",0,Low,1
TX001654,C0359,433.74,2024-06-30 20:48:22,Electronics,Standard,41,"73,415.00",0,Low,0
TX001377,C0116,432.06,2024-03-27 01:24:57,Travel,Standard,41,"57,963.00",0,Low,1
TX003658,C0462,431.58,2024-08-14 12:07:13,ATM Withdrawal,Premium,38,"101,754.00",0,Low,0
TX002088,C0371,431.21,2024-08-26 22:21:56,Electronics,Standard,38,"53,331.00",0,Low,0
TX004494,C0164,430.44,2024-02-26 14:01:23,ATM Withdrawal,Premium,28,"78,881.00",0,Low,0
TX002750,C0214,430.01,2024-05-29 15:54:58,Travel,Standard,45,"83,710.00",0,Low,0
TX003117,C0258,429.64,2024-08-02 14:18:10,Travel,Standard,29,"35,153.00",0,Low,0
TX005335,C0345,429.3,2024-04-15 13:27:57,Travel,Student,32,"13,483.00",0,Low,0
TX002362,C0481,428.3,2024-08-24 12:12:59,Online Shopping,Standard,36,"44,963.00",0,Low,0
TX003544,C0076,427.97,2024-09-13 06:21:41,Electronics,Standard,47,"44,784.00",0,Low,0
TX000441,C0199,427.96,2024-08-31 15:58:51,Electronics,Premium,38,"111,979.00",0,Low,0
TX000598,C0468,427.91,2024-04-10 20:06:45,Travel,Basic,47,"22,215.00",0,Low,0
TX001647,C0211,427.57,2024-03-31 14:50:51,Electronics,Student,44,"17,451.00",1,Low,0
TX005421,C0320,427.45,2024-03-06 16:04:11,ATM Withdrawal,Premium,36,"127,432.00",0,Low,0
TX004361,C0135,426.79,2024-06-06 02:36:48,ATM Withdrawal,Standard,26,"51,139.00",0,Low,1
TX007774,C0387,426.48,2024-07-16 17:18:54,Travel,Student,42,"17,832.00",0,Low,0
TX001723,C0074,426.34,2024-06-22 05:24:36,Travel,Basic,56,"18,553.00",0,Low,0
TX001410,C0464,426.14,2024-07-07 02:41:29,Online Shopping,Student,40,"15,733.00",0,Low,1
TX003638,C0180,425.88,2024-10-24 02:52:10,ATM Withdrawal,Standard,70,"47,593.00",0,Low,1
TX005188,C0127,425.77,2024-04-28 22:37:07,Travel,Standard,26,"54,634.00",0,Low,0
TX002756,C0141,425.4,2024-01-01 12:48:26,Electronics,Basic,40,"20,193.00",0,Low,0
TX004177,C0074,425.03,2024-02-08 22:35:53,ATM Withdrawal,Basic,56,"18,553.00",0,Low,0
TX000684,C0470,424.93,2024-01-28 09:34:05,Travel,Standard,31,"52,622.00",0,Low,0
TX001195,C0365,424.86,2024-04-28 12:58:09,Travel,Student,46,"17,233.00",0,Low,0
TX001208,C0430,424.12,2024-05-01 13:40:52,Electronics,Standard,18,"25,368.00",0,Low,0
TX003789,C0195,423.98,2024-10-18 01:57:54,Travel,Standard,40,"53,925.00",0,Low,1
TX000256,C0014,423.8,2024-12-29 13:48:17,ATM Withdrawal,Student,18,"23,653.00",0,Low,0
TX005067,C0440,422.21,2024-08-05 05:52:50,Travel,Standard,37,"49,943.00",0,Low,0
TX006792,C0249,421.84,2024-08-11 04:41:55,ATM Withdrawal,Basic,59,"28,615.00",0,Low,1
TX003205,C0389,421.7,2024-01-08 07:39:31,ATM Withdrawal,Standard,49,"43,210.00",0,Low,0
TX007691,C0090,421.37,2024-09-11 18:51:55,Travel,Standard,44,"37,624.00",0,Low,0
TX001915,C0493,420.9,2024-07-08 22:11:30,Electronics,Basic,38,"30,256.00",0,Low,0
TX003756,C0208,420.67,2024-05-01 01:49:36,Electronics,Basic,44,"28,883.00",0,Low,1
TX000669,C0434,420.54,2024-07-09 17:44:07,Electronics,Basic,46,"34,799.00",0,Low,0
TX006320,C0085,420.48,2024-07-09 15:04:53,ATM Withdrawal,Basic,28,"36,286.00",1,Low,0
TX002881,C0336,420.12,2024-03-06 15:11:13,ATM Withdrawal,Basic,36,"19,041.00",0,Low,0
TX007961,C0282,418.57,2024-06-03 08:59:49,Travel,Basic,45,"29,213.00",1,Low,0
TX002642,C0114,418.55,2024-01-23 01:42:25,Travel,Basic,67,"25,718.00",0,Low,1
TX001007,C0395,418.33,2024-03-10 06:43:22,Electronics,Student,52,"16,554.00",0,Low,0
TX001850,C0267,418.02,2024-02-29 07:26:59,Travel,Standard,57,"34,156.00",0,Low,0
TX005919,C0361,417.94,2024-12-10 08:12:10,Electronics,Student,44,"21,690.00",0,Low,0
TX007765,C0082,417.77,2024-10-30 02:44:52,Electronics,Standard,42,"18,641.00",0,Low,1
TX005471,C0217,417.7,2024-03-06 03:09:12,Electronics,Premium,28,"116,102.00",0,Low,1
TX007449,C0318,417.63,2024-11-03 15:38:28,Travel,Standard,34,"68,423.00",0,Low,0
TX002512,C0493,417.44,2024-04-11 13:15:25,Electronics,Basic,38,"30,256.00",1,Low,0
TX001046,C0324,417.05,2024-07-06 07:57:52,Travel,Basic,63,"47,161.00",0,Low,0
TX002461,C0020,416.39,2024-04-18 15:55:48,Electronics,Standard,21,"59,185.00",0,Low,0
TX005921,C0129,415.91,2024-05-11 18:55:41,Electronics,Basic,39,"43,820.00",0,Low,0
TX000176,C0129,415.37,2024-03-10 11:59:27,Electronics,Basic,39,"43,820.00",0,Low,0
TX006913,C0461,414.57,2024-01-11 20:43:23,Electronics,Standard,61,"46,806.00",0,Low,0
TX002542,C0244,414.54,2024-11-09 01:01:40,Electronics,Premium,48,"111,035.00",0,Low,1
TX006554,C0416,414.06,2024-05-15 09:05:40,ATM Withdrawal,Premium,29,"114,532.00",0,Low,0
TX000075,C0226,414.06,2024-08-27 05:38:33,ATM Withdrawal,Premium,51,"125,610.00",0,Low,0
TX005055,C0425,413.91,2024-09-07 04:55:16,Electronics,Standard,45,"55,849.00",0,Low,1
TX005786,C0494,413.68,2024-03-23 06:49:48,Electronics,Basic,27,"23,972.00",1,Low,0
TX004280,C0381,413.64,2024-10-21 19:36:07,Electronics,Premium,27,"159,579.00",0,Low,0
TX005873,C0277,413.41,2024-04-20 01:39:48,Electronics,Standard,40,"56,563.00",0,Low,1
TX000046,C0049,412.9,2024-03-25 23:14:53,Travel,Standard,42,"82,699.00",0,Low,0
TX003876,C0181,412.82,2024-07-17 08:47:28,Electronics,Basic,45,"17,547.00",0,Low,0
TX003359,C0251,412.49,2024-09-22 09:59:56,Electronics,Standard,22,"38,555.00",0,Low,0
TX001566,C0361,411.63,2024-09-19 09:17:53,Electronics,Student,44,"21,690.00",0,Low,0
TX003330,C0119,410.98,2024-01-06 03:18:56,Travel,Standard,51,"81,039.00",0,Low,1
TX000826,C0424,410.26,2024-06-29 19:04:44,Travel,Premium,49,"84,390.00",0,Low,0
TX008000,C0273,410,2024-10-04 02:16:57,ATM Withdrawal,Premium,51,"107,842.00",1,Low,1
TX005537,C0359,408.71,2024-04-22 07:43:21,Electronics,Standard,41,"73,415.00",0,Low,0
TX007876,C0313,408.63,2024-03-31 20:58:19,Electronics,Basic,47,"18,779.00",0,Low,0
TX005700,C0165,408.61,2024-02-01 13:30:54,Travel,Standard,49,"66,575.00",0,Low,0
TX001465,C0072,408.53,2024-02-15 10:24:03,Electronics,Standard,56,"82,014.00",0,Low,0
TX003513,C0187,408.51,2024-06-30 12:59:25,Electronics,Premium,43,"80,350.00",0,Low,0
TX007236,C0070,408.26,2024-03-05 16:09:17,Electronics,Basic,30,"41,520.00",0,Low,0
TX005994,C0405,408.25,2024-02-29 10:32:30,Travel,Basic,32,"24,655.00",0,Low,0
TX004167,C0215,407.86,2024-11-28 02:57:52,Electronics,Basic,34,"28,474.00",0,Low,1
TX005955,C0087,407.81,2024-09-16 05:45:49,Travel,Standard,48,"40,495.00",0,Low,0
TX001725,C0013,407.46,2024-10-12 18:14:20,ATM Withdrawal,Standard,40,"64,682.00",0,Low,0
TX005184,C0037,407.45,2024-02-16 11:58:17,Travel,Premium,40,"46,559.00",0,Low,0
TX006198,C0269,407.17,2024-07-18 12:23:29,Electronics,Standard,32,"70,338.00",0,Low,0
TX002214,C0426,406.65,2024-09-17 06:49:50,Healthcare,Student,54,"17,118.00",0,Low,0
TX005202,C0444,406.34,2024-06-07 21:41:54,Travel,Student,36,"15,681.00",1,Low,0
TX006028,C0089,405.61,2024-02-07 09:10:49,Electronics,Standard,31,"54,945.00",0,Low,0
TX005821,C0185,405.54,2024-07-16 14:58:12,Electronics,Standard,35,"49,770.00",0,Low,0
TX007719,C0297,405.53,2024-01-25 21:45:27,Travel,Standard,48,"45,979.00",0,Low,0
TX006262,C0304,405.4,2024-05-22 11:02:05,Travel,Basic,45,"40,913.00",1,Low,0
TX002757,C0160,403,2024-08-27 21:58:54,Electronics,Standard,45,"44,925.00",0,Low,0
TX007054,C0279,402.65,2024-11-20 12:08:28,Electronics,Premium,38,"67,381.00",0,Low,0
TX002932,C0123,402.24,2024-04-28 02:38:16,Travel,Basic,54,"27,437.00",0,Low,1
TX004265,C0284,401.78,2024-03-13 14:52:22,Online Shopping,Basic,23,"21,171.00",0,Low,0
TX007417,C0469,401.33,2024-01-16 09:36:11,Travel,Premium,31,"125,897.00",0,Low,0
TX002759,C0372,400.98,2024-09-22 10:24:13,Electronics,Basic,43,"22,768.00",0,Low,0
TX003930,C0385,399.83,2024-07-07 11:25:00,Electronics,Standard,28,"57,003.00",0,Low,0
TX006640,C0261,399.69,2024-09-24 00:20:09,Travel,Basic,26,"24,494.00",1,Low,1
TX003865,C0138,399.64,2024-11-19 12:18:06,Electronics,Student,34,"17,588.00",0,Low,0
TX003786,C0323,399.58,2024-07-13 17:10:39,Travel,Standard,28,"42,469.00",0,Low,0
TX006350,C0469,399.35,2024-08-28 09:57:19,ATM Withdrawal,Premium,31,"125,897.00",0,Low,0
TX000205,C0234,398.99,2024-06-26 06:12:58,Electronics,Student,30,"16,315.00",1,Low,0
TX003427,C0355,398.91,2024-04-24 03:18:51,Electronics,Student,37,"16,323.00",0,Low,1
TX000857,C0183,398.59,2024-09-29 13:40:24,Travel,Premium,25,"135,022.00",0,Low,0
TX002884,C0364,397.93,2024-11-22 22:53:58,Electronics,Standard,42,"54,163.00",0,Low,0
TX006401,C0341,397.71,2024-05-12 11:51:45,Electronics,Student,28,"21,710.00",0,Low,0
TX007378,C0103,397.52,2024-03-29 18:00:56,Travel,Standard,33,"46,432.00",0,Low,0
TX006650,C0336,397.04,2024-12-13 10:38:44,Electronics,Basic,36,"19,041.00",0,Low,0
TX004755,C0208,396.95,2024-05-23 14:10:56,ATM Withdrawal,Basic,44,"28,883.00",0,Low,0
TX005639,C0034,396.74,2024-09-07 02:44:07,Online Shopping,Standard,25,"54,013.00",1,Low,1
TX003606,C0246,396.69,2024-09-02 09:59:37,Electronics,Basic,33,"41,005.00",0,Low,0
TX003819,C0387,396.52,2024-11-07 01:43:11,Electronics,Student,42,"17,832.00",0,Low,1
TX006036,C0074,396.06,2024-07-13 05:09:28,Electronics,Basic,56,"18,553.00",0,Low,0
TX007396,C0418,395.92,2024-07-04 02:15:53,Electronics,Standard,39,"63,367.00",0,Low,1
TX006239,C0461,395.34,2024-02-05 12:47:11,Travel,Standard,61,"46,806.00",0,Low,0
TX006256,C0262,395.34,2024-11-25 00:21:00,Electronics,Premium,37,"157,573.00",0,Low,1
TX000788,C0084,395.11,2024-03-29 23:04:57,Electronics,Standard,31,"66,406.00",0,Low,0
TX006636,C0377,395,2024-12-19 23:11:22,Electronics,Premium,48,"57,230.00",0,Low,0
TX007825,C0410,394.74,2024-08-14 05:09:07,Travel,Premium,44,"63,045.00",0,Low,0
TX007081,C0463,394.72,2024-07-16 11:06:41,ATM Withdrawal,Student,29,"9,084.00",0,Low,0
TX007467,C0248,394.58,2024-02-22 17:13:35,Electronics,Student,30,"15,502.00",0,Low,0
TX004700,C0020,393.96,2024-11-07 06:12:50,Electronics,Standard,21,"59,185.00",0,Low,0
TX007202,C0493,393.63,2024-04-26 04:20:33,ATM Withdrawal,Basic,38,"30,256.00",0,Low,1
TX004619,C0247,393.52,2024-12-01 00:38:40,Travel,Standard,32,"52,749.00",0,Low,1
TX005880,C0168,393.48,2024-01-02 13:37:05,Electronics,Student,60,"8,041.00",0,Low,0
TX006192,C0286,393.12,2024-03-14 16:55:19,Travel,Basic,18,"41,136.00",1,Low,0
TX002534,C0166,393,2024-06-26 03:33:36,ATM Withdrawal,Standard,42,"12,271.00",0,Low,1
TX004826,C0330,392.98,2024-05-11 03:07:45,Electronics,Standard,45,"53,052.00",0,Low,1
TX007574,C0331,392.74,2024-07-07 06:37:48,Online Shopping,Standard,37,"55,657.00",0,Low,0
TX000521,C0099,391.98,2024-12-30 23:11:33,Electronics,Basic,38,"21,987.00",0,Low,0
TX007735,C0106,391.87,2024-02-26 00:37:44,Online Shopping,Basic,42,"37,397.00",0,Low,1
TX006214,C0079,391.72,2024-09-18 05:44:06,Travel,Standard,39,"48,307.00",0,Low,0
TX006112,C0217,391.38,2024-05-18 13:25:40,ATM Withdrawal,Premium,28,"116,102.00",0,Low,0
TX000329,C0400,390.56,2024-10-19 19:34:47,Electronics,Standard,52,"53,516.00",0,Low,0
TX001639,C0452,390.42,2024-04-26 11:27:18,Electronics,Standard,49,"69,014.00",0,Low,0
TX001261,C0042,390.2,2024-02-25 01:32:34,Travel,Standard,40,"65,625.00",0,Low,1
TX000647,C0059,390.2,2024-11-14 13:01:29,Electronics,Basic,41,"29,342.00",0,Low,0
TX000902,C0147,390.05,2024-04-17 18:13:17,Travel,Standard,23,"71,180.00",0,Low,0
TX006298,C0294,389.45,2024-07-16 01:56:26,Electronics,Basic,48,"22,253.00",1,Low,1
TX001971,C0008,389.35,2024-04-10 14:41:29,Travel,Standard,47,"74,176.00",0,Low,0
TX006510,C0076,388.99,2024-11-10 14:33:56,Travel,Standard,47,"44,784.00",0,Low,0
TX003629,C0143,388.96,2024-09-30 19:37:14,ATM Withdrawal,Basic,18,"31,795.00",0,Low,0
TX003148,C0459,388.33,2024-02-05 20:23:03,Travel,Premium,31,"72,704.00",0,Low,0
TX002963,C0124,388.33,2024-12-12 07:23:01,Electronics,Standard,21,"61,362.00",0,Low,0
TX005238,C0428,388.23,2024-07-27 03:37:16,Travel,Standard,46,"62,297.00",0,Low,1
TX000039,C0360,388.1,2024-11-10 12:33:08,Electronics,Basic,28,"20,322.00",0,Low,0
TX004746,C0366,387.87,2024-07-13 00:28:16,Travel,Student,33,"15,304.00",0,Low,1
TX002957,C0062,387.32,2024-08-02 23:12:12,ATM Withdrawal,Basic,35,"33,654.00",1,Low,0
TX000063,C0347,386.78,2024-07-22 06:52:47,Travel,Basic,20,"25,346.00",0,Low,0
TX001359,C0242,385.66,2024-11-15 01:15:51,Travel,Premium,36,"53,171.00",0,Low,1
TX004264,C0292,385.66,2024-12-17 12:54:03,Electronics,Basic,32,"28,202.00",0,Low,0
TX004027,C0050,385.63,2024-11-16 00:28:22,Travel,Basic,18,"21,439.00",0,Low,1
TX000261,C0186,385.38,2024-11-17 12:22:12,Electronics,Student,46,"13,602.00",0,Low,0
TX000621,C0101,385.29,2024-04-01 18:17:46,Healthcare,Student,21,"22,190.00",1,Low,0
TX003051,C0239,384.89,2024-06-27 12:29:17,Travel,Standard,30,"51,337.00",0,Low,0
TX006645,C0010,384.62,2024-01-18 18:27:23,Electronics,Standard,44,"55,696.00",0,Low,0
TX000194,C0231,384.58,2024-12-02 23:48:23,Electronics,Premium,29,"99,079.00",0,Low,0
TX004803,C0173,384.31,2024-02-13 05:04:21,ATM Withdrawal,Standard,37,"47,984.00",0,Low,0
TX007372,C0193,384.19,2024-07-28 05:20:17,ATM Withdrawal,Premium,40,"82,228.00",0,Low,0
TX005608,C0338,383.57,2024-05-31 22:06:24,Online Shopping,Premium,34,"167,391.00",0,Low,0
TX005228,C0146,382.62,2024-08-20 04:31:24,Electronics,Basic,47,"26,328.00",0,Low,1
TX003526,C0226,382.32,2024-12-12 21:06:39,Healthcare,Premium,51,"125,610.00",0,Low,0
TX006783,C0062,381.96,2024-12-23 12:18:20,Travel,Basic,35,"33,654.00",0,Low,0
TX006496,C0005,381.56,2024-06-05 13:11:36,Travel,Basic,35,"32,949.00",0,Low,0
TX006070,C0341,381.29,2024-07-06 10:04:39,Electronics,Student,28,"21,710.00",0,Low,0
TX005882,C0336,381.29,2024-12-22 02:15:54,Travel,Basic,36,"19,041.00",0,Low,1
TX005368,C0209,381.17,2024-05-05 03:20:54,Travel,Standard,44,"71,622.00",0,Low,1
TX004298,C0285,380.63,2024-05-31 02:32:39,Travel,Basic,63,"31,439.00",1,Low,1
TX005766,C0146,380.4,2024-09-03 05:57:35,Travel,Basic,47,"26,328.00",1,Low,0
TX001939,C0446,380.17,2024-12-06 19:52:26,Electronics,Student,46,"15,012.00",0,Low,0
TX001447,C0257,380.07,2024-01-24 00:45:38,ATM Withdrawal,Basic,53,"24,888.00",1,Low,1
TX006270,C0378,379.2,2024-05-03 22:21:55,Electronics,Basic,40,"27,468.00",0,Low,0
TX003318,C0215,379.01,2024-10-06 00:52:39,ATM Withdrawal,Basic,34,"28,474.00",0,Low,1
TX007419,C0346,378.88,2024-01-02 08:23:10,Electronics,Basic,40,"28,371.00",0,Low,0
TX002032,C0241,378.79,2024-03-15 05:13:47,Travel,Premium,28,"125,684.00",0,Low,0
TX001972,C0478,378.4,2024-12-08 03:42:53,ATM Withdrawal,Premium,41,"41,593.00",0,Low,1
TX002836,C0320,378.38,2024-10-23 15:39:52,Travel,Premium,36,"127,432.00",0,Low,0
TX005579,C0484,378.17,2024-09-04 14:45:54,ATM Withdrawal,Standard,40,"82,390.00",0,Low,0
TX002120,C0378,377.93,2024-06-27 01:36:15,Electronics,Basic,40,"27,468.00",0,Low,1
TX007444,C0438,377.88,2024-09-19 09:00:33,Travel,Standard,21,"77,360.00",0,Low,0
TX002484,C0048,377.49,2024-09-13 23:30:39,Electronics,Student,50,"14,603.00",0,Low,0
TX006026,C0013,377.13,2024-05-04 05:08:33,Online Shopping,Standard,40,"64,682.00",0,Low,0
TX002877,C0312,376.7,2024-06-25 21:47:32,Electronics,Standard,51,"45,056.00",0,Low,0
TX002364,C0012,376.56,2024-02-29 23:44:30,ATM Withdrawal,Standard,32,"66,193.00",0,Low,0
TX004780,C0028,376.46,2024-03-28 17:33:38,Electronics,Basic,42,"24,399.00",0,Low,0
TX007186,C0107,375.95,2024-05-08 06:25:15,ATM Withdrawal,Premium,60,"91,788.00",0,Low,0
TX006707,C0433,375.86,2024-02-04 11:40:58,Travel,Student,34,"10,161.00",0,Low,0
TX005044,C0195,375.73,2024-07-14 23:50:08,Electronics,Standard,40,"53,925.00",0,Low,0
TX003580,C0461,375.47,2024-05-21 09:40:22,Electronics,Standard,61,"46,806.00",0,Low,0
TX003355,C0071,374.43,2024-12-12 01:13:08,Electronics,Standard,42,"44,854.00",0,Low,1
TX003541,C0387,374.31,2024-12-18 00:26:20,Travel,Student,42,"17,832.00",0,Low,1
TX004883,C0474,374.26,2024-01-20 21:49:43,Travel,Standard,54,"41,727.00",0,Low,0
TX005582,C0187,374.1,2024-07-29 05:28:15,Electronics,Premium,43,"80,350.00",0,Low,0
TX003494,C0397,373.73,2024-02-27 06:41:01,Travel,Student,18,"14,975.00",0,Low,0
TX003101,C0302,373.1,2024-04-04 03:05:04,Travel,Basic,31,"34,419.00",1,Low,1
TX006677,C0207,372.93,2024-06-03 10:05:53,ATM Withdrawal,Standard,44,"86,325.00",0,Low,0
TX004205,C0258,372.75,2024-12-22 10:12:10,Electronics,Standard,29,"35,153.00",0,Low,0
TX007362,C0223,372.25,2024-12-08 05:14:35,Travel,Standard,46,"58,016.00",0,Low,0
TX001917,C0108,371.79,2024-03-15 23:19:01,Electronics,Basic,40,"24,824.00",0,Low,0
TX004310,C0438,371.47,2024-07-19 04:16:46,Travel,Standard,21,"77,360.00",0,Low,1
TX000852,C0086,371.37,2024-01-14 02:28:34,ATM Withdrawal,Standard,31,"61,381.00",0,Low,1
TX001540,C0178,371.18,2024-09-05 21:42:01,Electronics,Standard,55,"35,755.00",0,Low,0
TX002829,C0093,369.99,2024-02-17 17:03:55,Electronics,Premium,29,"83,371.00",0,Low,0
TX002131,C0189,369.94,2024-11-28 01:36:52,Electronics,Premium,27,"101,458.00",0,Low,1
TX005110,C0220,369.93,2024-07-09 00:15:38,Travel,Basic,38,"32,919.00",0,Low,1
TX006730,C0177,369.13,2024-03-08 13:21:55,Electronics,Standard,38,"56,152.00",0,Low,0
TX003553,C0345,368.75,2024-12-05 12:41:39,ATM Withdrawal,Student,32,"13,483.00",0,Low,0
TX004301,C0326,368.71,2024-09-22 15:17:10,Electronics,Premium,23,"99,294.00",1,Low,0
TX000870,C0469,368.4,2024-07-12 21:01:01,Travel,Premium,31,"125,897.00",0,Low,0
TX003774,C0067,368.19,2024-09-12 19:43:35,Electronics,Basic,37,"31,572.00",0,Low,0
TX007454,C0456,367.34,2024-10-14 09:44:50,Electronics,Standard,28,"27,970.00",0,Low,0
TX002997,C0442,367.01,2024-05-18 05:31:19,Travel,Standard,37,"50,462.00",0,Low,0
TX006436,C0064,365.16,2024-01-13 08:48:12,Electronics,Standard,23,"61,715.00",0,Low,0
TX000909,C0307,364.89,2024-01-18 21:37:39,Electronics,Standard,53,"56,834.00",1,Low,0
TX006002,C0495,364.55,2024-11-28 22:02:11,Travel,Basic,56,"33,679.00",0,Low,0
TX005549,C0109,364.41,2024-06-16 07:19:27,Electronics,Basic,41,"35,585.00",0,Low,0
TX006143,C0118,364.23,2024-06-08 21:23:28,Electronics,Premium,23,"69,324.00",0,Low,0
TX004999,C0453,364.2,2024-12-29 04:24:47,Online Shopping,Basic,26,"19,064.00",1,Low,1
TX002601,C0443,364.14,2024-05-20 04:07:10,Electronics,Premium,18,"78,354.00",0,Low,1
TX006994,C0321,364.07,2024-04-13 20:31:51,Travel,Standard,39,"44,897.00",0,Low,0
TX000044,C0434,363.65,2024-04-15 15:02:18,Electronics,Basic,46,"34,799.00",0,Low,0
TX003835,C0366,363.31,2024-11-24 13:02:19,Electronics,Student,33,"15,304.00",0,Low,0
TX004819,C0490,363.08,2024-10-05 07:02:23,ATM Withdrawal,Basic,48,"32,394.00",0,Low,0
TX004335,C0239,362.9,2024-09-11 15:10:35,Electronics,Standard,30,"51,337.00",0,Low,0
TX006545,C0366,362.77,2024-12-08 20:27:36,Electronics,Student,33,"15,304.00",0,Low,0
TX007704,C0244,362.5,2024-07-03 17:07:32,Electronics,Premium,48,"111,035.00",0,Low,0
TX006695,C0419,362.48,2024-06-23 07:52:32,ATM Withdrawal,Standard,52,"55,155.00",0,Low,0
TX006659,C0451,362.25,2024-10-11 12:21:16,Travel,Basic,37,"9,568.00",0,Low,0
TX006836,C0166,361.92,2024-02-06 19:54:59,Travel,Standard,42,"12,271.00",0,Low,0
TX002975,C0368,361.9,2024-02-21 08:02:09,Entertainment,Standard,38,"41,189.00",0,Low,0
TX003573,C0205,361.32,2024-06-25 06:29:02,ATM Withdrawal,Standard,21,"69,970.00",0,Low,0
TX007556,C0103,361.21,2024-09-27 00:49:55,Electronics,Standard,33,"46,432.00",1,Low,1
TX000890,C0008,361.15,2024-08-02 11:07:41,Travel,Standard,47,"74,176.00",0,Low,0
TX003622,C0149,361.05,2024-11-05 06:21:27,Electronics,Student,44,"14,309.00",0,Low,0
TX005004,C0480,360.98,2024-08-18 15:04:21,Electronics,Standard,51,"51,860.00",0,Low,0
TX004728,C0065,360.65,2024-08-13 13:22:17,Travel,Premium,47,"109,281.00",0,Low,0
TX002422,C0202,360.51,2024-02-21 04:59:51,Travel,Premium,44,"30,053.00",0,Low,1
TX006231,C0100,359.23,2024-01-11 06:34:03,Travel,Standard,35,"50,783.00",0,Low,0
TX001780,C0442,359,2024-05-18 14:07:15,Healthcare,Standard,37,"50,462.00",0,Low,0
TX000759,C0460,358.48,2024-03-09 11:13:23,Travel,Student,23,"8,000.00",0,Low,0
TX005795,C0009,358.35,2024-02-14 18:56:04,Travel,Standard,32,"57,866.00",0,Low,0
TX007768,C0433,357.72,2024-05-31 17:21:24,Electronics,Student,34,"10,161.00",0,Low,0
TX000183,C0483,356.97,2024-12-25 05:17:14,Travel,Basic,18,"25,155.00",0,Low,0
TX002948,C0331,356.79,2024-10-16 00:32:25,Online Shopping,Standard,37,"55,657.00",0,Low,1
TX005351,C0244,356.71,2024-11-06 18:39:37,Electronics,Premium,48,"111,035.00",0,Low,0
TX007005,C0103,356.59,2024-02-05 18:22:24,Online Shopping,Standard,33,"46,432.00",0,Low,0
TX003281,C0293,355.97,2024-05-09 16:16:57,Travel,Basic,30,"34,400.00",0,Low,0
TX005249,C0340,355.83,2024-02-16 13:23:16,Electronics,Premium,31,"139,173.00",0,Low,0
TX007527,C0302,355.57,2024-06-19 15:44:47,ATM Withdrawal,Basic,31,"34,419.00",0,Low,0
TX002200,C0047,355.04,2024-05-24 19:07:07,ATM Withdrawal,Premium,32,"109,506.00",1,Low,0
TX002236,C0102,355.03,2024-05-20 14:41:02,Electronics,Basic,32,"35,126.00",0,Low,0
TX005269,C0117,354.95,2024-05-20 09:03:09,Online Shopping,Basic,37,"46,602.00",0,Low,0
TX007728,C0391,354.73,2024-02-06 16:30:44,Travel,Student,27,"8,000.00",0,Low,0
TX001663,C0227,354.22,2024-05-08 19:21:39,Electronics,Basic,38,"35,109.00",0,Low,0
TX003454,C0401,353.9,2024-02-28 04:18:13,Online Shopping,Standard,18,"68,786.00",0,Low,1
TX003995,C0249,353.16,2024-02-05 03:34:31,Electronics,Basic,59,"28,615.00",0,Low,1
TX006962,C0152,353.06,2024-02-03 21:05:57,Electronics,Premium,42,"42,708.00",0,Low,0
TX003560,C0084,352.82,2024-12-04 05:14:54,Electronics,Standard,31,"66,406.00",0,Low,0
TX003656,C0481,352.78,2024-01-05 17:34:31,ATM Withdrawal,Standard,36,"44,963.00",0,Low,0
TX000582,C0476,352.73,2024-11-06 21:00:26,ATM Withdrawal,Standard,35,"80,675.00",0,Low,0
TX000509,C0435,352.66,2024-01-19 08:29:36,Electronics,Basic,56,"42,246.00",1,Low,0
TX003402,C0338,352.21,2024-01-15 09:11:38,Online Shopping,Premium,34,"167,391.00",0,Low,0
TX004533,C0356,352.04,2024-01-26 20:51:21,Travel,Premium,25,"115,005.00",0,Low,0
TX006837,C0171,351.88,2024-05-31 20:01:22,Electronics,Basic,27,"19,642.00",0,Low,0
TX006117,C0433,351.64,2024-02-15 02:52:15,ATM Withdrawal,Student,34,"10,161.00",1,Low,1
TX006790,C0300,351.63,2024-06-26 10:14:39,Electronics,Premium,45,"103,214.00",0,Low,0
TX003362,C0358,351.31,2024-08-03 05:42:33,Travel,Student,34,"16,496.00",0,Low,0
TX002294,C0369,351.23,2024-06-09 00:51:55,ATM Withdrawal,Student,39,"15,677.00",0,Low,1
TX002103,C0084,351.22,2024-01-22 10:29:33,Electronics,Standard,31,"66,406.00",0,Low,0
TX007742,C0362,351.18,2024-11-01 07:44:59,Online Shopping,Premium,56,"102,570.00",0,Low,0
TX003515,C0191,350.89,2024-02-07 11:09:19,Electronics,Standard,32,"70,454.00",0,Low,0
TX003796,C0460,350.78,2024-09-23 04:52:59,Online Shopping,Student,23,"8,000.00",1,Low,1
TX001977,C0321,350.45,2024-10-06 14:37:42,Online Shopping,Standard,39,"44,897.00",1,Low,0
TX007891,C0359,350.14,2024-10-16 15:34:24,Travel,Standard,41,"73,415.00",0,Low,0
TX005829,C0459,350.02,2024-03-25 19:11:37,Healthcare,Premium,31,"72,704.00",0,Low,0
TX006786,C0468,349.81,2024-08-05 11:33:16,Electronics,Basic,47,"22,215.00",0,Low,0
TX000255,C0221,349.75,2024-12-30 10:27:39,Clothing,Premium,65,"162,102.00",1,Low,0
TX003980,C0217,349.32,2024-03-07 09:18:18,Electronics,Premium,28,"116,102.00",0,Low,0
TX003510,C0281,349.27,2024-11-08 15:43:17,Travel,Premium,39,"39,211.00",0,Low,0
TX000715,C0139,349.06,2024-06-29 05:38:46,ATM Withdrawal,Student,47,"13,067.00",0,Low,0
TX002575,C0063,349.02,2024-01-26 20:27:21,Travel,Student,24,"17,279.00",0,Low,0
TX000244,C0038,348.73,2024-12-07 04:01:36,ATM Withdrawal,Basic,18,"12,409.00",0,Low,1
TX001775,C0480,348.56,2024-12-06 19:12:55,Online Shopping,Standard,51,"51,860.00",0,Low,0
TX002912,C0006,348.56,2024-12-11 20:36:52,Online Shopping,Standard,35,"49,099.00",0,Low,0
TX004708,C0479,348.08,2024-09-10 05:38:46,Electronics,Student,74,"20,884.00",0,Low,0
TX003016,C0269,348.01,2024-02-03 23:35:49,ATM Withdrawal,Standard,32,"70,338.00",0,Low,0
TX001087,C0155,347.86,2024-06-04 18:27:09,Electronics,Premium,41,"71,233.00",1,Low,0
TX005672,C0291,347.84,2024-06-20 21:52:28,Travel,Student,35,"11,070.00",0,Low,0
TX007595,C0438,347.39,2024-06-01 23:43:49,Electronics,Standard,21,"77,360.00",0,Low,0
TX000469,C0161,346.6,2024-09-14 20:13:54,Electronics,Premium,26,"89,233.00",0,Low,0
TX007843,C0297,346.5,2024-04-15 06:52:00,Online Shopping,Standard,48,"45,979.00",0,Low,0
TX004889,C0158,345.57,2024-02-11 07:22:59,Online Shopping,Standard,43,"58,910.00",0,Low,0
TX001562,C0248,344.59,2024-08-11 08:40:03,ATM Withdrawal,Student,30,"15,502.00",0,Low,0
TX002834,C0433,343.87,2024-07-31 13:09:23,Electronics,Student,34,"10,161.00",0,Low,0
TX007832,C0179,343.65,2024-12-03 01:03:50,ATM Withdrawal,Student,34,"18,985.00",0,Low,1
TX006182,C0063,342.88,2024-12-20 19:21:19,Online Shopping,Student,24,"17,279.00",0,Low,0
TX006084,C0045,342.84,2024-11-04 17:44:48,Online Shopping,Standard,20,"35,795.00",0,Low,0
TX000116,C0149,342.59,2024-11-13 17:44:33,Electronics,Student,44,"14,309.00",0,Low,0
TX005112,C0068,342.37,2024-04-24 01:19:54,ATM Withdrawal,Basic,50,"35,672.00",0,Low,1
TX004268,C0175,342.12,2024-03-04 16:57:36,Clothing,Premium,41,"88,592.00",0,Low,0
TX000593,C0238,341.4,2024-03-18 10:10:11,ATM Withdrawal,Standard,40,"61,803.00",0,Low,0
TX004348,C0075,340.93,2024-05-13 12:15:42,Electronics,Basic,18,"31,024.00",0,Low,0
TX005243,C0168,340.57,2024-12-24 15:24:12,Travel,Student,60,"8,041.00",0,Low,0
TX002780,C0235,340.55,2024-06-07 18:27:00,Electronics,Basic,63,"32,570.00",0,Low,0
TX007914,C0367,340.09,2024-12-03 21:03:13,Travel,Student,40,"17,155.00",0,Low,0
TX000538,C0376,340.04,2024-08-09 15:29:16,ATM Withdrawal,Premium,28,"108,274.00",0,Low,0
TX004153,C0018,339.89,2024-01-04 13:10:30,Electronics,Student,41,"21,309.00",0,Low,0
TX001544,C0053,339.84,2024-01-24 16:51:58,Electronics,Basic,29,"29,635.00",0,Low,0
TX007786,C0020,339.45,2024-08-25 05:31:05,Travel,Standard,21,"59,185.00",0,Low,0
TX005299,C0381,338.84,2024-07-02 03:08:39,Electronics,Premium,27,"159,579.00",0,Low,1
TX004258,C0292,337.13,2024-07-23 12:39:58,Electronics,Basic,32,"28,202.00",0,Low,0
TX004818,C0217,337.07,2024-03-08 10:22:45,Travel,Premium,28,"116,102.00",0,Low,0
TX000453,C0082,337.04,2024-06-22 06:08:53,Travel,Standard,42,"18,641.00",0,Low,0
TX004238,C0283,336.92,2024-10-21 01:39:17,Electronics,Standard,57,"40,171.00",0,Low,1
TX003202,C0197,336.29,2024-09-04 08:36:37,Online Shopping,Standard,27,"65,914.00",0,Low,0
TX007306,C0315,336.11,2024-07-27 17:08:23,Electronics,Basic,53,"20,049.00",0,Low,0
TX002189,C0190,336,2024-02-21 01:58:01,Electronics,Student,19,"16,720.00",0,Low,1
TX004785,C0409,335.92,2024-07-16 21:58:03,Electronics,Standard,39,"63,047.00",0,Low,0
TX001309,C0374,335.55,2024-05-12 01:36:50,Healthcare,Basic,49,"39,888.00",0,Low,1
TX006572,C0496,335.49,2024-12-04 01:50:11,Electronics,Basic,44,"24,578.00",1,Low,1
TX007528,C0322,335.2,2024-05-29 06:25:34,Electronics,Basic,45,"32,231.00",0,Low,0
TX007345,C0179,334.13,2024-08-16 13:22:56,ATM Withdrawal,Student,34,"18,985.00",0,Low,0
TX003783,C0360,332.53,2024-05-24 05:11:31,ATM Withdrawal,Basic,28,"20,322.00",0,Low,0
TX000874,C0304,331.46,2024-01-29 19:45:45,Electronics,Basic,45,"40,913.00",0,Low,0
TX007116,C0074,331.38,2024-01-09 11:47:09,Electronics,Basic,56,"18,553.00",0,Low,0
TX006618,C0368,331.19,2024-10-07 09:54:00,ATM Withdrawal,Standard,38,"41,189.00",0,Low,0
TX007291,C0300,330.14,2024-06-06 21:07:19,Healthcare,Premium,45,"103,214.00",0,Low,0
TX004590,C0245,329.91,2024-12-17 00:04:10,Electronics,Standard,23,"50,536.00",0,Low,1
TX004134,C0454,329.8,2024-09-10 09:07:14,Online Shopping,Standard,44,"51,628.00",0,Low,0
TX004426,C0306,329.57,2024-01-13 05:33:00,Electronics,Standard,39,"48,558.00",0,Low,0
TX000628,C0032,329.54,2024-03-19 23:31:46,Electronics,Standard,60,"60,658.00",0,Low,0
TX003946,C0190,329.09,2024-03-25 01:50:01,Online Shopping,Student,19,"16,720.00",0,Low,1
TX001924,C0011,328.76,2024-06-15 17:33:16,ATM Withdrawal,Standard,32,"34,602.00",1,Low,0
TX007173,C0337,328.49,2024-11-28 16:40:34,Clothing,Standard,28,"53,675.00",0,Low,0
TX002388,C0214,328.4,2024-03-09 05:46:05,ATM Withdrawal,Standard,45,"83,710.00",0,Low,0
TX006462,C0343,328.12,2024-04-24 12:12:10,Electronics,Standard,40,"63,534.00",0,Low,0
TX003894,C0267,328.01,2024-07-06 15:50:14,Electronics,Standard,57,"34,156.00",0,Low,0
TX007093,C0487,327.22,2024-07-23 03:55:50,ATM Withdrawal,Standard,30,"87,359.00",0,Low,1
TX000969,C0369,327.21,2024-07-23 21:55:43,ATM Withdrawal,Student,39,"15,677.00",0,Low,0
TX003674,C0351,327.09,2024-03-04 10:26:43,Online Shopping,Standard,41,"55,511.00",0,Low,0
TX001155,C0440,327.06,2024-08-29 14:34:58,Electronics,Standard,37,"49,943.00",0,Low,0
TX004849,C0071,326.8,2024-06-27 19:53:59,Electronics,Standard,42,"44,854.00",0,Low,0
TX003373,C0296,326.67,2024-08-26 13:15:08,Travel,Student,29,"9,663.00",0,Low,0
TX001313,C0117,326.4,2024-12-11 21:34:26,Electronics,Basic,37,"46,602.00",0,Low,0
TX001716,C0118,326.31,2024-09-02 22:32:38,Electronics,Premium,23,"69,324.00",0,Low,0
TX007179,C0066,326.15,2024-12-20 19:26:11,Electronics,Basic,54,"40,633.00",0,Low,0
TX000158,C0191,325.83,2024-08-02 17:35:03,ATM Withdrawal,Standard,32,"70,454.00",0,Low,0
TX002168,C0317,325.61,2024-01-17 23:52:58,Electronics,Premium,46,"68,447.00",0,Low,0
TX000181,C0388,325.4,2024-09-23 02:42:15,Travel,Basic,60,"37,653.00",1,Low,1
TX004294,C0165,325.3,2024-11-10 22:11:05,Online Shopping,Standard,49,"66,575.00",0,Low,0
TX000322,C0047,325.25,2024-12-22 07:33:53,Online Shopping,Premium,32,"109,506.00",0,Low,0
TX003820,C0378,325.17,2024-11-06 18:09:23,Electronics,Basic,40,"27,468.00",0,Low,0
TX000367,C0260,324.81,2024-04-02 23:22:08,Groceries,Student,47,"19,039.00",0,Low,0
TX005426,C0206,324.42,2024-02-05 15:50:28,ATM Withdrawal,Standard,26,"11,556.00",0,Low,0
TX002087,C0282,324.21,2024-07-01 05:52:51,Electronics,Basic,45,"29,213.00",0,Low,0
TX007063,C0217,323.64,2024-07-25 12:05:32,ATM Withdrawal,Premium,28,"116,102.00",0,Low,0
TX006099,C0108,323.64,2024-11-25 02:32:38,ATM Withdrawal,Basic,40,"24,824.00",0,Low,1
TX007332,C0226,323.55,2024-10-05 21:30:12,Electronics,Premium,51,"125,610.00",0,Low,0
TX001543,C0500,323.54,2024-05-06 19:26:44,Electronics,Student,21,"15,738.00",0,Low,0
TX003493,C0488,323.36,2024-08-22 20:10:21,Online Shopping,Student,25,"12,577.00",0,Low,0
TX005255,C0109,322.97,2024-10-26 13:47:55,Online Shopping,Basic,41,"35,585.00",0,Low,0
TX007290,C0176,322.91,2024-12-08 15:31:54,Electronics,Standard,47,"62,155.00",0,Low,0
TX001861,C0321,322.88,2024-10-28 20:25:51,Electronics,Standard,39,"44,897.00",0,Low,0
TX004139,C0150,322.68,2024-12-16 20:27:04,Online Shopping,Student,41,"18,534.00",0,Low,0
TX006363,C0469,322.23,2024-08-27 23:05:31,Travel,Premium,31,"125,897.00",0,Low,0
TX002390,C0379,321.75,2024-06-16 00:08:30,Travel,Standard,64,"73,196.00",0,Low,1
TX002276,C0049,321.68,2024-12-19 14:01:58,Electronics,Standard,42,"82,699.00",0,Low,0
TX005149,C0147,321.47,2024-08-12 22:55:20,ATM Withdrawal,Standard,23,"71,180.00",0,Low,0
TX004054,C0194,321.43,2024-04-21 22:16:51,Travel,Basic,23,"28,429.00",0,Low,0
TX006897,C0486,321.38,2024-02-01 02:38:55,Travel,Basic,20,"26,096.00",0,Low,1
TX005918,C0288,321.05,2024-08-08 20:28:54,ATM Withdrawal,Premium,45,"42,884.00",0,Low,0
TX006516,C0077,320.91,2024-08-07 00:43:30,ATM Withdrawal,Standard,39,"67,609.00",0,Low,1
TX002041,C0359,320.85,2024-08-08 01:35:49,Travel,Standard,41,"73,415.00",0,Low,1
TX000045,C0451,320.77,2024-01-30 02:58:39,Electronics,Basic,37,"9,568.00",1,Low,1
TX001251,C0305,320.51,2024-07-04 01:54:50,ATM Withdrawal,Standard,37,"56,878.00",0,Low,1
TX007019,C0428,320.36,2024-07-01 01:43:37,ATM Withdrawal,Standard,46,"62,297.00",0,Low,1
TX002300,C0078,319.61,2024-07-01 05:53:46,Electronics,Student,34,"12,389.00",0,Low,0
TX005429,C0197,319.56,2024-03-21 02:05:13,Electronics,Standard,27,"65,914.00",0,Low,1
TX001527,C0023,319.14,2024-04-05 13:09:49,Electronics,Basic,38,"26,428.00",0,Low,0
TX002608,C0321,318.77,2024-08-07 00:04:08,Travel,Standard,39,"44,897.00",0,Low,1
TX002463,C0041,318.51,2024-06-13 03:39:19,Travel,Standard,46,"39,681.00",0,Low,1
TX007715,C0435,318.5,2024-11-30 18:07:11,Electronics,Basic,56,"42,246.00",0,Low,0
TX000711,C0150,318.45,2024-09-08 08:49:09,Healthcare,Student,41,"18,534.00",0,Low,0
TX005406,C0376,317.2,2024-06-06 14:26:39,Electronics,Premium,28,"108,274.00",0,Low,0
TX003962,C0239,316.83,2024-04-04 06:21:16,Healthcare,Standard,30,"51,337.00",0,Low,0
TX006506,C0379,316.52,2024-09-02 20:49:26,Electronics,Standard,64,"73,196.00",0,Low,0
TX002528,C0046,316.27,2024-03-18 07:49:07,Electronics,Premium,29,"116,173.00",0,Low,0
TX004302,C0319,316.23,2024-08-29 15:19:03,ATM Withdrawal,Basic,41,"27,640.00",1,Low,0
TX002009,C0278,316.15,2024-08-16 11:41:59,Travel,Standard,30,"54,061.00",0,Low,0
TX002239,C0191,316.02,2024-01-31 21:58:03,ATM Withdrawal,Standard,32,"70,454.00",1,Low,0
TX000667,C0372,315.17,2024-10-15 14:53:22,Electronics,Basic,43,"22,768.00",0,Low,0
TX004200,C0391,315.09,2024-07-16 09:07:37,Online Shopping,Student,27,"8,000.00",0,Low,0
TX005452,C0075,314.99,2024-08-21 03:43:02,ATM Withdrawal,Basic,18,"31,024.00",0,Low,1
TX006101,C0205,314.8,2024-12-21 08:33:35,ATM Withdrawal,Standard,21,"69,970.00",0,Low,0
TX006808,C0394,314.76,2024-01-08 14:16:07,Electronics,Standard,59,"22,706.00",0,Low,0
TX005849,C0207,314.44,2024-05-08 21:20:20,Travel,Standard,44,"86,325.00",0,Low,0
TX000269,C0158,314.2,2024-08-26 16:49:57,Electronics,Standard,43,"58,910.00",0,Low,0
TX007403,C0076,314.16,2024-10-13 14:54:39,ATM Withdrawal,Standard,47,"44,784.00",0,Low,0
TX007328,C0038,314.03,2024-10-16 20:24:48,ATM Withdrawal,Basic,18,"12,409.00",0,Low,0
TX004800,C0414,313.92,2024-04-25 21:16:00,Electronics,Standard,53,"62,120.00",0,Low,0
TX004824,C0497,313.91,2024-03-25 17:55:08,Electronics,Basic,25,"46,107.00",0,Low,0
TX004893,C0108,313.86,2024-02-19 09:17:11,Electronics,Basic,40,"24,824.00",0,Low,0
TX002283,C0065,313.86,2024-10-25 00:29:31,Electronics,Premium,47,"109,281.00",0,Low,1
TX002251,C0423,313.39,2024-06-02 16:51:23,ATM Withdrawal,Basic,35,"25,123.00",0,Low,0
TX007226,C0116,313.17,2024-08-24 22:05:31,Electronics,Standard,41,"57,963.00",0,Low,0
TX007376,C0159,313.15,2024-09-21 11:41:52,Online Shopping,Basic,23,"25,597.00",0,Low,0
TX006569,C0151,313.15,2024-11-14 03:54:46,ATM Withdrawal,Standard,41,"64,784.00",0,Low,1
TX004082,C0197,312.77,2024-12-25 07:45:55,Electronics,Standard,27,"65,914.00",0,Low,0
TX005431,C0089,312.69,2024-03-11 11:22:36,ATM Withdrawal,Standard,31,"54,945.00",0,Low,0
TX004788,C0467,312.62,2024-07-16 14:15:34,ATM Withdrawal,Basic,45,"30,956.00",0,Low,0
TX004186,C0025,312.58,2024-08-14 13:02:49,ATM Withdrawal,Standard,31,"71,104.00",0,Low,0
TX004853,C0189,311.82,2024-05-27 18:37:58,Online Shopping,Premium,27,"101,458.00",0,Low,0
TX000876,C0357,311.67,2024-08-14 04:39:46,Travel,Basic,37,"14,050.00",0,Low,1
TX003033,C0395,311.11,2024-03-27 16:55:22,Clothing,Student,52,"16,554.00",0,Low,0
TX005951,C0055,310.7,2024-05-29 10:52:30,ATM Withdrawal,Standard,50,"51,381.00",0,Low,0
TX007856,C0106,310.64,2024-04-27 09:32:24,Electronics,Basic,42,"37,397.00",0,Low,0
TX003760,C0492,310.5,2024-07-22 16:49:03,Electronics,Student,55,"21,246.00",1,Low,0
TX006874,C0005,310.04,2024-10-27 14:49:32,ATM Withdrawal,Basic,35,"32,949.00",1,Low,0
TX000933,C0072,310.01,2024-03-05 02:36:25,Electronics,Standard,56,"82,014.00",0,Low,1
TX007640,C0117,310.01,2024-07-14 19:19:42,Travel,Basic,37,"46,602.00",0,Low,0
TX006093,C0338,309.92,2024-02-06 04:09:56,Travel,Premium,34,"167,391.00",0,Low,1
TX006890,C0227,309.79,2024-06-09 06:35:24,Electronics,Basic,38,"35,109.00",0,Low,0
TX003594,C0111,309.28,2024-09-12 12:07:30,Electronics,Standard,18,"68,427.00",0,Low,0
TX006498,C0414,309.02,2024-02-02 12:10:36,ATM Withdrawal,Standard,53,"62,120.00",0,Low,0
TX001740,C0017,308.84,2024-04-24 11:56:46,ATM Withdrawal,Standard,25,"58,740.00",0,Low,0
TX007861,C0171,308.81,2024-03-11 05:59:50,Electronics,Basic,27,"19,642.00",0,Low,0
TX005643,C0334,308.77,2024-09-01 14:26:58,Online Shopping,Basic,29,"47,684.00",0,Low,0
TX000600,C0268,308.4,2024-12-12 01:01:41,Electronics,Premium,20,"40,638.00",1,Low,1
TX002186,C0314,308.09,2024-11-23 05:33:56,Healthcare,Student,47,"21,998.00",0,Low,0
TX005788,C0052,307.84,2024-04-07 14:03:17,Electronics,Basic,33,"24,464.00",0,Low,0
TX006233,C0272,307.82,2024-11-01 11:32:35,Travel,Standard,20,"63,458.00",0,Low,0
TX004544,C0151,307.78,2024-05-14 17:02:28,Healthcare,Standard,41,"64,784.00",0,Low,0
TX006407,C0443,307.77,2024-11-03 03:18:11,ATM Withdrawal,Premium,18,"78,354.00",0,Low,1
TX005302,C0035,307.53,2024-05-13 22:39:26,Travel,Standard,47,"46,672.00",0,Low,0
TX002073,C0278,306.85,2024-11-29 17:32:06,Travel,Standard,30,"54,061.00",0,Low,0
TX004510,C0280,306.41,2024-07-10 06:51:04,Electronics,Student,33,"13,877.00",0,Low,0
TX000224,C0211,305.86,2024-09-30 00:15:57,ATM Withdrawal,Student,44,"17,451.00",0,Low,1
TX006377,C0422,305.74,2024-03-27 21:33:11,ATM Withdrawal,Student,59,"13,779.00",0,Low,0
TX004399,C0004,305.73,2024-09-22 09:27:28,Travel,Student,56,"11,732.00",0,Low,0
TX007603,C0335,305.66,2024-12-02 13:58:59,ATM Withdrawal,Standard,49,"46,637.00",0,Low,0
TX007225,C0362,305.48,2024-10-14 08:47:37,ATM Withdrawal,Premium,56,"102,570.00",0,Low,0
TX005145,C0111,305.44,2024-08-05 14:01:23,ATM Withdrawal,Standard,18,"68,427.00",0,Low,0
TX000955,C0355,304.83,2024-05-13 12:11:21,Clothing,Student,37,"16,323.00",0,Low,0
TX000946,C0136,304.55,2024-02-12 00:53:11,ATM Withdrawal,Basic,56,"16,651.00",0,Low,1
TX007494,C0093,304.41,2024-10-01 05:27:30,Electronics,Premium,29,"83,371.00",0,Low,0
TX007928,C0411,304.02,2024-04-03 04:03:49,Electronics,Standard,46,"55,422.00",1,Low,1
TX007829,C0430,303.77,2024-02-25 08:38:03,Electronics,Standard,18,"25,368.00",0,Low,0
TX006799,C0055,303.64,2024-04-25 06:50:50,Healthcare,Standard,50,"51,381.00",0,Low,0
TX004986,C0398,303.5,2024-08-11 09:35:26,ATM Withdrawal,Standard,54,"67,577.00",0,Low,0
TX006367,C0306,302.36,2024-02-21 07:18:24,ATM Withdrawal,Standard,39,"48,558.00",0,Low,0
TX003150,C0405,302.22,2024-02-19 01:13:01,Electronics,Basic,32,"24,655.00",0,Low,1
TX000217,C0020,302.18,2024-07-21 20:31:49,ATM Withdrawal,Standard,21,"59,185.00",0,Low,0
TX007903,C0187,301.86,2024-05-16 22:17:12,ATM Withdrawal,Premium,43,"80,350.00",0,Low,0
TX007215,C0259,301.69,2024-08-23 22:50:35,ATM Withdrawal,Standard,43,"79,630.00",0,Low,0
TX007296,C0310,301.61,2024-05-11 22:29:36,ATM Withdrawal,Standard,35,"55,608.00",0,Low,0
TX007707,C0398,301.06,2024-09-10 11:41:41,Electronics,Standard,54,"67,577.00",0,Low,0
TX001230,C0087,300.94,2024-12-03 07:35:28,Online Shopping,Standard,48,"40,495.00",0,Low,0
TX000447,C0384,300.89,2024-09-19 12:50:23,Electronics,Basic,31,"27,527.00",0,Low,0
TX007194,C0069,300.86,2024-05-24 06:52:15,ATM Withdrawal,Premium,42,"87,307.00",0,Low,0
TX004479,C0073,300.81,2024-02-19 04:15:13,Healthcare,Standard,37,"54,397.00",0,Low,1
TX004940,C0235,300.76,2024-03-27 19:48:51,Electronics,Basic,63,"32,570.00",0,Low,0
TX003328,C0239,300.55,2024-03-13 18:52:07,Clothing,Standard,30,"51,337.00",0,Low,0
TX001073,C0331,299.82,2024-08-08 23:32:19,Online Shopping,Standard,37,"55,657.00",0,Low,0
TX002055,C0449,299.15,2024-12-30 20:15:02,ATM Withdrawal,Standard,31,"69,243.00",0,Low,0
TX000018,C0499,299.1,2024-08-03 01:58:02,ATM Withdrawal,Standard,27,"49,520.00",0,Low,1
TX003249,C0460,298.16,2024-08-29 02:14:44,ATM Withdrawal,Student,23,"8,000.00",0,Low,1
TX000968,C0302,297.96,2024-11-18 17:53:50,Online Shopping,Basic,31,"34,419.00",1,Low,0
TX003531,C0200,297.87,2024-07-23 10:55:17,ATM Withdrawal,Standard,24,"53,789.00",0,Low,0
TX004468,C0363,297.34,2024-10-15 21:14:39,Online Shopping,Basic,36,"24,359.00",0,Low,0
TX006204,C0282,297.31,2024-04-24 19:32:18,Online Shopping,Basic,45,"29,213.00",0,Low,0
TX002012,C0377,296.97,2024-12-20 21:15:44,ATM Withdrawal,Premium,48,"57,230.00",0,Low,0
TX003734,C0228,296.93,2024-03-11 06:24:30,Online Shopping,Standard,25,"37,854.00",0,Low,0
TX004039,C0463,296.75,2024-02-26 11:51:37,Electronics,Student,29,"9,084.00",0,Low,0
TX003581,C0273,296.52,2024-08-07 04:46:59,Online Shopping,Premium,51,"107,842.00",0,Low,1
TX000658,C0418,296.17,2024-08-17 17:56:39,Healthcare,Standard,39,"63,367.00",0,Low,0
TX007510,C0029,295.81,2024-03-15 02:17:03,Healthcare,Basic,30,"39,560.00",0,Low,1
TX007390,C0492,295.76,2024-05-05 03:48:24,Electronics,Student,55,"21,246.00",0,Low,1
TX003396,C0036,295.44,2024-03-13 21:48:16,Electronics,Standard,23,"83,217.00",0,Low,0
TX007708,C0059,295.44,2024-09-30 15:41:18,Electronics,Basic,41,"29,342.00",0,Low,0
TX001889,C0226,295.16,2024-08-12 08:07:08,Online Shopping,Premium,51,"125,610.00",0,Low,0
TX003055,C0222,294.84,2024-03-08 11:33:34,Electronics,Standard,18,"54,135.00",0,Low,0
TX000892,C0343,294.74,2024-06-03 20:56:46,Online Shopping,Standard,40,"63,534.00",0,Low,0
TX005605,C0024,294.6,2024-02-02 12:52:38,Travel,Standard,20,"57,911.00",0,Low,0
TX007991,C0166,294.27,2024-09-13 23:27:12,Electronics,Standard,42,"12,271.00",1,Low,0
TX001923,C0050,294.04,2024-07-06 08:03:03,Electronics,Basic,18,"21,439.00",0,Low,0
TX003817,C0066,293.85,2024-03-07 04:41:45,Electronics,Basic,54,"40,633.00",0,Low,1
TX006042,C0166,293.67,2024-10-25 21:04:47,Electronics,Standard,42,"12,271.00",0,Low,0
TX004563,C0493,293.56,2024-02-08 12:18:15,Electronics,Basic,38,"30,256.00",0,Low,0
TX001721,C0303,293.35,2024-09-08 03:15:44,Electronics,Premium,46,"96,717.00",0,Low,1
TX000271,C0403,293.27,2024-10-25 05:49:56,Electronics,Student,38,"16,069.00",0,Low,0
TX000051,C0105,292.92,2024-05-15 02:47:06,ATM Withdrawal,Standard,36,"75,990.00",0,Low,1
TX005993,C0228,291.79,2024-11-04 12:39:12,Electronics,Standard,25,"37,854.00",0,Low,0
TX004102,C0006,291.64,2024-01-01 02:30:59,Online Shopping,Standard,35,"49,099.00",0,Low,1
TX002499,C0079,291.52,2024-09-16 15:49:07,ATM Withdrawal,Standard,39,"48,307.00",0,Low,0
TX000005,C0133,291.36,2024-09-25 19:29:16,ATM Withdrawal,Standard,25,"64,202.00",1,Low,0
TX002304,C0162,291,2024-09-18 01:28:14,Travel,Standard,47,"72,590.00",0,Low,1
TX005175,C0187,290.9,2024-11-18 01:51:29,Healthcare,Premium,43,"80,350.00",0,Low,1
TX007853,C0110,290.46,2024-09-19 14:50:22,ATM Withdrawal,Student,37,"16,573.00",0,Low,0
TX003432,C0343,290.06,2024-11-06 23:30:31,ATM Withdrawal,Standard,40,"63,534.00",0,Low,0
TX000118,C0392,290.01,2024-08-21 05:11:51,Online Shopping,Premium,43,"105,239.00",0,Low,0
TX003351,C0494,289.79,2024-05-05 02:20:22,Healthcare,Basic,27,"23,972.00",0,Low,1
TX003307,C0318,289.19,2024-04-25 11:31:08,ATM Withdrawal,Standard,34,"68,423.00",0,Low,0
TX001992,C0036,289.12,2024-07-02 22:07:39,Online Shopping,Standard,23,"83,217.00",0,Low,0
TX000142,C0283,289.03,2024-07-19 16:16:46,Electronics,Standard,57,"40,171.00",0,Low,0
TX002345,C0313,288.97,2024-05-31 19:56:41,Clothing,Basic,47,"18,779.00",0,Low,0
TX002695,C0129,288.78,2024-06-15 03:31:57,Healthcare,Basic,39,"43,820.00",0,Low,1
TX006813,C0128,288.66,2024-03-21 04:35:33,Electronics,Student,31,"23,569.00",1,Low,1
TX007699,C0479,288.57,2024-02-08 09:46:01,ATM Withdrawal,Student,74,"20,884.00",0,Low,0
TX003941,C0166,288.46,2024-03-18 04:53:23,Groceries,Standard,42,"12,271.00",0,Low,1
TX006105,C0476,288.44,2024-09-15 07:56:36,ATM Withdrawal,Standard,35,"80,675.00",0,Low,0
TX007575,C0216,288.43,2024-10-13 21:08:16,Electronics,Standard,47,"58,261.00",0,Low,0
TX000923,C0067,288.35,2024-08-17 07:27:12,Electronics,Basic,37,"31,572.00",0,Low,0
TX007189,C0227,287.43,2024-07-05 06:28:37,Healthcare,Basic,38,"35,109.00",0,Low,0
TX002735,C0039,287.24,2024-07-20 21:04:50,Travel,Standard,22,"61,600.00",0,Low,0
TX007635,C0455,286.71,2024-03-03 17:11:35,Clothing,Standard,31,"37,448.00",0,Low,0
TX001957,C0059,286.46,2024-03-06 03:25:44,Travel,Basic,41,"29,342.00",0,Low,1
TX002080,C0256,286.41,2024-12-07 04:28:56,Online Shopping,Standard,32,"22,699.00",0,Low,1
TX004842,C0004,286.16,2024-09-27 23:07:55,Electronics,Student,56,"11,732.00",1,Low,0
TX005767,C0407,285.99,2024-11-20 02:41:11,Online Shopping,Standard,25,"52,375.00",0,Low,1
TX000821,C0120,285.83,2024-10-23 03:56:31,Online Shopping,Basic,47,"31,583.00",0,Low,1
TX001506,C0118,285.77,2024-01-13 16:50:20,Electronics,Premium,23,"69,324.00",0,Low,0
TX003705,C0104,285.76,2024-05-01 03:17:58,Electronics,Standard,28,"63,588.00",0,Low,1
TX006841,C0306,285.74,2024-01-18 04:09:07,Electronics,Standard,39,"48,558.00",0,Low,1
TX007842,C0246,284.83,2024-08-24 12:53:12,Electronics,Basic,33,"41,005.00",0,Low,0
TX003754,C0456,284.82,2024-02-26 02:53:24,Clothing,Standard,28,"27,970.00",0,Low,1
TX000786,C0030,284.76,2024-10-31 16:10:54,Healthcare,Standard,34,"32,152.00",0,Low,0
TX002267,C0141,284.6,2024-10-24 15:33:54,ATM Withdrawal,Basic,40,"20,193.00",0,Low,0
TX004863,C0299,284.1,2024-10-14 05:25:04,Electronics,Standard,47,"31,105.00",0,Low,0
TX001801,C0471,283.99,2024-07-12 19:55:24,ATM Withdrawal,Standard,34,"54,590.00",0,Low,0
TX001273,C0300,283.91,2024-02-27 22:37:00,Online Shopping,Premium,45,"103,214.00",0,Low,0
TX002114,C0103,283.42,2024-07-03 14:13:13,Electronics,Standard,33,"46,432.00",0,Low,0
TX007149,C0259,282.31,2024-01-23 03:08:10,ATM Withdrawal,Standard,43,"79,630.00",0,Low,1
TX006465,C0139,282.22,2024-07-07 11:21:54,Groceries,Student,47,"13,067.00",0,Low,0
TX007673,C0180,282.13,2024-08-11 18:07:15,Electronics,Standard,70,"47,593.00",0,Low,0
TX002213,C0287,281.99,2024-10-18 06:57:47,Electronics,Standard,36,"68,774.00",0,Low,0
TX001335,C0371,281.27,2024-09-03 20:56:21,ATM Withdrawal,Standard,38,"53,331.00",0,Low,0
TX007293,C0087,280.64,2024-04-10 00:33:06,Electronics,Standard,48,"40,495.00",0,Low,1
TX005719,C0366,280.5,2024-06-20 18:55:01,Electronics,Student,33,"15,304.00",0,Low,0
TX005544,C0224,280.44,2024-10-14 12:56:23,ATM Withdrawal,Basic,18,"38,405.00",0,Low,0
TX007518,C0221,280.33,2024-07-19 22:50:07,Electronics,Premium,65,"162,102.00",0,Low,0
TX000904,C0308,279.87,2024-08-28 06:05:35,Travel,Standard,30,"63,149.00",1,Low,0
TX001537,C0160,279.81,2024-11-24 00:25:41,Travel,Standard,45,"44,925.00",1,Low,1
TX003875,C0237,279.73,2024-07-20 07:57:48,ATM Withdrawal,Basic,18,"42,909.00",0,Low,0
TX004410,C0480,279.25,2024-11-03 21:27:56,ATM Withdrawal,Standard,51,"51,860.00",0,Low,0
TX004540,C0148,278.78,2024-01-23 03:44:01,Healthcare,Basic,22,"29,691.00",0,Low,1
TX000639,C0021,278.65,2024-07-13 23:01:24,ATM Withdrawal,Student,55,"17,431.00",0,Low,0
TX004558,C0206,277.75,2024-03-31 19:09:50,ATM Withdrawal,Standard,26,"11,556.00",0,Low,0
TX005032,C0122,277.74,2024-08-12 20:06:06,Electronics,Basic,27,"26,128.00",0,Low,0
TX001311,C0064,277.65,2024-03-06 19:06:11,ATM Withdrawal,Standard,23,"61,715.00",1,Low,0
TX002416,C0361,277.64,2024-08-19 22:59:39,Healthcare,Student,44,"21,690.00",1,Low,0
TX001979,C0039,277.35,2024-01-06 17:03:25,ATM Withdrawal,Standard,22,"61,600.00",0,Low,0
TX003715,C0450,277.24,2024-06-11 16:02:42,Electronics,Basic,25,"18,120.00",0,Low,0
TX002187,C0306,277.17,2024-05-01 01:57:12,Travel,Standard,39,"48,558.00",0,Low,1
TX006759,C0351,277.13,2024-08-24 17:56:21,Travel,Standard,41,"55,511.00",0,Low,0
TX004345,C0404,276.63,2024-07-15 23:29:33,Online Shopping,Student,38,"16,286.00",0,Low,0
TX001705,C0310,276.47,2024-02-29 07:31:04,ATM Withdrawal,Standard,35,"55,608.00",0,Low,0
TX001640,C0431,276.41,2024-06-19 06:17:58,Healthcare,Student,23,"11,242.00",0,Low,0
TX000843,C0041,276.2,2024-08-25 04:34:08,ATM Withdrawal,Standard,46,"39,681.00",0,Low,1
TX000820,C0398,275.93,2024-09-14 09:47:46,Online Shopping,Standard,54,"67,577.00",0,Low,0
TX003908,C0220,275.84,2024-03-16 11:20:27,Electronics,Basic,38,"32,919.00",0,Low,0
TX007300,C0156,275.83,2024-04-11 10:41:36,Clothing,Student,29,"16,583.00",0,Low,0
TX005597,C0447,275.43,2024-02-06 11:43:06,ATM Withdrawal,Student,42,"16,747.00",0,Low,0
TX005348,C0490,275.07,2024-04-14 16:30:18,Online Shopping,Basic,48,"32,394.00",0,Low,0
TX000929,C0347,274.41,2024-09-24 07:28:17,ATM Withdrawal,Basic,20,"25,346.00",0,Low,0
TX002368,C0389,274.18,2024-02-28 10:47:19,Electronics,Standard,49,"43,210.00",0,Low,0
TX003591,C0264,274.15,2024-06-14 06:55:42,Online Shopping,Standard,25,"50,127.00",1,Low,0
TX003808,C0471,273.92,2024-11-25 19:03:58,Electronics,Standard,34,"54,590.00",0,Low,0
TX000984,C0363,273.82,2024-06-14 13:55:09,Electronics,Basic,36,"24,359.00",0,Low,0
TX007217,C0005,273.78,2024-06-22 22:23:36,Electronics,Basic,35,"32,949.00",0,Low,0
TX002621,C0295,273.64,2024-12-14 10:55:20,Travel,Standard,42,"56,580.00",0,Low,0
TX003058,C0478,273.18,2024-06-11 16:59:28,Online Shopping,Premium,41,"41,593.00",0,Low,0
TX004196,C0085,273.17,2024-07-29 11:35:13,Electronics,Basic,28,"36,286.00",0,Low,0
TX001499,C0392,272.27,2024-05-12 14:36:19,Online Shopping,Premium,43,"105,239.00",0,Low,0
TX004484,C0352,272.23,2024-09-11 10:03:03,Healthcare,Standard,55,"43,450.00",0,Low,0
TX000723,C0272,272.15,2024-11-01 02:59:50,Electronics,Standard,20,"63,458.00",0,Low,1
TX003903,C0447,271.88,2024-03-20 20:51:19,ATM Withdrawal,Student,42,"16,747.00",0,Low,0
TX003331,C0313,271.85,2024-04-27 14:35:13,Online Shopping,Basic,47,"18,779.00",0,Low,0
TX004129,C0297,271.52,2024-10-20 01:46:26,Online Shopping,Standard,48,"45,979.00",0,Low,1
TX003203,C0191,271.19,2024-04-08 05:10:19,Travel,Standard,32,"70,454.00",0,Low,0
TX002908,C0194,270.88,2024-09-11 15:12:31,Electronics,Basic,23,"28,429.00",0,Low,0
TX004203,C0382,270.82,2024-09-07 12:19:35,Clothing,Standard,30,"60,899.00",0,Low,0
TX003442,C0181,270.49,2024-05-26 06:48:39,Electronics,Basic,45,"17,547.00",0,Low,0
TX004750,C0117,269.63,2024-12-04 02:49:32,ATM Withdrawal,Basic,37,"46,602.00",0,Low,1
TX001019,C0445,269.53,2024-01-26 01:01:29,Electronics,Student,22,"15,642.00",0,Low,1
TX001236,C0285,268.32,2024-02-25 02:23:12,ATM Withdrawal,Basic,63,"31,439.00",0,Low,1
TX001490,C0450,268.25,2024-01-16 11:01:52,Clothing,Basic,25,"18,120.00",0,Low,0
TX001787,C0208,268.2,2024-09-17 15:52:39,ATM Withdrawal,Basic,44,"28,883.00",0,Low,0
TX003527,C0208,267.74,2024-05-12 14:52:48,ATM Withdrawal,Basic,44,"28,883.00",1,Low,0
TX000592,C0432,267.72,2024-03-07 08:55:01,Healthcare,Standard,18,"52,838.00",0,Low,0
TX002689,C0303,267.72,2024-10-21 14:15:53,Online Shopping,Premium,46,"96,717.00",0,Low,0
TX000079,C0273,267.66,2024-04-06 16:21:00,Online Shopping,Premium,51,"107,842.00",0,Low,0
TX000605,C0365,267.54,2024-09-09 01:44:16,Electronics,Student,46,"17,233.00",0,Low,1
TX000653,C0131,267.33,2024-12-09 11:43:01,Clothing,Standard,19,"55,570.00",0,Low,0
TX003094,C0405,267.28,2024-02-16 01:23:21,ATM Withdrawal,Basic,32,"24,655.00",0,Low,1
TX003627,C0467,267.23,2024-09-01 15:25:35,Travel,Basic,45,"30,956.00",1,Low,0
TX007066,C0185,267.19,2024-06-22 10:59:35,ATM Withdrawal,Standard,35,"49,770.00",0,Low,0
TX007923,C0207,267.01,2024-12-02 09:14:40,Electronics,Standard,44,"86,325.00",0,Low,0
TX002649,C0354,266.84,2024-01-31 02:04:03,Online Shopping,Student,36,"8,776.00",0,Low,1
TX001524,C0031,266.82,2024-07-01 03:37:30,Electronics,Basic,30,"25,528.00",0,Low,1
TX000753,C0117,266.26,2024-05-27 12:34:24,Online Shopping,Basic,37,"46,602.00",0,Low,0
TX003921,C0052,266.12,2024-07-17 16:30:23,ATM Withdrawal,Basic,33,"24,464.00",0,Low,0
TX002098,C0405,266.01,2024-09-19 21:56:47,Electronics,Basic,32,"24,655.00",0,Low,0
TX006443,C0175,266,2024-09-18 20:18:05,Electronics,Premium,41,"88,592.00",0,Low,0
TX003718,C0293,265.91,2024-08-14 17:06:49,Electronics,Basic,30,"34,400.00",0,Low,0
TX007747,C0100,265.86,2024-05-22 13:49:01,Healthcare,Standard,35,"50,783.00",0,Low,0
TX005361,C0191,265.69,2024-06-12 00:40:54,Travel,Standard,32,"70,454.00",0,Low,1
TX006357,C0460,265.28,2024-01-31 15:13:22,Entertainment,Student,23,"8,000.00",0,Low,0
TX004778,C0279,264.63,2024-08-16 07:35:43,Electronics,Premium,38,"67,381.00",0,Low,0
TX004929,C0118,264.6,2024-08-16 15:43:37,ATM Withdrawal,Premium,23,"69,324.00",0,Low,0
TX003106,C0056,264.58,2024-05-25 00:49:47,ATM Withdrawal,Standard,49,"60,280.00",0,Low,1
TX003295,C0008,264.02,2024-07-01 16:10:54,ATM Withdrawal,Standard,47,"74,176.00",0,Low,0
TX003263,C0375,263.5,2024-07-14 03:24:12,ATM Withdrawal,Standard,63,"71,369.00",0,Low,1
TX006355,C0477,263.4,2024-01-08 06:24:02,Electronics,Basic,44,"19,024.00",0,Low,0
TX007898,C0436,263.35,2024-02-25 18:31:00,Electronics,Standard,38,"73,281.00",0,Low,0
TX002548,C0271,263.29,2024-02-18 03:33:31,Electronics,Basic,55,"41,074.00",0,Low,1
TX000216,C0377,263.1,2024-12-29 07:54:09,ATM Withdrawal,Premium,48,"57,230.00",0,Low,0
TX000719,C0419,262.98,2024-04-27 15:32:13,Electronics,Standard,52,"55,155.00",0,Low,0
TX005042,C0016,262.88,2024-08-16 22:16:34,Electronics,Standard,31,"58,287.00",0,Low,0
TX005275,C0025,262.3,2024-02-19 00:16:13,Healthcare,Standard,31,"71,104.00",0,Low,1
TX002917,C0292,261.6,2024-11-17 19:02:48,Electronics,Basic,32,"28,202.00",0,Low,0
TX001891,C0224,261.16,2024-02-18 18:03:45,ATM Withdrawal,Basic,18,"38,405.00",0,Low,0
TX004451,C0444,260.99,2024-10-15 00:53:58,Online Shopping,Student,36,"15,681.00",0,Low,1
TX000627,C0275,260.56,2024-03-08 13:54:45,Electronics,Student,26,"18,035.00",0,Low,0
TX006805,C0231,260.02,2024-12-08 17:19:43,ATM Withdrawal,Premium,29,"99,079.00",0,Low,0
TX006542,C0333,259.8,2024-03-26 17:12:39,ATM Withdrawal,Basic,38,"37,711.00",0,Low,0
TX000996,C0307,259.7,2024-01-12 22:35:40,Healthcare,Standard,53,"56,834.00",0,Low,0
TX003871,C0061,259.63,2024-07-31 09:21:38,Online Shopping,Premium,32,"100,281.00",0,Low,0
TX001981,C0187,259.48,2024-02-06 19:51:18,Clothing,Premium,43,"80,350.00",0,Low,0
TX001866,C0216,259.38,2024-02-21 07:45:36,Electronics,Standard,47,"58,261.00",0,Low,0
TX002244,C0489,259.02,2024-03-02 21:32:47,ATM Withdrawal,Basic,58,"35,936.00",0,Low,0
TX003585,C0498,258.76,2024-12-23 12:25:35,Travel,Basic,35,"31,092.00",0,Low,0
TX001504,C0055,258.7,2024-08-09 18:20:19,Online Shopping,Standard,50,"51,381.00",0,Low,0
TX000698,C0163,258.59,2024-12-06 18:56:08,Travel,Basic,51,"34,348.00",0,Low,0
TX002509,C0098,258.52,2024-11-17 05:53:44,Clothing,Basic,41,"24,544.00",0,Low,0
TX004508,C0125,258.32,2024-07-15 17:15:32,Travel,Standard,45,"62,842.00",0,Low,0
TX003304,C0439,258.28,2024-07-26 19:58:31,ATM Withdrawal,Standard,18,"57,230.00",0,Low,0
TX007567,C0237,258.18,2024-07-06 02:47:14,ATM Withdrawal,Basic,18,"42,909.00",0,Low,1
TX001394,C0189,258.14,2024-04-03 09:53:37,Travel,Premium,27,"101,458.00",1,Low,0
TX007815,C0030,257.87,2024-08-21 19:35:07,ATM Withdrawal,Standard,34,"32,152.00",1,Low,0
TX000957,C0142,257.84,2024-01-06 01:55:38,Electronics,Student,53,"9,142.00",0,Low,1
TX006411,C0313,257.78,2024-10-14 21:54:42,Online Shopping,Basic,47,"18,779.00",0,Low,0
TX000952,C0093,257.77,2024-12-23 16:17:38,Electronics,Premium,29,"83,371.00",0,Low,0
TX007038,C0389,257.66,2024-12-13 09:57:30,Online Shopping,Standard,49,"43,210.00",0,Low,0
TX003516,C0422,257.51,2024-05-30 12:05:08,Healthcare,Student,59,"13,779.00",0,Low,0
TX001618,C0218,257.5,2024-08-16 21:57:24,ATM Withdrawal,Standard,35,"62,435.00",1,Low,0
TX001844,C0441,257.42,2024-06-29 06:40:22,Electronics,Basic,42,"25,092.00",0,Low,0
TX004935,C0405,257.29,2024-06-16 09:42:34,Online Shopping,Basic,32,"24,655.00",0,Low,0
TX005248,C0432,257.27,2024-05-27 12:46:09,ATM Withdrawal,Standard,18,"52,838.00",0,Low,0
TX007484,C0292,257.05,2024-11-14 14:10:44,ATM Withdrawal,Basic,32,"28,202.00",0,Low,0
TX005782,C0070,256.84,2024-07-30 17:50:44,Electronics,Basic,30,"41,520.00",0,Low,0
TX002869,C0282,256.7,2024-07-10 22:07:52,Healthcare,Basic,45,"29,213.00",0,Low,0
TX005575,C0373,256.56,2024-10-20 15:00:46,Electronics,Premium,55,"67,934.00",0,Low,0
TX004559,C0198,256.39,2024-08-16 05:50:50,Online Shopping,Standard,39,"55,779.00",0,Low,0
TX001097,C0081,256.32,2024-10-23 07:05:56,ATM Withdrawal,Standard,35,"48,215.00",0,Low,0
TX004192,C0266,256.17,2024-12-25 07:17:50,Clothing,Basic,23,"48,327.00",0,Low,0
TX000756,C0500,256.11,2024-08-28 01:06:17,Online Shopping,Student,21,"15,738.00",0,Low,1
TX005439,C0130,255.82,2024-09-15 10:44:16,Online Shopping,Standard,31,"61,544.00",0,Low,0
TX005902,C0452,255.76,2024-06-11 18:43:14,Online Shopping,Standard,49,"69,014.00",0,Low,0
TX002400,C0391,255.75,2024-08-13 08:05:49,Electronics,Student,27,"8,000.00",1,Low,0
TX000119,C0302,255.65,2024-08-10 06:34:44,ATM Withdrawal,Basic,31,"34,419.00",0,Low,0
TX007524,C0361,255.09,2024-06-18 19:37:02,ATM Withdrawal,Student,44,"21,690.00",0,Low,0
TX001685,C0100,254.65,2024-09-05 08:17:31,Online Shopping,Standard,35,"50,783.00",0,Low,0
TX001770,C0233,254.58,2024-04-15 11:40:34,Healthcare,Basic,38,"29,486.00",0,Low,0
TX002681,C0497,254.43,2024-09-20 01:54:21,Online Shopping,Basic,25,"46,107.00",0,Low,1
TX003062,C0405,254.34,2024-04-08 00:36:11,Travel,Basic,32,"24,655.00",0,Low,1
TX006051,C0216,254.28,2024-05-04 20:18:55,ATM Withdrawal,Standard,47,"58,261.00",0,Low,0
TX006428,C0226,254.14,2024-03-26 22:38:00,ATM Withdrawal,Premium,51,"125,610.00",0,Low,0
TX000444,C0154,253.87,2024-12-12 18:20:49,Electronics,Basic,40,"41,040.00",0,Low,0
TX007932,C0027,253.74,2024-06-27 08:19:38,Electronics,Student,24,"15,531.00",0,Low,0
TX007660,C0128,253.62,2024-10-21 18:16:36,Electronics,Student,31,"23,569.00",1,Low,0
TX000313,C0401,253.53,2024-04-01 01:52:49,Electronics,Standard,18,"68,786.00",0,Low,1
TX004424,C0459,253.07,2024-06-10 16:20:16,Electronics,Premium,31,"72,704.00",0,Low,0
TX007209,C0040,252.82,2024-12-24 19:16:20,Electronics,Basic,40,"25,983.00",0,Low,0
TX004516,C0146,252.49,2024-02-10 07:39:56,Groceries,Basic,47,"26,328.00",0,Low,0
TX006422,C0032,252.3,2024-11-28 01:45:09,Electronics,Standard,60,"60,658.00",0,Low,1
TX003834,C0250,251.44,2024-08-14 02:57:29,Electronics,Standard,42,"55,233.00",0,Low,1
TX007242,C0226,251.31,2024-06-11 06:30:00,ATM Withdrawal,Premium,51,"125,610.00",0,Low,0
TX001276,C0324,251.23,2024-05-29 04:49:11,Electronics,Basic,63,"47,161.00",0,Low,1
TX007060,C0068,251.18,2024-11-13 16:56:11,Travel,Basic,50,"35,672.00",0,Low,0
TX003445,C0265,251.15,2024-05-20 18:52:03,Travel,Student,34,"8,000.00",1,Low,0
TX004352,C0324,250.96,2024-10-24 14:43:37,ATM Withdrawal,Basic,63,"47,161.00",0,Low,0
TX007805,C0374,250.6,2024-05-01 04:43:39,Electronics,Basic,49,"39,888.00",0,Low,1
TX007884,C0305,250.54,2024-05-25 08:37:17,Clothing,Standard,37,"56,878.00",0,Low,0
TX005408,C0268,250.45,2024-11-09 07:11:44,Electronics,Premium,20,"40,638.00",0,Low,0
TX006711,C0199,250.14,2024-04-03 00:34:31,Online Shopping,Premium,38,"111,979.00",0,Low,1
TX007120,C0093,249.65,2024-04-25 20:16:12,Electronics,Premium,29,"83,371.00",0,Low,0
TX005900,C0302,249.58,2024-05-26 14:16:41,Electronics,Basic,31,"34,419.00",0,Low,0
TX006514,C0156,249.57,2024-02-17 12:32:46,Electronics,Student,29,"16,583.00",0,Low,0
TX005737,C0284,249.53,2024-04-21 06:22:07,ATM Withdrawal,Basic,23,"21,171.00",0,Low,0
TX004532,C0445,249.16,2024-08-09 04:09:13,Online Shopping,Student,22,"15,642.00",0,Low,1
TX007839,C0393,249.15,2024-10-04 13:55:35,ATM Withdrawal,Student,22,"10,586.00",0,Low,0
TX002358,C0500,248.6,2024-04-19 14:18:48,ATM Withdrawal,Student,21,"15,738.00",0,Low,0
TX001331,C0046,248.42,2024-10-22 07:13:22,Online Shopping,Premium,29,"116,173.00",0,Low,0
TX002277,C0076,248.24,2024-04-16 09:05:08,Online Shopping,Standard,47,"44,784.00",0,Low,0
TX007010,C0430,247.99,2024-11-20 07:20:29,Online Shopping,Standard,18,"25,368.00",0,Low,0
TX003919,C0247,247.84,2024-10-31 17:28:51,Electronics,Standard,32,"52,749.00",0,Low,0
TX003397,C0101,247.81,2024-04-05 23:49:36,Healthcare,Student,21,"22,190.00",0,Low,0
TX007113,C0003,247.81,2024-05-26 15:44:57,ATM Withdrawal,Standard,45,"73,097.00",0,Low,0
TX006221,C0130,247.57,2024-06-22 16:58:51,ATM Withdrawal,Standard,31,"61,544.00",0,Low,0
TX006167,C0148,247.34,2024-06-22 16:14:17,ATM Withdrawal,Basic,22,"29,691.00",0,Low,0
TX001199,C0376,247.34,2024-12-01 17:10:58,Entertainment,Premium,28,"108,274.00",0,Low,0
TX007637,C0132,247.22,2024-05-29 23:08:39,Online Shopping,Student,38,"15,480.00",0,Low,0
TX002673,C0121,247.15,2024-09-27 08:09:56,Online Shopping,Basic,47,"24,788.00",0,Low,0
TX007882,C0188,247.12,2024-01-30 04:56:23,ATM Withdrawal,Standard,37,"86,151.00",0,Low,1
TX000846,C0476,246.83,2024-11-09 15:50:15,ATM Withdrawal,Standard,35,"80,675.00",0,Low,0
TX007587,C0028,246.74,2024-05-16 18:22:24,Entertainment,Basic,42,"24,399.00",0,Low,0
TX005114,C0249,246.7,2024-04-23 22:22:18,Online Shopping,Basic,59,"28,615.00",0,Low,0
TX006216,C0279,246.69,2024-02-09 22:11:10,Electronics,Premium,38,"67,381.00",0,Low,0
TX005927,C0402,246.45,2024-05-08 05:52:12,ATM Withdrawal,Basic,30,"27,677.00",0,Low,0
TX006642,C0083,246.38,2024-12-15 10:50:54,Clothing,Standard,55,"31,241.00",0,Low,0
TX007253,C0381,246.23,2024-06-29 05:45:50,ATM Withdrawal,Premium,27,"159,579.00",0,Low,0
TX002617,C0073,246.1,2024-09-29 23:06:37,Electronics,Standard,37,"54,397.00",1,Low,0
TX005244,C0435,246.02,2024-05-05 15:45:29,Online Shopping,Basic,56,"42,246.00",0,Low,0
TX007161,C0461,246,2024-10-13 14:28:34,Groceries,Standard,61,"46,806.00",0,Low,0
TX002222,C0465,245.69,2024-01-02 21:30:36,Travel,Student,36,"14,938.00",1,Low,0
TX005763,C0426,245.57,2024-09-25 13:15:52,ATM Withdrawal,Student,54,"17,118.00",0,Low,0
TX006020,C0442,245.55,2024-07-30 17:12:30,Online Shopping,Standard,37,"50,462.00",0,Low,0
TX006424,C0282,245.43,2024-12-22 23:13:02,Electronics,Basic,45,"29,213.00",0,Low,0
TX001332,C0012,244.88,2024-03-01 10:07:23,ATM Withdrawal,Standard,32,"66,193.00",1,Low,0
TX004428,C0331,244.7,2024-10-08 09:55:28,Electronics,Standard,37,"55,657.00",0,Low,0
TX003310,C0464,244.6,2024-06-26 23:12:29,Healthcare,Student,40,"15,733.00",0,Low,0
TX005420,C0296,244.46,2024-09-08 22:50:17,ATM Withdrawal,Student,29,"9,663.00",0,Low,0
TX000400,C0439,244.43,2024-06-18 17:17:47,Travel,Standard,18,"57,230.00",0,Low,0
TX007625,C0007,244.43,2024-06-27 08:15:09,Electronics,Premium,56,"90,862.00",0,Low,0
TX005344,C0048,244.27,2024-01-19 20:11:24,Online Shopping,Student,50,"14,603.00",0,Low,0
TX001109,C0062,243.95,2024-08-07 03:35:32,Online Shopping,Basic,35,"33,654.00",1,Low,1
TX002940,C0320,243.69,2024-05-16 08:39:18,Healthcare,Premium,36,"127,432.00",0,Low,0
TX000366,C0090,243.65,2024-07-29 10:54:40,Electronics,Standard,44,"37,624.00",0,Low,0
TX005043,C0333,243.63,2024-11-21 14:25:51,Online Shopping,Basic,38,"37,711.00",0,Low,0
TX004078,C0458,243.56,2024-03-21 22:42:26,ATM Withdrawal,Basic,25,"36,073.00",0,Low,0
TX006154,C0049,243.56,2024-05-03 14:24:47,ATM Withdrawal,Standard,42,"82,699.00",0,Low,0
TX005062,C0266,243.56,2024-12-25 00:30:01,Online Shopping,Basic,23,"48,327.00",0,Low,1
TX005709,C0100,243.47,2024-03-31 00:41:26,ATM Withdrawal,Standard,35,"50,783.00",0,Low,1
TX002206,C0213,243.29,2024-05-09 20:54:21,Clothing,Standard,49,"45,643.00",0,Low,0
TX006773,C0463,243.24,2024-06-21 02:14:43,Online Shopping,Student,29,"9,084.00",0,Low,1
TX007281,C0293,242.77,2024-09-09 22:33:20,Electronics,Basic,30,"34,400.00",0,Low,0
TX004707,C0207,242.55,2024-01-06 00:18:13,Electronics,Standard,44,"86,325.00",0,Low,1
TX007135,C0325,242.55,2024-05-22 07:52:18,Electronics,Premium,25,"54,372.00",0,Low,0
TX007788,C0112,242.14,2024-01-25 13:49:18,Online Shopping,Basic,37,"35,081.00",0,Low,0
TX007624,C0204,242.08,2024-09-08 11:51:18,ATM Withdrawal,Standard,50,"60,197.00",0,Low,0
TX000433,C0466,241.86,2024-03-05 04:46:02,ATM Withdrawal,Basic,35,"34,634.00",0,Low,1
TX005083,C0171,241.74,2024-11-29 08:58:46,ATM Withdrawal,Basic,27,"19,642.00",0,Low,0
TX002810,C0175,241.31,2024-04-29 15:28:20,Electronics,Premium,41,"88,592.00",0,Low,0
TX004035,C0128,241.25,2024-08-26 21:49:26,Online Shopping,Student,31,"23,569.00",0,Low,0
TX007478,C0271,241.08,2024-03-10 00:32:05,Electronics,Basic,55,"41,074.00",0,Low,1
TX003376,C0236,240.85,2024-06-01 02:57:14,Travel,Standard,45,"61,328.00",0,Low,1
TX006481,C0275,240.82,2024-03-07 09:20:59,Online Shopping,Student,26,"18,035.00",0,Low,0
TX006316,C0426,240.59,2024-10-07 17:29:01,Electronics,Student,54,"17,118.00",0,Low,0
TX004734,C0374,240.57,2024-11-07 00:14:47,Healthcare,Basic,49,"39,888.00",0,Low,1
TX001664,C0236,240.08,2024-01-19 10:44:02,Healthcare,Standard,45,"61,328.00",0,Low,0
TX005513,C0126,240.06,2024-07-14 03:19:34,Electronics,Standard,64,"46,394.00",0,Low,1
TX006968,C0211,240.06,2024-10-17 18:12:16,ATM Withdrawal,Student,44,"17,451.00",0,Low,0
TX001474,C0061,240.05,2024-12-03 08:57:34,Clothing,Premium,32,"100,281.00",1,Low,0
TX007592,C0059,239.87,2024-10-22 19:06:58,ATM Withdrawal,Basic,41,"29,342.00",0,Low,0
TX001243,C0109,239.34,2024-04-23 07:10:21,Online Shopping,Basic,41,"35,585.00",0,Low,0
TX007423,C0026,239.32,2024-03-28 05:48:24,Electronics,Basic,39,"21,787.00",0,Low,0
TX003460,C0167,239.04,2024-05-18 14:37:00,Electronics,Standard,47,"72,231.00",0,Low,0
TX007046,C0409,238.93,2024-12-27 17:20:09,Travel,Standard,39,"63,047.00",0,Low,0
TX006174,C0090,238.67,2024-04-01 12:02:35,ATM Withdrawal,Standard,44,"37,624.00",0,Low,0
TX002795,C0206,238.53,2024-02-29 23:55:29,Electronics,Standard,26,"11,556.00",0,Low,0
TX003115,C0230,238.38,2024-05-31 06:30:55,Healthcare,Standard,46,"37,804.00",0,Low,0
TX000763,C0355,237.82,2024-10-04 09:31:01,Electronics,Student,37,"16,323.00",0,Low,0
TX003726,C0164,237.8,2024-04-13 05:34:55,Electronics,Premium,28,"78,881.00",0,Low,0
TX005362,C0168,237.54,2024-10-21 20:41:04,ATM Withdrawal,Student,60,"8,041.00",0,Low,0
TX000233,C0024,237.52,2024-08-05 04:30:27,Healthcare,Standard,20,"57,911.00",0,Low,1
TX005002,C0042,237.16,2024-07-24 08:40:36,Groceries,Standard,40,"65,625.00",0,Low,0
TX001790,C0484,237.07,2024-04-03 14:26:57,Healthcare,Standard,40,"82,390.00",0,Low,0
TX003570,C0433,236.99,2024-01-18 17:29:14,Healthcare,Student,34,"10,161.00",0,Low,0
TX001539,C0014,236.92,2024-02-02 01:02:48,Electronics,Student,18,"23,653.00",0,Low,1
TX001675,C0386,236.58,2024-05-13 13:36:40,Online Shopping,Basic,39,"28,780.00",0,Low,0
TX003845,C0070,236.55,2024-01-02 18:19:38,Travel,Basic,30,"41,520.00",0,Low,0
TX007474,C0249,236.43,2024-12-22 14:21:29,Online Shopping,Basic,59,"28,615.00",0,Low,0
TX003394,C0013,236.42,2024-02-08 18:52:12,Online Shopping,Standard,40,"64,682.00",0,Low,0
TX003006,C0292,236.24,2024-11-04 16:52:45,ATM Withdrawal,Basic,32,"28,202.00",0,Low,0
TX006022,C0127,236.2,2024-01-05 16:59:00,ATM Withdrawal,Standard,26,"54,634.00",0,Low,0
TX007007,C0342,235.84,2024-10-29 09:06:49,Online Shopping,Standard,40,"46,696.00",0,Low,0
TX007347,C0260,235.62,2024-09-04 07:27:52,Electronics,Student,47,"19,039.00",0,Low,0
TX001459,C0260,235.6,2024-10-01 22:49:42,Healthcare,Student,47,"19,039.00",0,Low,0
TX001475,C0083,235.55,2024-07-08 12:51:23,Electronics,Standard,55,"31,241.00",0,Low,0
TX001069,C0105,235.51,2024-04-28 16:37:28,ATM Withdrawal,Standard,36,"75,990.00",0,Low,0
TX004952,C0135,235.47,2024-02-24 02:43:26,Online Shopping,Standard,26,"51,139.00",0,Low,1
TX001624,C0120,235.01,2024-04-18 13:31:14,Electronics,Basic,47,"31,583.00",0,Low,0
TX006461,C0394,234.8,2024-08-17 07:52:31,Clothing,Standard,59,"22,706.00",0,Low,0
TX000704,C0338,234.59,2024-01-27 01:33:00,Electronics,Premium,34,"167,391.00",1,Low,1
TX004443,C0030,234.15,2024-11-11 05:38:28,Electronics,Standard,34,"32,152.00",0,Low,0
TX003867,C0180,234.08,2024-01-28 12:30:13,ATM Withdrawal,Standard,70,"47,593.00",0,Low,0
TX001157,C0421,233.7,2024-06-10 08:18:25,Online Shopping,Standard,62,"39,023.00",0,Low,0
TX007860,C0312,233.67,2024-01-26 13:04:04,Electronics,Standard,51,"45,056.00",0,Low,0
TX001259,C0435,233.48,2024-04-27 08:34:27,ATM Withdrawal,Basic,56,"42,246.00",0,Low,0
TX006829,C0058,233.21,2024-08-14 23:20:21,Online Shopping,Student,34,"20,775.00",1,Low,0
TX001347,C0102,233.2,2024-12-11 16:51:37,Online Shopping,Basic,32,"35,126.00",0,Low,0
TX006615,C0103,233.19,2024-07-27 08:06:04,Electronics,Standard,33,"46,432.00",0,Low,0
TX001909,C0003,233.16,2024-01-23 13:00:01,ATM Withdrawal,Standard,45,"73,097.00",0,Low,0
TX007504,C0073,232.61,2024-04-07 22:37:07,Healthcare,Standard,37,"54,397.00",0,Low,0
TX000113,C0018,232.56,2024-07-01 17:08:03,Healthcare,Student,41,"21,309.00",0,Low,0
TX006721,C0415,232.53,2024-04-18 15:23:32,Online Shopping,Premium,41,"89,249.00",0,Low,0
TX000993,C0017,231.69,2024-06-27 14:40:48,Electronics,Standard,25,"58,740.00",1,Low,0
TX001101,C0235,231.67,2024-04-30 07:41:55,ATM Withdrawal,Basic,63,"32,570.00",0,Low,0
TX007342,C0349,231.65,2024-12-01 11:27:15,ATM Withdrawal,Basic,29,"24,805.00",0,Low,0
TX001894,C0277,231.37,2024-08-09 02:16:23,ATM Withdrawal,Standard,40,"56,563.00",1,Low,1
TX002734,C0035,231.28,2024-04-29 11:09:21,Online Shopping,Standard,47,"46,672.00",0,Low,0
TX006900,C0468,231.28,2024-05-11 15:14:10,ATM Withdrawal,Basic,47,"22,215.00",0,Low,0
TX002307,C0388,231.22,2024-12-27 14:32:14,Electronics,Basic,60,"37,653.00",0,Low,0
TX000983,C0106,230.97,2024-02-19 12:25:01,Electronics,Basic,42,"37,397.00",0,Low,0
TX004406,C0209,230.97,2024-12-30 06:09:35,Online Shopping,Standard,44,"71,622.00",1,Low,0
TX003237,C0489,230.89,2024-08-21 19:36:35,Electronics,Basic,58,"35,936.00",0,Low,0
TX004594,C0476,230.75,2024-12-24 18:41:55,ATM Withdrawal,Standard,35,"80,675.00",0,Low,0
TX003768,C0472,230.64,2024-09-02 18:05:48,Electronics,Standard,18,"41,000.00",0,Low,0
TX001151,C0417,230.63,2024-02-27 10:54:38,ATM Withdrawal,Student,56,"20,560.00",0,Low,0
TX000225,C0101,230.56,2024-01-21 20:46:04,Travel,Student,21,"22,190.00",0,Low,0
TX001437,C0399,230.39,2024-05-01 08:51:46,Electronics,Basic,36,"30,654.00",0,Low,0
TX006537,C0397,229.87,2024-09-25 16:16:19,ATM Withdrawal,Student,18,"14,975.00",0,Low,0
TX007859,C0256,229.75,2024-11-13 12:01:57,Electronics,Standard,32,"22,699.00",0,Low,0
TX006812,C0444,229.73,2024-03-25 17:13:23,Online Shopping,Student,36,"15,681.00",0,Low,0
TX005847,C0471,229.62,2024-10-07 23:00:27,Travel,Standard,34,"54,590.00",1,Low,0
TX005780,C0263,229.29,2024-06-23 15:36:09,Online Shopping,Student,18,"18,927.00",0,Low,0
TX004622,C0428,229.17,2024-10-16 09:50:26,Healthcare,Standard,46,"62,297.00",0,Low,0
TX007014,C0018,229.05,2024-07-11 01:59:56,Online Shopping,Student,41,"21,309.00",0,Low,1
TX001616,C0186,228.97,2024-08-21 05:33:46,ATM Withdrawal,Student,46,"13,602.00",0,Low,0
TX001306,C0145,228.7,2024-07-11 03:12:20,ATM Withdrawal,Basic,41,"43,471.00",0,Low,1
TX004156,C0233,228.51,2024-02-03 22:45:45,ATM Withdrawal,Basic,38,"29,486.00",0,Low,0
TX004870,C0413,228.45,2024-05-24 09:33:14,Electronics,Standard,19,"71,288.00",0,Low,0
TX007361,C0039,228.12,2024-05-03 23:02:25,Electronics,Standard,22,"61,600.00",0,Low,0
TX000999,C0183,228.07,2024-12-12 22:51:47,ATM Withdrawal,Premium,25,"135,022.00",0,Low,0
TX004978,C0426,227.97,2024-07-19 22:07:36,Clothing,Student,54,"17,118.00",0,Low,0
TX003384,C0093,227.86,2024-08-29 12:10:54,Clothing,Premium,29,"83,371.00",0,Low,0
TX002493,C0065,227.84,2024-12-01 08:24:50,ATM Withdrawal,Premium,47,"109,281.00",0,Low,0
TX002596,C0338,227.62,2024-11-09 21:16:18,Electronics,Premium,34,"167,391.00",0,Low,0
TX000391,C0414,227.51,2024-11-25 12:34:35,Electronics,Standard,53,"62,120.00",1,Low,0
TX006017,C0494,227.49,2024-09-07 04:29:13,ATM Withdrawal,Basic,27,"23,972.00",0,Low,1
TX005450,C0099,227.42,2024-06-19 10:31:51,Online Shopping,Basic,38,"21,987.00",0,Low,0
TX006342,C0002,227.35,2024-07-23 08:04:01,ATM Withdrawal,Basic,36,"31,173.00",0,Low,0
TX005705,C0185,227.27,2024-11-01 12:01:25,Electronics,Standard,35,"49,770.00",0,Low,0
TX002766,C0104,227.24,2024-09-16 18:04:32,Online Shopping,Standard,28,"63,588.00",0,Low,0
TX003166,C0416,227.08,2024-04-23 13:26:17,Electronics,Premium,29,"114,532.00",0,Low,0
TX005949,C0317,226.93,2024-10-02 23:33:32,Online Shopping,Premium,46,"68,447.00",0,Low,0
TX006492,C0392,226.89,2024-03-13 08:48:42,Electronics,Premium,43,"105,239.00",1,Low,0
TX000378,C0297,226.86,2024-04-30 12:33:08,ATM Withdrawal,Standard,48,"45,979.00",0,Low,0
TX004624,C0096,226.85,2024-10-28 09:10:40,Clothing,Standard,20,"24,373.00",0,Low,0
TX000816,C0121,226.64,2024-03-26 06:00:25,Online Shopping,Basic,47,"24,788.00",1,Low,0
TX007762,C0335,226.46,2024-03-21 12:10:27,ATM Withdrawal,Standard,49,"46,637.00",0,Low,0
TX005281,C0249,226.32,2024-12-27 10:18:23,ATM Withdrawal,Basic,59,"28,615.00",0,Low,0
TX006852,C0108,225.74,2024-02-14 01:13:37,Electronics,Basic,40,"24,824.00",0,Low,1
TX002008,C0091,225.58,2024-11-28 17:25:13,Electronics,Student,39,"21,013.00",1,Low,0
TX006170,C0233,225.57,2024-06-25 20:30:28,Entertainment,Basic,38,"29,486.00",0,Low,0
TX004022,C0317,225.56,2024-02-18 20:48:57,ATM Withdrawal,Premium,46,"68,447.00",0,Low,0
TX005720,C0097,225.34,2024-10-07 12:59:31,ATM Withdrawal,Premium,41,"82,584.00",0,Low,0
TX002208,C0149,224.85,2024-06-06 14:59:16,ATM Withdrawal,Student,44,"14,309.00",0,Low,0
TX004478,C0424,224.75,2024-05-10 17:32:50,Online Shopping,Premium,49,"84,390.00",0,Low,0
TX004796,C0273,224.54,2024-12-22 03:48:20,Electronics,Premium,51,"107,842.00",0,Low,1
TX005801,C0184,224.39,2024-10-18 23:09:28,Travel,Basic,43,"36,801.00",0,Low,0
TX006932,C0258,224.37,2024-04-17 22:32:45,Electronics,Standard,29,"35,153.00",0,Low,0
TX007136,C0480,224.29,2024-04-26 19:33:47,Electronics,Standard,51,"51,860.00",0,Low,0
TX002716,C0352,224.23,2024-09-27 08:13:57,Online Shopping,Standard,55,"43,450.00",0,Low,0
TX005548,C0393,223.96,2024-08-31 13:41:30,Clothing,Student,22,"10,586.00",0,Low,0
TX001713,C0013,223.89,2024-04-19 10:09:55,Electronics,Standard,40,"64,682.00",0,Low,0
TX006540,C0330,223.86,2024-01-22 10:40:12,Clothing,Standard,45,"53,052.00",0,Low,0
TX003870,C0203,223.77,2024-01-12 09:15:41,ATM Withdrawal,Basic,50,"37,330.00",0,Low,0
TX000575,C0197,223.65,2024-04-08 13:55:18,ATM Withdrawal,Standard,27,"65,914.00",0,Low,0
TX000614,C0129,223.45,2024-06-21 17:45:42,Online Shopping,Basic,39,"43,820.00",0,Low,0
TX004469,C0283,223.29,2024-02-15 22:14:54,ATM Withdrawal,Standard,57,"40,171.00",0,Low,0
TX001657,C0355,223.23,2024-04-22 14:48:52,ATM Withdrawal,Student,37,"16,323.00",0,Low,0
TX002631,C0187,223.23,2024-11-10 04:43:50,Clothing,Premium,43,"80,350.00",0,Low,1
TX005618,C0292,223.11,2024-01-14 17:33:42,Clothing,Basic,32,"28,202.00",0,Low,0
TX001351,C0216,222.99,2024-05-19 09:12:09,Travel,Standard,47,"58,261.00",0,Low,0
TX004395,C0129,222.8,2024-03-08 20:48:48,Clothing,Basic,39,"43,820.00",0,Low,0
TX006527,C0204,222.77,2024-05-14 22:01:35,ATM Withdrawal,Standard,50,"60,197.00",1,Low,0
TX006096,C0376,222.7,2024-03-20 04:54:11,ATM Withdrawal,Premium,28,"108,274.00",0,Low,1
TX006612,C0366,222.68,2024-07-31 23:52:30,ATM Withdrawal,Student,33,"15,304.00",0,Low,0
TX002062,C0116,222.65,2024-10-10 01:30:05,Healthcare,Standard,41,"57,963.00",0,Low,1
TX002123,C0421,222.57,2024-01-05 07:48:52,Healthcare,Standard,62,"39,023.00",0,Low,0
TX000072,C0288,222.53,2024-12-10 03:53:20,Online Shopping,Premium,45,"42,884.00",0,Low,1
TX003572,C0500,222.3,2024-11-02 04:01:44,ATM Withdrawal,Student,21,"15,738.00",0,Low,1
TX005523,C0382,222.13,2024-09-10 23:55:43,ATM Withdrawal,Standard,30,"60,899.00",0,Low,0
TX004024,C0145,222.1,2024-03-25 20:48:46,Electronics,Basic,41,"43,471.00",0,Low,0
TX002473,C0309,221.4,2024-09-16 10:12:16,Dining,Basic,44,"30,390.00",0,Low,0
TX003194,C0211,221.39,2024-09-08 10:19:50,ATM Withdrawal,Student,44,"17,451.00",0,Low,0
TX003098,C0005,221.32,2024-12-30 00:04:42,Electronics,Basic,35,"32,949.00",0,Low,1
TX000642,C0162,221.25,2024-07-20 23:25:28,Electronics,Standard,47,"72,590.00",0,Low,0
TX004560,C0396,221.24,2024-03-06 07:08:43,Online Shopping,Basic,32,"49,943.00",0,Low,0
TX002508,C0356,221.15,2024-08-19 06:34:45,ATM Withdrawal,Premium,25,"115,005.00",0,Low,0
TX001373,C0163,220.9,2024-05-07 14:21:55,Electronics,Basic,51,"34,348.00",0,Low,0
TX007076,C0396,220.57,2024-10-18 22:20:59,Electronics,Basic,32,"49,943.00",0,Low,0
TX004316,C0034,220.46,2024-02-26 16:12:12,Clothing,Standard,25,"54,013.00",0,Low,0
TX003686,C0434,220.44,2024-04-27 18:14:20,Electronics,Basic,46,"34,799.00",0,Low,0
TX000640,C0158,220.43,2024-04-10 02:58:02,Groceries,Standard,43,"58,910.00",0,Low,1
TX003201,C0028,220.31,2024-08-24 07:02:52,Healthcare,Basic,42,"24,399.00",0,Low,0
TX006268,C0192,220.24,2024-07-02 12:15:08,Clothing,Basic,48,"31,910.00",0,Low,0
TX006832,C0479,220.19,2024-08-31 11:24:52,ATM Withdrawal,Student,74,"20,884.00",0,Low,0
TX002155,C0313,220.1,2024-03-03 13:19:12,Online Shopping,Basic,47,"18,779.00",0,Low,0
TX007018,C0082,220.08,2024-04-06 05:57:24,ATM Withdrawal,Standard,42,"18,641.00",0,Low,0
TX003472,C0208,220.08,2024-04-24 16:43:27,Healthcare,Basic,44,"28,883.00",0,Low,0
TX005840,C0112,219.65,2024-04-20 23:45:40,Healthcare,Basic,37,"35,081.00",0,Low,0
TX001672,C0397,219.63,2024-11-18 02:18:43,Online Shopping,Student,18,"14,975.00",0,Low,1
TX002967,C0048,219.57,2024-12-18 07:00:40,Healthcare,Student,50,"14,603.00",0,Low,0
TX003363,C0216,219.29,2024-03-02 16:18:22,Electronics,Standard,47,"58,261.00",0,Low,0
TX001990,C0421,219.21,2024-11-11 06:16:36,Online Shopping,Standard,62,"39,023.00",0,Low,0
TX006030,C0444,219.07,2024-03-21 16:57:15,ATM Withdrawal,Student,36,"15,681.00",0,Low,0
TX005464,C0318,218.87,2024-01-22 22:06:49,ATM Withdrawal,Standard,34,"68,423.00",0,Low,0
TX004249,C0012,218.77,2024-05-25 10:00:02,ATM Withdrawal,Standard,32,"66,193.00",0,Low,0
TX006504,C0090,218.76,2024-12-01 19:06:14,Groceries,Standard,44,"37,624.00",0,Low,0
TX003943,C0493,218.52,2024-05-12 05:04:22,Online Shopping,Basic,38,"30,256.00",0,Low,0
TX003368,C0485,218.23,2024-04-03 08:42:47,Healthcare,Basic,28,"35,423.00",0,Low,0
TX006693,C0347,218.15,2024-06-08 15:14:03,Electronics,Basic,20,"25,346.00",0,Low,0
TX000875,C0276,217.9,2024-11-13 20:33:17,Online Shopping,Standard,43,"59,217.00",0,Low,0
TX005232,C0405,217.88,2024-07-12 21:48:03,Fuel,Basic,32,"24,655.00",0,Low,0
TX002590,C0331,217.79,2024-06-09 15:16:15,ATM Withdrawal,Standard,37,"55,657.00",0,Low,0
TX005347,C0287,217.7,2024-08-15 21:01:01,Electronics,Standard,36,"68,774.00",0,Low,0
TX002260,C0313,217.68,2024-04-21 04:48:14,ATM Withdrawal,Basic,47,"18,779.00",0,Low,1
TX004121,C0139,217.64,2024-12-05 08:17:35,Healthcare,Student,47,"13,067.00",0,Low,0
TX006278,C0093,217.45,2024-07-14 13:54:21,Online Shopping,Premium,29,"83,371.00",0,Low,0
TX003052,C0195,217.34,2024-08-29 06:42:39,Online Shopping,Standard,40,"53,925.00",0,Low,0
TX002862,C0253,217.27,2024-05-30 09:03:06,Online Shopping,Basic,63,"42,756.00",0,Low,0
TX003232,C0133,217.27,2024-08-10 07:16:44,ATM Withdrawal,Standard,25,"64,202.00",0,Low,0
TX000173,C0186,217.04,2024-06-21 12:35:53,Healthcare,Student,46,"13,602.00",0,Low,0
TX002312,C0390,217.03,2024-09-09 11:22:10,Electronics,Premium,31,"50,063.00",0,Low,0
TX002453,C0154,217.01,2024-10-27 06:04:18,Online Shopping,Basic,40,"41,040.00",0,Low,0
TX003311,C0045,216.51,2024-08-18 07:50:49,ATM Withdrawal,Standard,20,"35,795.00",0,Low,0
TX007313,C0148,216.47,2024-03-01 00:51:30,Clothing,Basic,22,"29,691.00",0,Low,1
TX001181,C0294,216.27,2024-10-31 04:10:58,Healthcare,Basic,48,"22,253.00",0,Low,1
TX006008,C0208,216.19,2024-10-06 18:02:08,ATM Withdrawal,Basic,44,"28,883.00",1,Low,0
TX007312,C0301,216.09,2024-04-01 05:51:40,Online Shopping,Standard,28,"54,705.00",0,Low,0
TX001286,C0354,216.08,2024-08-27 15:30:05,Healthcare,Student,36,"8,776.00",0,Low,0
TX006511,C0386,215.99,2024-10-12 11:23:17,ATM Withdrawal,Basic,39,"28,780.00",0,Low,0
TX005382,C0093,215.97,2024-08-22 10:12:25,Travel,Premium,29,"83,371.00",0,Low,0
TX002676,C0038,215.89,2024-09-13 01:08:11,Travel,Basic,18,"12,409.00",0,Low,1
TX004212,C0272,215.85,2024-04-28 18:49:16,Electronics,Standard,20,"63,458.00",0,Low,0
TX005187,C0098,215.78,2024-10-17 19:35:53,ATM Withdrawal,Basic,41,"24,544.00",0,Low,0
TX004840,C0188,215.58,2024-04-08 11:57:44,Clothing,Standard,37,"86,151.00",0,Low,0
TX007645,C0001,215.45,2024-02-17 10:12:24,Online Shopping,Basic,43,"28,663.00",0,Low,0
TX003155,C0304,215.25,2024-06-01 02:55:44,ATM Withdrawal,Basic,45,"40,913.00",0,Low,1
TX000190,C0010,215.24,2024-06-12 17:51:16,Electronics,Standard,44,"55,696.00",0,Low,0
TX000539,C0232,215.24,2024-09-29 23:49:43,Online Shopping,Standard,40,"43,685.00",0,Low,0
TX005337,C0045,215.2,2024-12-02 20:17:35,Fuel,Standard,20,"35,795.00",0,Low,0
TX007157,C0056,215,2024-12-17 16:02:17,ATM Withdrawal,Standard,49,"60,280.00",0,Low,0
TX004807,C0435,214.95,2024-10-06 09:12:38,Electronics,Basic,56,"42,246.00",0,Low,0
TX005119,C0392,214.94,2024-04-26 11:45:07,ATM Withdrawal,Premium,43,"105,239.00",0,Low,0
TX007943,C0467,214.9,2024-09-11 13:50:58,ATM Withdrawal,Basic,45,"30,956.00",0,Low,0
TX005393,C0496,214.69,2024-06-22 05:24:17,ATM Withdrawal,Basic,44,"24,578.00",0,Low,0
TX000162,C0413,214.61,2024-08-18 08:27:42,Healthcare,Standard,19,"71,288.00",0,Low,0
TX002071,C0193,214.6,2024-06-20 08:44:09,Clothing,Premium,40,"82,228.00",0,Low,0
TX005103,C0155,214.44,2024-01-02 12:00:08,ATM Withdrawal,Premium,41,"71,233.00",0,Low,0
TX006024,C0114,214.38,2024-05-16 03:36:15,ATM Withdrawal,Basic,67,"25,718.00",0,Low,1
TX004975,C0172,214.33,2024-05-18 07:30:31,Healthcare,Standard,28,"72,412.00",0,Low,0
TX006389,C0145,214.32,2024-06-09 09:48:16,Electronics,Basic,41,"43,471.00",0,Low,0
TX005261,C0112,214.27,2024-05-23 21:47:25,Online Shopping,Basic,37,"35,081.00",0,Low,0
TX003225,C0182,214.26,2024-05-24 23:03:22,ATM Withdrawal,Basic,27,"26,575.00",0,Low,0
TX001067,C0447,214.26,2024-08-19 01:45:07,Clothing,Student,42,"16,747.00",0,Low,1
TX004402,C0367,213.82,2024-06-29 03:45:24,ATM Withdrawal,Student,40,"17,155.00",0,Low,1
TX000110,C0268,213.81,2024-12-14 03:25:39,Clothing,Premium,20,"40,638.00",0,Low,1
TX007109,C0357,213.7,2024-11-19 23:51:54,ATM Withdrawal,Basic,37,"14,050.00",0,Low,0
TX003267,C0268,213.69,2024-07-04 04:04:41,Online Shopping,Premium,20,"40,638.00",0,Low,1
TX007618,C0178,213.68,2024-06-13 19:26:58,ATM Withdrawal,Standard,55,"35,755.00",0,Low,0
TX007436,C0351,213.55,2024-03-11 22:58:27,ATM Withdrawal,Standard,41,"55,511.00",0,Low,0
TX003097,C0079,213.39,2024-06-07 22:02:41,Electronics,Standard,39,"48,307.00",0,Low,0
TX004777,C0429,213.22,2024-08-11 13:02:52,Online Shopping,Basic,50,"30,515.00",1,Low,0
TX004429,C0493,213.09,2024-07-09 05:10:43,ATM Withdrawal,Basic,38,"30,256.00",1,Low,0
TX006417,C0283,212.89,2024-10-23 11:18:45,Clothing,Standard,57,"40,171.00",0,Low,0
TX006691,C0368,212.52,2024-07-10 12:10:38,Electronics,Standard,38,"41,189.00",0,Low,0
TX004647,C0413,212.27,2024-01-16 00:45:23,Groceries,Standard,19,"71,288.00",0,Low,1
TX006660,C0009,212.27,2024-04-14 00:02:18,Entertainment,Standard,32,"57,866.00",0,Low,1
TX006717,C0247,212.04,2024-03-07 12:08:35,Travel,Standard,32,"52,749.00",0,Low,0
TX007499,C0166,211.92,2024-04-27 11:10:14,Electronics,Standard,42,"12,271.00",0,Low,0
TX000626,C0246,211.88,2024-10-05 04:46:51,Groceries,Basic,33,"41,005.00",0,Low,1
TX003884,C0197,211.76,2024-04-16 05:09:09,ATM Withdrawal,Standard,27,"65,914.00",0,Low,0
TX000373,C0129,211.52,2024-09-27 19:28:57,ATM Withdrawal,Basic,39,"43,820.00",1,Low,0
TX004170,C0412,211.39,2024-09-25 10:21:31,Electronics,Standard,24,"54,863.00",0,Low,0
TX007987,C0369,210.77,2024-08-26 21:36:20,Healthcare,Student,39,"15,677.00",0,Low,0
TX002603,C0077,210.73,2024-04-24 19:03:07,ATM Withdrawal,Standard,39,"67,609.00",0,Low,0
TX003722,C0214,210.73,2024-11-30 07:34:05,Online Shopping,Standard,45,"83,710.00",0,Low,0
TX005372,C0377,210.68,2024-02-26 06:21:23,Online Shopping,Premium,48,"57,230.00",0,Low,0
TX002934,C0221,210.55,2024-08-02 02:41:46,Travel,Premium,65,"162,102.00",0,Low,1
TX002574,C0047,210.51,2024-02-18 05:51:15,Healthcare,Premium,32,"109,506.00",0,Low,0
TX000632,C0302,210.43,2024-07-10 11:49:08,ATM Withdrawal,Basic,31,"34,419.00",0,Low,0
TX006295,C0014,210.09,2024-04-20 04:10:47,Healthcare,Student,18,"23,653.00",0,Low,1
TX005453,C0374,210.05,2024-12-02 18:48:41,ATM Withdrawal,Basic,49,"39,888.00",0,Low,0
TX004229,C0188,210.04,2024-03-24 10:14:41,Online Shopping,Standard,37,"86,151.00",0,Low,0
TX003222,C0402,209.89,2024-06-19 08:16:28,Healthcare,Basic,30,"27,677.00",0,Low,0
TX004417,C0386,209.76,2024-11-03 03:53:02,ATM Withdrawal,Basic,39,"28,780.00",0,Low,1
TX006688,C0352,209.48,2024-02-26 14:24:38,Online Shopping,Standard,55,"43,450.00",0,Low,0
TX003906,C0381,209.36,2024-05-14 20:15:08,ATM Withdrawal,Premium,27,"159,579.00",0,Low,0
TX006258,C0155,209.35,2024-09-11 00:35:46,Healthcare,Premium,41,"71,233.00",0,Low,1
TX001132,C0364,209.27,2024-04-22 18:42:21,Healthcare,Standard,42,"54,163.00",0,Low,0
TX004149,C0076,209.12,2024-03-24 22:11:16,Electronics,Standard,47,"44,784.00",0,Low,0
TX003958,C0262,209.08,2024-08-17 18:46:26,ATM Withdrawal,Premium,37,"157,573.00",0,Low,0
TX006409,C0440,209,2024-12-09 09:49:51,Dining,Standard,37,"49,943.00",0,Low,0
TX006742,C0478,208.92,2024-12-18 12:26:28,Electronics,Premium,41,"41,593.00",0,Low,0
TX003300,C0209,208.81,2024-11-07 19:08:25,Online Shopping,Standard,44,"71,622.00",0,Low,0
TX002785,C0122,208.77,2024-10-19 07:09:19,Clothing,Basic,27,"26,128.00",0,Low,0
TX001456,C0430,208.69,2024-12-27 00:42:53,ATM Withdrawal,Standard,18,"25,368.00",0,Low,1
TX007415,C0218,208.43,2024-06-14 19:41:10,ATM Withdrawal,Standard,35,"62,435.00",0,Low,0
TX001198,C0414,208.2,2024-10-30 16:32:49,ATM Withdrawal,Standard,53,"62,120.00",0,Low,0
TX006346,C0124,208.18,2024-02-28 03:58:49,ATM Withdrawal,Standard,21,"61,362.00",0,Low,1
TX004877,C0260,207.93,2024-05-25 06:49:46,Healthcare,Student,47,"19,039.00",0,Low,0
TX002643,C0252,207.89,2024-10-15 02:10:49,Groceries,Standard,49,"33,399.00",0,Low,1
TX002814,C0019,207.81,2024-07-06 09:54:24,Healthcare,Premium,27,"87,141.00",0,Low,0
TX005566,C0464,207.64,2024-10-16 16:47:11,Online Shopping,Student,40,"15,733.00",0,Low,0
TX002467,C0403,207.41,2024-12-28 19:04:09,Online Shopping,Student,38,"16,069.00",0,Low,0
TX000206,C0090,207.32,2024-03-19 00:25:34,Online Shopping,Standard,44,"37,624.00",0,Low,1
TX000873,C0325,207.27,2024-03-03 01:03:24,ATM Withdrawal,Premium,25,"54,372.00",0,Low,1
TX005359,C0015,207.26,2024-08-03 23:54:22,Online Shopping,Premium,18,"80,766.00",0,Low,0
TX007439,C0208,207.21,2024-01-17 00:36:22,Healthcare,Basic,44,"28,883.00",1,Low,1
TX002538,C0283,207.2,2024-02-06 08:16:29,Clothing,Standard,57,"40,171.00",0,Low,0
TX004751,C0421,207.08,2024-01-08 20:14:20,Electronics,Standard,62,"39,023.00",0,Low,0
TX005164,C0375,207,2024-09-16 05:29:28,ATM Withdrawal,Standard,63,"71,369.00",0,Low,0
TX002429,C0318,206.88,2024-10-24 13:17:29,Electronics,Standard,34,"68,423.00",0,Low,0
TX007516,C0328,206.88,2024-12-07 10:58:13,Online Shopping,Standard,47,"61,206.00",0,Low,0
TX001910,C0478,206.51,2024-07-18 21:24:26,Travel,Premium,41,"41,593.00",0,Low,0
TX005881,C0026,206.51,2024-09-26 13:12:57,ATM Withdrawal,Basic,39,"21,787.00",0,Low,0
TX006064,C0306,206.46,2024-01-29 08:57:40,ATM Withdrawal,Standard,39,"48,558.00",0,Low,0
TX005095,C0146,206.34,2024-10-27 01:56:00,Online Shopping,Basic,47,"26,328.00",0,Low,1
TX004614,C0429,206.21,2024-07-31 11:41:02,Healthcare,Basic,50,"30,515.00",1,Low,0
TX002198,C0496,205.82,2024-10-07 16:29:22,Dining,Basic,44,"24,578.00",0,Low,0
TX006137,C0154,205.8,2024-06-22 14:55:43,Healthcare,Basic,40,"41,040.00",0,Low,0
TX000288,C0415,205.68,2024-02-03 16:32:04,Electronics,Premium,41,"89,249.00",0,Low,0
TX002357,C0210,205.62,2024-04-26 09:38:49,ATM Withdrawal,Standard,75,"39,401.00",0,Low,0
TX002046,C0274,205.42,2024-07-22 23:31:48,Healthcare,Basic,38,"36,827.00",0,Low,0
TX001247,C0068,205.27,2024-01-29 00:09:48,ATM Withdrawal,Basic,50,"35,672.00",0,Low,1
TX007475,C0093,205.24,2024-03-30 06:15:17,Online Shopping,Premium,29,"83,371.00",0,Low,0
TX002589,C0161,205.16,2024-08-25 06:10:37,ATM Withdrawal,Premium,26,"89,233.00",0,Low,0
TX006532,C0188,205.03,2024-04-27 23:38:05,Online Shopping,Standard,37,"86,151.00",0,Low,0
TX003763,C0367,204.82,2024-04-04 09:45:22,ATM Withdrawal,Student,40,"17,155.00",0,Low,0
TX004970,C0098,204.76,2024-07-30 07:44:40,Healthcare,Basic,41,"24,544.00",0,Low,0
TX000648,C0247,204.68,2024-07-28 12:48:09,Online Shopping,Standard,32,"52,749.00",0,Low,0
TX000345,C0365,204.57,2024-04-29 19:34:28,Online Shopping,Student,46,"17,233.00",0,Low,0
TX002821,C0413,204.53,2024-09-30 01:10:01,Online Shopping,Standard,19,"71,288.00",0,Low,1
TX007551,C0002,204.38,2024-04-10 04:18:34,Electronics,Basic,36,"31,173.00",1,Low,1
TX003832,C0253,204.16,2024-08-27 05:56:35,ATM Withdrawal,Basic,63,"42,756.00",0,Low,0
TX001056,C0424,204.11,2024-01-23 04:49:50,Groceries,Premium,49,"84,390.00",0,Low,1
TX004694,C0026,203.96,2024-02-23 05:22:11,Online Shopping,Basic,39,"21,787.00",0,Low,0
TX002623,C0444,203.93,2024-02-11 03:38:04,ATM Withdrawal,Student,36,"15,681.00",0,Low,1
TX000432,C0399,203.93,2024-06-04 04:16:50,Electronics,Basic,36,"30,654.00",0,Low,1
TX004908,C0090,203.86,2024-06-13 00:43:48,Online Shopping,Standard,44,"37,624.00",1,Low,1
TX003561,C0487,203.84,2024-11-01 16:12:15,Online Shopping,Standard,30,"87,359.00",0,Low,0
TX000760,C0401,203.82,2024-05-12 01:11:13,Groceries,Standard,18,"68,786.00",0,Low,1
TX000798,C0432,203.67,2024-12-07 00:00:57,Electronics,Standard,18,"52,838.00",0,Low,1
TX006563,C0388,203.51,2024-04-25 19:42:01,Electronics,Basic,60,"37,653.00",0,Low,0
TX007737,C0074,203.48,2024-03-20 02:03:01,Electronics,Basic,56,"18,553.00",0,Low,1
TX002169,C0212,203.39,2024-01-28 03:17:20,ATM Withdrawal,Student,51,"10,786.00",0,Low,1
TX005477,C0433,203.24,2024-11-29 02:27:24,ATM Withdrawal,Student,34,"10,161.00",1,Low,1
TX004762,C0441,203.05,2024-07-01 22:57:46,ATM Withdrawal,Basic,42,"25,092.00",0,Low,0
TX003959,C0163,202.82,2024-01-15 07:18:43,Groceries,Basic,51,"34,348.00",0,Low,0
TX000109,C0497,202.76,2024-06-14 14:37:10,Online Shopping,Basic,25,"46,107.00",0,Low,0
TX003339,C0380,202.74,2024-02-17 01:26:01,ATM Withdrawal,Basic,28,"31,133.00",0,Low,1
TX004413,C0476,202.68,2024-10-10 02:43:10,Online Shopping,Standard,35,"80,675.00",0,Low,1
TX006232,C0078,202.48,2024-01-17 11:14:15,ATM Withdrawal,Student,34,"12,389.00",0,Low,0
TX004183,C0375,202.47,2024-07-16 15:18:42,Electronics,Standard,63,"71,369.00",1,Low,0
TX001824,C0104,202.46,2024-12-07 21:13:25,ATM Withdrawal,Standard,28,"63,588.00",0,Low,0
TX002861,C0251,202.35,2024-04-17 17:07:16,ATM Withdrawal,Standard,22,"38,555.00",0,Low,0
TX006202,C0098,202.34,2024-11-29 22:52:01,Electronics,Basic,41,"24,544.00",1,Low,0
TX005612,C0335,202.15,2024-03-16 05:57:48,Online Shopping,Standard,49,"46,637.00",0,Low,0
TX004519,C0162,202.14,2024-10-31 20:17:37,Electronics,Standard,47,"72,590.00",1,Low,0
TX005495,C0083,202.04,2024-06-28 02:21:07,ATM Withdrawal,Standard,55,"31,241.00",0,Low,1
TX006081,C0496,201.82,2024-03-08 10:41:19,Groceries,Basic,44,"24,578.00",0,Low,0
TX000705,C0314,201.68,2024-03-01 13:29:01,ATM Withdrawal,Student,47,"21,998.00",1,Low,0
TX006438,C0232,201.68,2024-10-27 11:12:45,ATM Withdrawal,Standard,40,"43,685.00",1,Low,0
TX005804,C0128,201.63,2024-12-09 10:04:21,ATM Withdrawal,Student,31,"23,569.00",1,Low,0
TX000928,C0162,201.56,2024-07-30 13:03:59,Healthcare,Standard,47,"72,590.00",0,Low,0
TX005983,C0270,201.47,2024-09-29 03:09:15,Online Shopping,Standard,39,"91,596.00",0,Low,1
TX001665,C0361,201.43,2024-06-29 15:16:23,Healthcare,Student,44,"21,690.00",0,Low,0
TX006230,C0322,201.16,2024-04-26 23:25:45,ATM Withdrawal,Basic,45,"32,231.00",0,Low,0
TX005279,C0134,201.12,2024-06-26 15:30:13,ATM Withdrawal,Basic,43,"21,817.00",0,Low,0
TX004495,C0408,201.05,2024-04-17 22:05:33,Online Shopping,Basic,36,"23,954.00",0,Low,0
TX007525,C0283,201.02,2024-08-14 17:03:43,Online Shopping,Standard,57,"40,171.00",0,Low,0
TX005738,C0106,200.98,2024-09-13 16:56:50,Online Shopping,Basic,42,"37,397.00",0,Low,0
TX005764,C0465,200.95,2024-01-21 00:09:00,ATM Withdrawal,Student,36,"14,938.00",0,Low,1
TX004881,C0304,200.94,2024-06-03 04:46:07,Electronics,Basic,45,"40,913.00",0,Low,1
TX003675,C0273,200.71,2024-07-06 13:17:54,Healthcare,Premium,51,"107,842.00",0,Low,0
TX000352,C0410,200.67,2024-07-14 17:14:59,Clothing,Premium,44,"63,045.00",0,Low,0
TX001172,C0419,200.58,2024-02-20 02:10:36,Clothing,Standard,52,"55,155.00",0,Low,1
TX001322,C0246,200.5,2024-11-18 13:03:20,Clothing,Basic,33,"41,005.00",0,Low,0
TX007320,C0411,200.44,2024-08-16 14:21:45,ATM Withdrawal,Standard,46,"55,422.00",1,Low,0
TX003895,C0476,200.21,2024-06-11 20:53:27,Healthcare,Standard,35,"80,675.00",0,Low,0
TX006804,C0461,200.2,2024-06-29 14:20:59,Online Shopping,Standard,61,"46,806.00",0,Low,0
TX005375,C0247,200.17,2024-10-08 04:25:18,ATM Withdrawal,Standard,32,"52,749.00",0,Low,1
TX000082,C0183,200.06,2024-04-05 21:36:59,ATM Withdrawal,Premium,25,"135,022.00",0,Low,0
TX001209,C0363,200.05,2024-03-02 08:50:33,ATM Withdrawal,Basic,36,"24,359.00",0,Low,0
TX007485,C0084,199.96,2024-11-06 19:09:47,Entertainment,Standard,31,"66,406.00",0,Low,0
TX003582,C0408,199.93,2024-11-18 04:24:56,Online Shopping,Basic,36,"23,954.00",0,Low,1
TX003296,C0029,199.85,2024-11-12 15:16:49,Online Shopping,Basic,30,"39,560.00",0,Low,0
TX003800,C0282,199.68,2024-07-21 14:24:39,Online Shopping,Basic,45,"29,213.00",0,Low,0
TX002537,C0370,199.63,2024-01-18 16:03:54,Electronics,Basic,28,"18,690.00",0,Low,0
TX006402,C0057,199.57,2024-09-18 05:16:47,Online Shopping,Standard,27,"36,226.00",1,Low,0
TX001182,C0064,199.51,2024-10-21 06:18:49,Electronics,Standard,23,"61,715.00",0,Low,0
TX006272,C0023,199.38,2024-05-12 14:48:30,Clothing,Basic,38,"26,428.00",0,Low,0
TX001666,C0380,199.29,2024-11-18 01:17:37,Online Shopping,Basic,28,"31,133.00",0,Low,1
TX006919,C0275,199.28,2024-04-24 21:41:16,Travel,Student,26,"18,035.00",0,Low,0
TX002064,C0266,199.28,2024-07-13 18:46:30,Online Shopping,Basic,23,"48,327.00",0,Low,0
TX001714,C0313,198.99,2024-10-24 17:57:35,Clothing,Basic,47,"18,779.00",0,Low,0
TX006458,C0030,198.94,2024-10-15 17:19:45,Online Shopping,Standard,34,"32,152.00",0,Low,0
TX007628,C0161,198.94,2024-12-17 11:49:56,Electronics,Premium,26,"89,233.00",0,Low,0
TX003524,C0237,198.9,2024-03-16 12:01:00,Travel,Basic,18,"42,909.00",0,Low,0
TX001898,C0294,198.87,2024-07-15 04:39:17,Electronics,Basic,48,"22,253.00",0,Low,1
TX005311,C0482,198.85,2024-12-25 00:09:10,Online Shopping,Basic,26,"38,319.00",0,Low,1
TX005646,C0098,198.77,2024-04-14 01:09:54,Entertainment,Basic,41,"24,544.00",0,Low,1
TX007811,C0032,198.75,2024-05-02 07:31:18,Healthcare,Standard,60,"60,658.00",0,Low,0
TX006765,C0437,198.67,2024-04-19 20:02:25,Clothing,Standard,57,"51,798.00",0,Low,0
TX007092,C0252,198.52,2024-02-15 04:19:36,Online Shopping,Standard,49,"33,399.00",0,Low,1
TX003176,C0341,198.51,2024-06-15 14:29:25,Groceries,Student,28,"21,710.00",1,Low,0
TX003131,C0287,198.32,2024-04-10 12:37:40,Healthcare,Standard,36,"68,774.00",0,Low,0
TX006583,C0478,198.3,2024-02-25 05:04:45,Electronics,Premium,41,"41,593.00",0,Low,0
TX005314,C0226,198.17,2024-06-18 16:50:32,Electronics,Premium,51,"125,610.00",0,Low,0
TX004735,C0431,198.05,2024-08-28 22:28:45,Electronics,Student,23,"11,242.00",0,Low,0
TX004052,C0352,197.79,2024-07-21 13:01:24,Electronics,Standard,55,"43,450.00",0,Low,0
TX000865,C0035,197.78,2024-01-17 18:52:51,ATM Withdrawal,Standard,47,"46,672.00",0,Low,0
TX001542,C0366,197.67,2024-04-26 15:35:19,Online Shopping,Student,33,"15,304.00",0,Low,0
TX002159,C0326,197.65,2024-07-25 12:54:14,ATM Withdrawal,Premium,23,"99,294.00",0,Low,0
TX006926,C0315,197.31,2024-11-25 09:59:51,Healthcare,Basic,53,"20,049.00",0,Low,0
TX004876,C0031,197.28,2024-04-16 06:43:52,Clothing,Basic,30,"25,528.00",1,Low,0
TX006924,C0042,197.21,2024-08-28 23:08:35,ATM Withdrawal,Standard,40,"65,625.00",0,Low,0
TX001650,C0298,197.17,2024-04-29 12:20:16,ATM Withdrawal,Standard,41,"59,796.00",0,Low,0
TX006130,C0177,197.13,2024-06-11 01:03:12,ATM Withdrawal,Standard,38,"56,152.00",0,Low,1
TX000842,C0222,197.1,2024-09-09 20:05:32,Clothing,Standard,18,"54,135.00",0,Low,0
TX002063,C0343,197.05,2024-05-18 22:35:48,Entertainment,Standard,40,"63,534.00",0,Low,0
TX007771,C0208,197.02,2024-07-24 03:35:38,Healthcare,Basic,44,"28,883.00",0,Low,1
TX003869,C0200,196.96,2024-07-04 02:52:55,ATM Withdrawal,Standard,24,"53,789.00",0,Low,1
TX001168,C0202,196.87,2024-08-06 18:05:11,Healthcare,Premium,44,"30,053.00",0,Low,0
TX000486,C0169,196.78,2024-12-14 00:02:59,Online Shopping,Standard,35,"49,563.00",0,Low,1
TX000476,C0086,196.43,2024-11-26 06:23:06,Online Shopping,Standard,31,"61,381.00",0,Low,0
TX006313,C0268,196.29,2024-12-08 01:32:50,Online Shopping,Premium,20,"40,638.00",0,Low,1
TX001274,C0139,196.23,2024-05-16 02:11:00,Dining,Student,47,"13,067.00",0,Low,1
TX001281,C0280,196.08,2024-01-25 01:23:16,Groceries,Student,33,"13,877.00",0,Low,1
TX007261,C0340,195.84,2024-05-24 13:42:53,Electronics,Premium,31,"139,173.00",0,Low,0
TX006917,C0337,195.83,2024-12-10 10:18:40,Travel,Standard,28,"53,675.00",0,Low,0
TX000381,C0316,195.77,2024-09-19 17:02:50,Clothing,Standard,38,"44,606.00",0,Low,0
TX002136,C0024,195.74,2024-07-11 03:45:15,Online Shopping,Standard,20,"57,911.00",0,Low,1
TX002817,C0424,195.72,2024-12-27 14:19:37,Online Shopping,Premium,49,"84,390.00",1,Low,0
TX002987,C0044,195.68,2024-04-01 01:58:40,Clothing,Premium,34,"73,077.00",0,Low,1
TX006200,C0216,195.55,2024-01-12 12:48:11,Online Shopping,Standard,47,"58,261.00",0,Low,0
TX002444,C0345,195.54,2024-06-15 22:08:07,Healthcare,Student,32,"13,483.00",0,Low,0
TX002077,C0221,195.48,2024-03-21 18:21:39,ATM Withdrawal,Premium,65,"162,102.00",0,Low,0
TX003538,C0032,195.13,2024-03-21 22:30:16,Electronics,Standard,60,"60,658.00",0,Low,0
TX003020,C0008,194.92,2024-01-12 07:30:01,Electronics,Standard,47,"74,176.00",0,Low,0
TX004764,C0118,194.89,2024-08-16 09:56:27,Clothing,Premium,23,"69,324.00",0,Low,0
TX006560,C0341,194.82,2024-12-05 13:39:50,Online Shopping,Student,28,"21,710.00",0,Low,0
TX006918,C0322,194.8,2024-01-31 22:39:25,Clothing,Basic,45,"32,231.00",0,Low,0
TX003669,C0190,194.6,2024-12-17 23:10:43,Entertainment,Student,19,"16,720.00",0,Low,0
TX000462,C0371,194.4,2024-04-14 06:58:42,ATM Withdrawal,Standard,38,"53,331.00",0,Low,0
TX005036,C0179,194.4,2024-05-03 08:19:36,Online Shopping,Student,34,"18,985.00",0,Low,0
TX002718,C0036,194.32,2024-04-27 10:59:08,Online Shopping,Standard,23,"83,217.00",0,Low,0
TX001460,C0414,194.19,2024-03-10 18:03:57,Clothing,Standard,53,"62,120.00",0,Low,0
TX002146,C0116,193.96,2024-11-05 11:18:56,ATM Withdrawal,Standard,41,"57,963.00",0,Low,0
TX003646,C0001,193.95,2024-10-13 06:31:51,Clothing,Basic,43,"28,663.00",0,Low,0
TX001222,C0485,193.93,2024-10-04 11:29:09,Online Shopping,Basic,28,"35,423.00",0,Low,0
TX005143,C0461,193.76,2024-06-04 15:50:23,Clothing,Standard,61,"46,806.00",0,Low,0
TX002052,C0091,193.71,2024-12-08 01:31:10,Groceries,Student,39,"21,013.00",0,Low,1
TX003279,C0461,193.6,2024-05-02 12:08:25,Groceries,Standard,61,"46,806.00",0,Low,0
TX005492,C0220,193.53,2024-07-28 17:50:54,Healthcare,Basic,38,"32,919.00",0,Low,0
TX000591,C0399,193.53,2024-11-06 14:20:48,Electronics,Basic,36,"30,654.00",1,Low,0
TX001973,C0352,193.45,2024-09-21 15:12:35,Electronics,Standard,55,"43,450.00",0,Low,0
TX000201,C0393,193.45,2024-12-19 16:24:25,Electronics,Student,22,"10,586.00",0,Low,0
TX007477,C0265,193.28,2024-08-12 20:24:19,Online Shopping,Student,34,"8,000.00",0,Low,0
TX003278,C0013,193.23,2024-09-05 02:16:49,Online Shopping,Standard,40,"64,682.00",0,Low,1
TX004698,C0412,193.15,2024-05-16 10:40:12,Clothing,Standard,24,"54,863.00",0,Low,0
TX000965,C0189,193.14,2024-02-09 13:06:42,Online Shopping,Premium,27,"101,458.00",0,Low,0
TX001058,C0113,192.89,2024-05-26 14:10:01,Healthcare,Premium,38,"121,486.00",0,Low,0
TX006769,C0156,192.4,2024-03-01 15:05:02,Entertainment,Student,29,"16,583.00",0,Low,0
TX003404,C0166,192.33,2024-03-16 19:23:57,Online Shopping,Standard,42,"12,271.00",0,Low,0
TX001961,C0107,192.3,2024-03-22 06:45:58,Healthcare,Premium,60,"91,788.00",0,Low,0
TX005855,C0375,192.24,2024-12-21 05:17:07,Electronics,Standard,63,"71,369.00",0,Low,0
TX000274,C0060,192.22,2024-12-08 17:01:36,ATM Withdrawal,Student,49,"19,469.00",0,Low,0
TX007663,C0216,192.08,2024-11-16 22:08:13,Electronics,Standard,47,"58,261.00",0,Low,0
TX004810,C0047,191.99,2024-05-30 02:33:55,ATM Withdrawal,Premium,32,"109,506.00",0,Low,1
TX005476,C0270,191.91,2024-08-22 19:38:32,ATM Withdrawal,Standard,39,"91,596.00",0,Low,0
TX002354,C0272,191.89,2024-06-22 19:11:01,Clothing,Standard,20,"63,458.00",0,Low,0
TX002290,C0352,191.88,2024-07-19 18:52:07,ATM Withdrawal,Standard,55,"43,450.00",0,Low,0
TX005292,C0225,191.85,2024-06-13 06:24:03,ATM Withdrawal,Premium,32,"123,165.00",1,Low,0
TX004551,C0452,191.73,2024-12-10 18:43:35,Travel,Standard,49,"69,014.00",1,Low,0
TX004490,C0066,191.63,2024-10-30 10:37:20,Online Shopping,Basic,54,"40,633.00",0,Low,0
TX000304,C0251,191.59,2024-07-31 14:47:01,Online Shopping,Standard,22,"38,555.00",0,Low,0
TX004371,C0189,191.54,2024-05-22 05:58:33,Online Shopping,Premium,27,"101,458.00",0,Low,0
TX004096,C0122,191.51,2024-08-06 19:45:02,Online Shopping,Basic,27,"26,128.00",0,Low,0
TX005561,C0104,191.41,2024-09-12 23:21:36,ATM Withdrawal,Standard,28,"63,588.00",0,Low,0
TX002863,C0387,191.34,2024-07-20 00:01:57,Electronics,Student,42,"17,832.00",0,Low,1
TX000580,C0008,191.18,2024-09-23 19:47:22,ATM Withdrawal,Standard,47,"74,176.00",0,Low,0
TX002417,C0057,190.82,2024-09-10 02:28:20,Healthcare,Standard,27,"36,226.00",0,Low,1
TX000739,C0343,190.46,2024-05-07 00:08:19,Entertainment,Standard,40,"63,534.00",0,Low,1
TX006243,C0018,190.45,2024-08-29 08:27:44,Fuel,Student,41,"21,309.00",0,Low,0
TX005966,C0413,190.42,2024-06-18 03:50:17,Fuel,Standard,19,"71,288.00",0,Low,1
TX003250,C0406,190.27,2024-09-05 11:25:13,Healthcare,Standard,45,"69,880.00",0,Low,0
TX005334,C0034,190.19,2024-10-18 08:26:07,ATM Withdrawal,Standard,25,"54,013.00",0,Low,0
TX001027,C0103,190.18,2024-01-02 00:50:21,ATM Withdrawal,Standard,33,"46,432.00",1,Low,1
TX005016,C0339,189.96,2024-12-30 15:07:34,Electronics,Student,42,"11,785.00",0,Low,0
TX000659,C0154,189.95,2024-01-20 13:36:55,Clothing,Basic,40,"41,040.00",0,Low,0
TX004748,C0427,189.93,2024-07-01 17:42:04,Online Shopping,Student,26,"14,718.00",0,Low,0
TX000416,C0228,189.84,2024-01-09 21:57:59,Online Shopping,Standard,25,"37,854.00",0,Low,0
TX007559,C0212,189.77,2024-04-19 07:23:36,Online Shopping,Student,51,"10,786.00",0,Low,0
TX007425,C0261,189.52,2024-12-13 16:40:22,Online Shopping,Basic,26,"24,494.00",0,Low,0
TX007870,C0374,189.45,2024-01-29 12:43:16,ATM Withdrawal,Basic,49,"39,888.00",0,Low,0
TX001344,C0183,189.45,2024-06-20 04:34:36,Online Shopping,Premium,25,"135,022.00",0,Low,1
TX005142,C0495,189.33,2024-01-20 15:17:12,ATM Withdrawal,Basic,56,"33,679.00",0,Low,0
TX003403,C0448,189.3,2024-06-30 04:04:02,Online Shopping,Standard,26,"72,859.00",0,Low,1
TX002701,C0234,189.29,2024-02-07 13:26:49,Fuel,Student,30,"16,315.00",0,Low,0
TX006027,C0271,189.27,2024-11-28 10:30:09,Online Shopping,Basic,55,"41,074.00",0,Low,0
TX007675,C0466,189.26,2024-03-04 22:06:22,ATM Withdrawal,Basic,35,"34,634.00",1,Low,0
TX004683,C0365,189.26,2024-09-02 04:30:30,ATM Withdrawal,Student,46,"17,233.00",0,Low,1
TX006756,C0469,189.25,2024-12-20 05:45:30,Online Shopping,Premium,31,"125,897.00",0,Low,0
TX006628,C0056,189.11,2024-02-26 03:04:23,Online Shopping,Standard,49,"60,280.00",0,Low,1
TX002381,C0059,189.07,2024-09-14 05:29:02,Healthcare,Basic,41,"29,342.00",0,Low,0
TX006338,C0441,189,2024-03-11 01:11:03,ATM Withdrawal,Basic,42,"25,092.00",0,Low,1
TX002171,C0384,188.93,2024-11-24 05:58:12,ATM Withdrawal,Basic,31,"27,527.00",0,Low,0
TX006894,C0153,188.84,2024-10-22 08:06:43,ATM Withdrawal,Student,29,"20,906.00",0,Low,0
TX007053,C0159,188.82,2024-11-22 09:39:20,Healthcare,Basic,23,"25,597.00",0,Low,0
TX003944,C0208,188.45,2024-09-18 19:34:18,Electronics,Basic,44,"28,883.00",0,Low,0
TX005460,C0444,188.34,2024-01-28 00:12:51,Clothing,Student,36,"15,681.00",0,Low,1
TX007542,C0006,188.3,2024-02-05 22:03:49,ATM Withdrawal,Standard,35,"49,099.00",1,Low,0
TX004079,C0230,188.23,2024-01-30 05:08:53,ATM Withdrawal,Standard,46,"37,804.00",0,Low,0
TX003864,C0242,188.18,2024-04-06 01:56:07,ATM Withdrawal,Premium,36,"53,171.00",0,Low,1
TX000154,C0189,188.16,2024-07-07 21:57:51,Healthcare,Premium,27,"101,458.00",0,Low,0
TX006234,C0339,187.97,2024-05-07 08:09:38,ATM Withdrawal,Student,42,"11,785.00",0,Low,0
TX005019,C0029,187.94,2024-07-23 13:14:23,Electronics,Basic,30,"39,560.00",0,Low,0
TX007514,C0476,187.78,2024-11-20 09:05:24,Online Shopping,Standard,35,"80,675.00",0,Low,0
TX000170,C0111,187.76,2024-02-18 07:03:06,Clothing,Standard,18,"68,427.00",0,Low,0
TX007507,C0216,187.74,2024-08-01 03:41:15,ATM Withdrawal,Standard,47,"58,261.00",0,Low,1
TX003236,C0345,187.7,2024-12-26 18:02:31,ATM Withdrawal,Student,32,"13,483.00",0,Low,0
TX002443,C0098,187.68,2024-03-02 09:30:38,ATM Withdrawal,Basic,41,"24,544.00",1,Low,0
TX003990,C0448,187.68,2024-03-14 20:34:23,ATM Withdrawal,Standard,26,"72,859.00",0,Low,0
TX005674,C0272,187.59,2024-11-21 00:40:56,Healthcare,Standard,20,"63,458.00",0,Low,1
TX002626,C0182,187.58,2024-07-11 19:47:23,Online Shopping,Basic,27,"26,575.00",0,Low,0
TX006175,C0334,187.5,2024-06-30 12:07:05,Online Shopping,Basic,29,"47,684.00",0,Low,0
TX000040,C0409,187.48,2024-07-29 17:36:17,ATM Withdrawal,Standard,39,"63,047.00",0,Low,0
TX005958,C0208,187.42,2024-03-08 21:24:58,Online Shopping,Basic,44,"28,883.00",0,Low,0
TX006577,C0487,187.41,2024-04-06 06:31:10,Entertainment,Standard,30,"87,359.00",0,Low,0
TX003134,C0061,187.39,2024-09-10 04:28:21,Groceries,Premium,32,"100,281.00",0,Low,1
TX004646,C0194,187.3,2024-04-21 05:54:09,Healthcare,Basic,23,"28,429.00",0,Low,0
TX001016,C0332,187.19,2024-03-29 21:39:48,Healthcare,Basic,27,"28,823.00",0,Low,0
TX001767,C0187,187.05,2024-03-23 01:50:06,Groceries,Premium,43,"80,350.00",0,Low,1
TX000800,C0110,187,2024-10-26 12:00:48,Online Shopping,Student,37,"16,573.00",0,Low,0
TX001514,C0158,186.86,2024-12-12 07:41:38,ATM Withdrawal,Standard,43,"58,910.00",0,Low,0
TX007303,C0397,186.84,2024-01-02 21:11:43,ATM Withdrawal,Student,18,"14,975.00",0,Low,0
TX004664,C0276,186.71,2024-01-18 23:57:54,Online Shopping,Standard,43,"59,217.00",0,Low,0
TX004506,C0156,186.7,2024-09-20 03:59:28,Healthcare,Student,29,"16,583.00",0,Low,1
TX003177,C0125,186.59,2024-12-01 01:57:07,Online Shopping,Standard,45,"62,842.00",0,Low,1
TX006280,C0017,186.52,2024-01-18 08:22:29,ATM Withdrawal,Standard,25,"58,740.00",0,Low,0
TX000483,C0028,186.41,2024-05-08 09:24:25,Fuel,Basic,42,"24,399.00",0,Low,0
TX001942,C0357,186.41,2024-10-07 16:11:42,Dining,Basic,37,"14,050.00",0,Low,0
TX001014,C0108,186.39,2024-01-08 19:05:28,Online Shopping,Basic,40,"24,824.00",0,Low,0
TX007069,C0106,186.39,2024-10-05 02:41:34,Online Shopping,Basic,42,"37,397.00",0,Low,1
TX006734,C0185,186.37,2024-02-08 19:27:23,Online Shopping,Standard,35,"49,770.00",0,Low,0
TX005985,C0224,186.34,2024-07-25 10:26:00,Entertainment,Basic,18,"38,405.00",0,Low,0
TX001885,C0161,186.18,2024-04-23 12:10:00,Online Shopping,Premium,26,"89,233.00",0,Low,0
TX007965,C0269,186.16,2024-12-19 04:54:24,Healthcare,Standard,32,"70,338.00",0,Low,1
TX005637,C0269,186.15,2024-03-11 16:58:42,ATM Withdrawal,Standard,32,"70,338.00",0,Low,0
TX003103,C0176,185.98,2024-11-29 16:09:49,Groceries,Standard,47,"62,155.00",0,Low,0
TX006052,C0229,185.95,2024-09-16 02:40:45,Online Shopping,Basic,29,"43,067.00",0,Low,1
TX006337,C0447,185.76,2024-02-11 10:46:23,Clothing,Student,42,"16,747.00",0,Low,0
TX005970,C0169,185.68,2024-12-14 22:47:34,ATM Withdrawal,Standard,35,"49,563.00",0,Low,0
TX005186,C0099,185.65,2024-10-25 09:45:48,Online Shopping,Basic,38,"21,987.00",0,Low,0
TX007493,C0232,185.63,2024-07-04 15:27:24,Clothing,Standard,40,"43,685.00",0,Low,0
TX003915,C0469,185.55,2024-04-28 06:51:46,ATM Withdrawal,Premium,31,"125,897.00",0,Low,0
TX002883,C0499,185.43,2024-03-20 22:37:00,ATM Withdrawal,Standard,27,"49,520.00",0,Low,0
TX007482,C0285,185.42,2024-01-20 10:32:55,Clothing,Basic,63,"31,439.00",0,Low,0
TX007424,C0072,185.37,2024-09-25 02:58:29,Healthcare,Standard,56,"82,014.00",0,Low,1
TX001287,C0139,185.27,2024-11-26 19:33:43,Electronics,Student,47,"13,067.00",0,Low,0
TX001223,C0122,185.19,2024-08-27 06:15:32,Online Shopping,Basic,27,"26,128.00",0,Low,0
TX002554,C0410,185.12,2024-04-01 09:24:36,Online Shopping,Premium,44,"63,045.00",0,Low,0
TX002919,C0220,185.04,2024-04-22 19:18:17,Online Shopping,Basic,38,"32,919.00",0,Low,0
TX000661,C0133,185.01,2024-07-24 10:28:29,Fuel,Standard,25,"64,202.00",0,Low,0
TX002323,C0488,184.89,2024-08-24 03:43:07,Clothing,Student,25,"12,577.00",0,Low,1
TX004749,C0051,184.82,2024-06-16 03:57:34,Healthcare,Standard,41,"32,117.00",0,Low,1
TX004012,C0403,184.7,2024-07-12 09:11:33,Dining,Student,38,"16,069.00",0,Low,0
TX002067,C0041,184.65,2024-07-06 04:16:22,Online Shopping,Standard,46,"39,681.00",0,Low,1
TX000219,C0400,184.58,2024-02-26 12:01:12,ATM Withdrawal,Standard,52,"53,516.00",0,Low,0
TX000253,C0071,184.5,2024-01-27 11:28:39,Healthcare,Standard,42,"44,854.00",0,Low,0
TX002776,C0289,184.5,2024-02-18 17:34:52,Online Shopping,Premium,41,"60,311.00",0,Low,0
TX004689,C0200,184.48,2024-04-21 06:12:47,Healthcare,Standard,24,"53,789.00",0,Low,0
TX002803,C0399,184.35,2024-02-13 18:26:33,ATM Withdrawal,Basic,36,"30,654.00",0,Low,0
TX003654,C0271,184.32,2024-04-24 02:50:55,Groceries,Basic,55,"41,074.00",0,Low,1
TX004521,C0314,184.23,2024-11-14 19:47:48,ATM Withdrawal,Student,47,"21,998.00",0,Low,0
TX002217,C0443,184.14,2024-09-16 18:17:30,Healthcare,Premium,18,"78,354.00",0,Low,0
TX005176,C0289,184.13,2024-06-14 10:45:34,Clothing,Premium,41,"60,311.00",1,Low,0
TX001426,C0113,184.12,2024-06-20 14:22:59,ATM Withdrawal,Premium,38,"121,486.00",0,Low,0
TX001282,C0125,184.11,2024-02-04 11:52:19,Healthcare,Standard,45,"62,842.00",0,Low,0
TX007907,C0255,183.95,2024-06-20 06:42:15,Online Shopping,Basic,19,"22,068.00",0,Low,0
TX004695,C0407,183.93,2024-01-17 09:07:38,Online Shopping,Standard,25,"52,375.00",0,Low,0
TX003408,C0376,183.84,2024-09-02 03:30:22,Healthcare,Premium,28,"108,274.00",0,Low,1
TX004866,C0334,183.8,2024-10-28 20:36:30,Entertainment,Basic,29,"47,684.00",0,Low,0
TX001659,C0496,183.67,2024-12-11 00:14:21,Entertainment,Basic,44,"24,578.00",0,Low,1
TX007247,C0199,183.65,2024-05-10 14:30:43,ATM Withdrawal,Premium,38,"111,979.00",0,Low,0
TX000415,C0301,183.64,2024-03-13 16:22:41,Healthcare,Standard,28,"54,705.00",0,Low,0
TX007124,C0269,183.63,2024-03-02 09:02:47,Clothing,Standard,32,"70,338.00",0,Low,0
TX001702,C0149,183.48,2024-07-07 03:49:48,ATM Withdrawal,Student,44,"14,309.00",0,Low,1
TX003031,C0138,183.47,2024-04-06 19:43:09,Groceries,Student,34,"17,588.00",0,Low,0
TX000893,C0431,183.44,2024-04-01 06:51:37,ATM Withdrawal,Student,23,"11,242.00",0,Low,0
TX003273,C0131,183.42,2024-02-16 16:47:26,Online Shopping,Standard,19,"55,570.00",0,Low,0
TX005663,C0089,183.4,2024-09-04 01:13:41,Online Shopping,Standard,31,"54,945.00",0,Low,1
TX001042,C0340,183.25,2024-07-11 00:30:33,Healthcare,Premium,31,"139,173.00",0,Low,1
TX003219,C0288,183.08,2024-05-17 09:55:29,Clothing,Premium,45,"42,884.00",0,Low,0
TX001615,C0401,183.04,2024-06-01 01:18:00,Clothing,Standard,18,"68,786.00",0,Low,1
TX003498,C0229,182.86,2024-01-28 07:49:10,ATM Withdrawal,Basic,29,"43,067.00",0,Low,0
TX003040,C0396,182.75,2024-04-17 12:15:11,Entertainment,Basic,32,"49,943.00",0,Low,0
TX003299,C0414,182.66,2024-01-20 17:34:58,ATM Withdrawal,Standard,53,"62,120.00",0,Low,0
TX006729,C0216,182.57,2024-03-09 07:47:58,ATM Withdrawal,Standard,47,"58,261.00",0,Low,0
TX000133,C0348,182.51,2024-11-16 11:21:50,Online Shopping,Basic,21,"21,881.00",0,Low,0
TX002095,C0154,182.46,2024-03-02 09:43:36,Fuel,Basic,40,"41,040.00",1,Low,0
TX006246,C0123,182.38,2024-08-04 06:34:38,Online Shopping,Basic,54,"27,437.00",0,Low,0
TX004482,C0201,182.18,2024-06-08 16:30:00,Healthcare,Basic,42,"30,629.00",0,Low,0
TX000465,C0384,182.13,2024-07-16 03:44:00,ATM Withdrawal,Basic,31,"27,527.00",1,Low,1
TX001480,C0424,182.06,2024-10-27 03:42:34,Clothing,Premium,49,"84,390.00",0,Low,1
TX002397,C0141,181.95,2024-08-02 06:09:40,ATM Withdrawal,Basic,40,"20,193.00",0,Low,0
TX001120,C0107,181.75,2024-10-21 15:15:33,Electronics,Premium,60,"91,788.00",0,Low,0
TX003095,C0096,181.72,2024-06-03 12:45:50,Online Shopping,Standard,20,"24,373.00",0,Low,0
TX002256,C0407,181.65,2024-08-16 03:17:42,Electronics,Standard,25,"52,375.00",0,Low,1
TX004407,C0225,181.58,2024-06-18 05:52:33,Online Shopping,Premium,32,"123,165.00",0,Low,0
TX004305,C0406,181.55,2024-01-30 05:22:01,Electronics,Standard,45,"69,880.00",0,Low,0
TX004653,C0435,181.54,2024-09-24 00:37:41,ATM Withdrawal,Basic,56,"42,246.00",0,Low,1
TX002897,C0387,181.42,2024-01-21 09:45:35,Online Shopping,Student,42,"17,832.00",0,Low,0
TX005653,C0409,181.42,2024-12-03 13:47:07,Healthcare,Standard,39,"63,047.00",0,Low,0
TX006969,C0268,181.26,2024-08-04 06:19:53,Healthcare,Premium,20,"40,638.00",0,Low,0
TX005601,C0415,181.25,2024-01-06 16:55:17,Clothing,Premium,41,"89,249.00",0,Low,0
TX003345,C0273,181.24,2024-04-16 03:39:05,Healthcare,Premium,51,"107,842.00",0,Low,1
TX005076,C0494,181.21,2024-06-13 22:41:58,Electronics,Basic,27,"23,972.00",0,Low,0
TX007612,C0075,181.19,2024-03-15 12:49:56,ATM Withdrawal,Basic,18,"31,024.00",0,Low,0
TX004232,C0487,181.1,2024-03-27 01:39:11,Online Shopping,Standard,30,"87,359.00",0,Low,1
TX002858,C0017,181.05,2024-01-13 15:31:44,Electronics,Standard,25,"58,740.00",0,Low,0
TX003173,C0003,180.97,2024-10-31 00:27:58,Electronics,Standard,45,"73,097.00",0,Low,1
TX006714,C0049,180.93,2024-02-11 14:04:29,Online Shopping,Standard,42,"82,699.00",1,Low,0
TX006985,C0408,180.92,2024-12-24 18:38:48,Clothing,Basic,36,"23,954.00",1,Low,0
TX004043,C0187,180.82,2024-06-03 14:23:56,Healthcare,Premium,43,"80,350.00",0,Low,0
TX007540,C0125,180.65,2024-10-13 20:15:00,Healthcare,Standard,45,"62,842.00",0,Low,0
TX007114,C0214,180.58,2024-01-17 10:03:24,ATM Withdrawal,Standard,45,"83,710.00",0,Low,0
TX001964,C0336,180.46,2024-04-18 21:39:35,Electronics,Basic,36,"19,041.00",0,Low,0
TX000171,C0136,180.42,2024-12-07 11:06:17,Electronics,Basic,56,"16,651.00",0,Low,0
TX001427,C0488,180.22,2024-08-20 00:28:34,Electronics,Student,25,"12,577.00",1,Low,1
TX005748,C0370,180.12,2024-06-18 11:13:51,Online Shopping,Basic,28,"18,690.00",0,Low,0
TX001835,C0028,180.03,2024-12-04 00:06:27,ATM Withdrawal,Basic,42,"24,399.00",0,Low,1
TX001678,C0329,179.94,2024-03-12 01:10:49,Clothing,Basic,45,"28,517.00",0,Low,1
TX001921,C0331,179.94,2024-10-22 04:08:33,Electronics,Standard,37,"55,657.00",0,Low,1
TX006132,C0319,179.92,2024-04-16 01:33:44,Groceries,Basic,41,"27,640.00",0,Low,1
TX003630,C0201,179.9,2024-02-28 17:47:38,Entertainment,Basic,42,"30,629.00",0,Low,0
TX002037,C0094,179.89,2024-09-21 11:21:43,Online Shopping,Student,34,"15,107.00",0,Low,0
TX003605,C0002,179.84,2024-05-06 00:46:18,ATM Withdrawal,Basic,36,"31,173.00",0,Low,1
TX001305,C0005,179.56,2024-09-07 04:13:49,ATM Withdrawal,Basic,35,"32,949.00",0,Low,1
TX004066,C0450,179.48,2024-05-03 12:42:55,Electronics,Basic,25,"18,120.00",0,Low,0
TX004431,C0012,179.47,2024-06-21 13:57:06,Electronics,Standard,32,"66,193.00",0,Low,0
TX004878,C0421,179.34,2024-04-21 03:53:39,Entertainment,Standard,62,"39,023.00",0,Low,1
TX007451,C0174,179.29,2024-01-08 15:54:19,Clothing,Standard,42,"60,197.00",0,Low,0
TX005745,C0464,179.17,2024-05-27 22:57:24,Healthcare,Student,40,"15,733.00",0,Low,0
TX001047,C0478,178.86,2024-02-09 19:18:47,Online Shopping,Premium,41,"41,593.00",0,Low,0
TX006547,C0143,178.79,2024-08-06 08:30:46,Online Shopping,Basic,18,"31,795.00",0,Low,0
TX007807,C0415,178.76,2024-11-18 15:33:04,ATM Withdrawal,Premium,41,"89,249.00",0,Low,0
TX005020,C0463,178.75,2024-08-20 16:31:51,Online Shopping,Student,29,"9,084.00",0,Low,0
TX007700,C0462,178.72,2024-10-06 18:52:56,Online Shopping,Premium,38,"101,754.00",0,Low,0
TX003224,C0055,178.69,2024-10-27 20:57:46,ATM Withdrawal,Standard,50,"51,381.00",0,Low,0
TX002004,C0322,178.19,2024-04-19 16:23:18,Healthcare,Basic,45,"32,231.00",0,Low,0
TX006114,C0154,178.09,2024-03-24 01:22:29,Online Shopping,Basic,40,"41,040.00",0,Low,1
TX005863,C0385,177.9,2024-02-16 03:54:28,Online Shopping,Standard,28,"57,003.00",0,Low,1
TX004850,C0478,177.88,2024-04-28 14:05:08,Healthcare,Premium,41,"41,593.00",0,Low,0
TX005596,C0270,177.8,2024-01-15 20:31:20,Healthcare,Standard,39,"91,596.00",0,Low,0
TX001156,C0156,177.77,2024-06-26 06:23:47,Healthcare,Student,29,"16,583.00",0,Low,0
TX002258,C0167,177.73,2024-03-12 09:00:08,Online Shopping,Standard,47,"72,231.00",0,Low,0
TX007026,C0420,177.7,2024-02-22 16:28:21,Healthcare,Basic,38,"19,505.00",1,Low,0
TX000546,C0411,177.69,2024-09-04 05:33:44,Healthcare,Standard,46,"55,422.00",0,Low,0
TX006068,C0442,177.65,2024-02-09 08:28:48,Online Shopping,Standard,37,"50,462.00",0,Low,0
TX000885,C0465,177.62,2024-11-24 22:35:40,ATM Withdrawal,Student,36,"14,938.00",1,Low,0
TX003161,C0408,177.59,2024-10-04 05:09:40,Clothing,Basic,36,"23,954.00",0,Low,0
TX006648,C0351,177.37,2024-01-21 06:29:12,Dining,Standard,41,"55,511.00",0,Low,0
TX002082,C0312,177.3,2024-06-01 09:59:02,Groceries,Standard,51,"45,056.00",0,Low,0
TX000527,C0032,177.29,2024-12-12 14:35:55,ATM Withdrawal,Standard,60,"60,658.00",0,Low,0
TX005835,C0042,177.11,2024-04-29 02:26:39,Groceries,Standard,40,"65,625.00",0,Low,1
TX003024,C0040,177.09,2024-02-27 08:13:44,Online Shopping,Basic,40,"25,983.00",0,Low,0
TX001516,C0269,177.07,2024-10-05 12:37:11,Clothing,Standard,32,"70,338.00",0,Low,0
TX006473,C0296,177.03,2024-06-23 14:28:53,Online Shopping,Student,29,"9,663.00",0,Low,0
TX007721,C0123,176.86,2024-03-29 10:29:31,Healthcare,Basic,54,"27,437.00",0,Low,0
TX005791,C0285,176.79,2024-01-24 03:06:50,ATM Withdrawal,Basic,63,"31,439.00",0,Low,1
TX000924,C0342,176.75,2024-11-25 17:48:59,ATM Withdrawal,Standard,40,"46,696.00",0,Low,0
TX001464,C0355,176.65,2024-05-01 03:39:36,ATM Withdrawal,Student,37,"16,323.00",0,Low,1
TX003505,C0095,176.65,2024-05-27 04:42:23,Healthcare,Basic,33,"31,667.00",0,Low,1
TX004481,C0346,176.61,2024-06-26 03:14:48,ATM Withdrawal,Basic,40,"28,371.00",0,Low,1
TX002969,C0420,176.55,2024-08-07 20:55:29,Online Shopping,Basic,38,"19,505.00",1,Low,0
TX000450,C0165,176.36,2024-07-18 23:21:29,Online Shopping,Standard,49,"66,575.00",0,Low,0
TX000666,C0265,176.34,2024-08-09 07:20:33,ATM Withdrawal,Student,34,"8,000.00",0,Low,0
TX007131,C0017,176.32,2024-08-12 06:48:17,Clothing,Standard,25,"58,740.00",0,Low,0
TX000484,C0442,176.32,2024-10-02 00:26:31,Online Shopping,Standard,37,"50,462.00",0,Low,1
TX001395,C0287,176.29,2024-10-31 18:16:36,ATM Withdrawal,Standard,36,"68,774.00",0,Low,0
TX005284,C0429,176.13,2024-05-31 18:53:37,ATM Withdrawal,Basic,50,"30,515.00",0,Low,0
TX002999,C0400,176.11,2024-02-07 00:30:51,ATM Withdrawal,Standard,52,"53,516.00",0,Low,1
TX004234,C0130,176.05,2024-05-19 00:32:18,Online Shopping,Standard,31,"61,544.00",0,Low,1
TX004561,C0400,176.02,2024-09-30 10:56:33,Online Shopping,Standard,52,"53,516.00",0,Low,0
TX007851,C0466,175.9,2024-03-31 15:26:28,Groceries,Basic,35,"34,634.00",0,Low,0
TX003171,C0442,175.82,2024-01-11 13:35:09,Healthcare,Standard,37,"50,462.00",0,Low,0
TX006872,C0025,175.73,2024-10-12 11:41:19,Clothing,Standard,31,"71,104.00",0,Low,0
TX005312,C0345,175.65,2024-12-25 00:56:05,Online Shopping,Student,32,"13,483.00",0,Low,1
TX004133,C0214,175.59,2024-07-28 20:04:13,Online Shopping,Standard,45,"83,710.00",0,Low,0
TX007772,C0075,175.57,2024-03-10 04:26:11,Online Shopping,Basic,18,"31,024.00",1,Low,1
TX007384,C0451,175.54,2024-10-02 08:18:46,Entertainment,Basic,37,"9,568.00",0,Low,0
TX007440,C0311,175.43,2024-01-11 20:02:44,Online Shopping,Basic,35,"24,384.00",0,Low,0
TX007613,C0466,175.4,2024-05-22 13:58:21,Clothing,Basic,35,"34,634.00",0,Low,0
TX003863,C0040,175.25,2024-07-15 14:17:38,Electronics,Basic,40,"25,983.00",0,Low,0
TX001429,C0030,175.22,2024-04-02 13:58:34,Healthcare,Standard,34,"32,152.00",0,Low,0
TX002383,C0318,175.21,2024-10-01 14:22:16,Healthcare,Standard,34,"68,423.00",0,Low,0
TX002852,C0305,175.19,2024-09-06 08:56:42,Healthcare,Standard,37,"56,878.00",0,Low,0
TX000557,C0248,175.14,2024-02-14 04:26:32,Online Shopping,Student,30,"15,502.00",0,Low,1
TX006495,C0112,175.13,2024-05-26 09:03:56,ATM Withdrawal,Basic,37,"35,081.00",0,Low,0
TX002842,C0282,174.99,2024-11-26 08:28:58,ATM Withdrawal,Basic,45,"29,213.00",0,Low,0
TX004271,C0414,174.79,2024-09-02 17:10:09,Online Shopping,Standard,53,"62,120.00",0,Low,0
TX005838,C0031,174.64,2024-11-03 07:06:46,Electronics,Basic,30,"25,528.00",0,Low,0
TX002487,C0443,174.64,2024-11-09 04:13:39,Healthcare,Premium,18,"78,354.00",0,Low,1
TX001345,C0250,174.48,2024-10-31 19:35:35,Entertainment,Standard,42,"55,233.00",0,Low,0
TX004491,C0321,174.42,2024-11-29 18:47:32,Online Shopping,Standard,39,"44,897.00",0,Low,0
TX006365,C0149,174.34,2024-12-10 06:06:01,Clothing,Student,44,"14,309.00",0,Low,0
TX007929,C0040,174.32,2024-11-29 06:37:59,ATM Withdrawal,Basic,40,"25,983.00",0,Low,0
TX004460,C0421,174.3,2024-02-03 08:40:39,Online Shopping,Standard,62,"39,023.00",0,Low,0
TX004802,C0093,174.26,2024-12-12 05:44:58,Online Shopping,Premium,29,"83,371.00",0,Low,0
TX003464,C0393,174.24,2024-11-02 01:34:46,Groceries,Student,22,"10,586.00",0,Low,1
TX003589,C0174,174.24,2024-12-17 17:04:45,Clothing,Standard,42,"60,197.00",0,Low,0
TX000743,C0004,174.22,2024-04-30 09:04:48,Online Shopping,Student,56,"11,732.00",0,Low,0
TX002826,C0246,174.18,2024-01-05 08:44:33,Healthcare,Basic,33,"41,005.00",0,Low,0
TX001396,C0208,174.06,2024-07-19 07:31:30,Online Shopping,Basic,44,"28,883.00",0,Low,0
TX003969,C0241,173.87,2024-08-29 12:53:12,ATM Withdrawal,Premium,28,"125,684.00",0,Low,0
TX006823,C0030,173.82,2024-10-31 01:47:14,Groceries,Standard,34,"32,152.00",0,Low,1
TX002652,C0139,173.6,2024-04-11 06:37:02,Healthcare,Student,47,"13,067.00",1,Low,0
TX007730,C0247,173.5,2024-07-14 03:34:03,Clothing,Standard,32,"52,749.00",0,Low,1
TX000028,C0320,173.46,2024-02-05 07:14:07,ATM Withdrawal,Premium,36,"127,432.00",0,Low,0
TX003000,C0215,173.45,2024-06-24 00:19:33,Healthcare,Basic,34,"28,474.00",0,Low,1
TX004466,C0468,173.44,2024-08-23 06:28:33,Entertainment,Basic,47,"22,215.00",0,Low,0
TX007175,C0258,173.41,2024-01-01 08:46:09,Online Shopping,Standard,29,"35,153.00",0,Low,0
TX000947,C0467,173.25,2024-12-17 10:56:42,Online Shopping,Basic,45,"30,956.00",0,Low,0
TX006356,C0362,173.23,2024-11-09 17:57:21,ATM Withdrawal,Premium,56,"102,570.00",0,Low,0
TX004723,C0372,173.21,2024-08-30 04:30:29,ATM Withdrawal,Basic,43,"22,768.00",1,Low,1
TX001494,C0111,173.12,2024-04-10 05:06:17,ATM Withdrawal,Standard,18,"68,427.00",0,Low,0
TX005825,C0062,173.07,2024-08-23 07:26:08,Electronics,Basic,35,"33,654.00",0,Low,0
TX003691,C0499,173.01,2024-06-28 01:13:34,ATM Withdrawal,Standard,27,"49,520.00",0,Low,1
TX001760,C0104,172.92,2024-09-20 03:17:56,Online Shopping,Standard,28,"63,588.00",1,Low,1
TX001063,C0143,172.88,2024-01-30 11:43:28,Clothing,Basic,18,"31,795.00",0,Low,0
TX006791,C0007,172.51,2024-08-03 17:30:14,Healthcare,Premium,56,"90,862.00",0,Low,0
TX002322,C0390,172.48,2024-05-09 13:52:38,Healthcare,Premium,31,"50,063.00",0,Low,0
TX004091,C0151,172.43,2024-03-14 14:57:19,Online Shopping,Standard,41,"64,784.00",0,Low,0
TX000619,C0176,172.39,2024-09-13 13:00:33,Online Shopping,Standard,47,"62,155.00",0,Low,0
TX004208,C0298,172.37,2024-09-08 13:29:03,Clothing,Standard,41,"59,796.00",0,Low,0
TX000851,C0110,172.26,2024-11-14 10:04:30,Healthcare,Student,37,"16,573.00",0,Low,0
TX006341,C0329,172.1,2024-06-18 10:02:20,Healthcare,Basic,45,"28,517.00",0,Low,0
TX001546,C0335,172.06,2024-11-21 08:03:55,Groceries,Standard,49,"46,637.00",0,Low,0
TX003071,C0487,171.87,2024-07-21 01:33:09,Clothing,Standard,30,"87,359.00",0,Low,1
TX006534,C0032,171.81,2024-09-07 16:49:38,Clothing,Standard,60,"60,658.00",0,Low,0
TX004585,C0379,171.69,2024-07-24 13:08:51,Healthcare,Standard,64,"73,196.00",0,Low,0
TX005684,C0132,171.66,2024-02-16 10:22:30,Online Shopping,Student,38,"15,480.00",0,Low,0
TX005241,C0371,171.63,2024-12-10 07:35:58,Clothing,Standard,38,"53,331.00",0,Low,0
TX005441,C0013,171.54,2024-11-08 14:25:17,Groceries,Standard,40,"64,682.00",0,Low,0
TX007787,C0058,171.51,2024-05-14 16:15:52,ATM Withdrawal,Student,34,"20,775.00",0,Low,0
TX001843,C0362,171.5,2024-07-17 07:18:44,Online Shopping,Premium,56,"102,570.00",0,Low,0
TX003634,C0479,171.44,2024-09-09 01:36:39,Groceries,Student,74,"20,884.00",0,Low,1
TX004148,C0316,171.36,2024-09-04 01:45:27,Groceries,Standard,38,"44,606.00",1,Low,1
TX006387,C0378,171.18,2024-03-04 22:21:04,Healthcare,Basic,40,"27,468.00",0,Low,0
TX000193,C0302,171.03,2024-04-01 04:18:16,Fuel,Basic,31,"34,419.00",1,Low,1
TX000649,C0128,170.9,2024-06-20 07:55:02,ATM Withdrawal,Student,31,"23,569.00",0,Low,0
TX005130,C0148,170.88,2024-02-21 16:02:16,Healthcare,Basic,22,"29,691.00",0,Low,0
TX005499,C0173,170.85,2024-10-13 15:56:37,Entertainment,Standard,37,"47,984.00",0,Low,0
TX003762,C0137,170.81,2024-03-24 02:10:32,Clothing,Premium,28,"101,976.00",0,Low,1
TX005917,C0150,170.81,2024-04-25 23:33:30,ATM Withdrawal,Student,41,"18,534.00",0,Low,0
TX001190,C0486,170.73,2024-07-28 06:58:52,Healthcare,Basic,20,"26,096.00",1,Low,0
TX006665,C0419,170.62,2024-06-06 19:27:35,Online Shopping,Standard,52,"55,155.00",0,Low,0
TX006657,C0420,170.61,2024-11-07 02:32:58,Healthcare,Basic,38,"19,505.00",0,Low,1
TX004710,C0462,170.6,2024-06-13 06:32:21,Online Shopping,Premium,38,"101,754.00",0,Low,0
TX002557,C0348,170.58,2024-03-01 09:59:58,Entertainment,Basic,21,"21,881.00",0,Low,0
TX001260,C0387,170.58,2024-06-22 14:30:37,Online Shopping,Student,42,"17,832.00",0,Low,0
TX007710,C0099,170.56,2024-09-29 06:35:13,Healthcare,Basic,38,"21,987.00",0,Low,0
TX006888,C0426,170.55,2024-02-20 06:53:12,Online Shopping,Student,54,"17,118.00",0,Low,0
TX004255,C0253,170.54,2024-06-13 04:43:41,Online Shopping,Basic,63,"42,756.00",0,Low,1
TX006981,C0252,170.47,2024-02-15 12:48:29,ATM Withdrawal,Standard,49,"33,399.00",0,Low,0
TX005683,C0130,170.43,2024-03-14 19:22:02,Entertainment,Standard,31,"61,544.00",0,Low,0
TX001174,C0495,170.37,2024-04-29 18:21:06,Healthcare,Basic,56,"33,679.00",0,Low,0
TX003198,C0110,170.29,2024-07-27 20:58:50,Groceries,Student,37,"16,573.00",0,Low,0
TX006057,C0318,170.25,2024-02-21 23:04:04,ATM Withdrawal,Standard,34,"68,423.00",0,Low,0
TX000226,C0186,170.23,2024-08-01 05:23:44,Entertainment,Student,46,"13,602.00",0,Low,0
TX000979,C0245,170.18,2024-04-21 02:14:01,Clothing,Standard,23,"50,536.00",0,Low,1
TX003914,C0186,169.98,2024-12-23 21:57:59,Clothing,Student,46,"13,602.00",1,Low,0
TX000093,C0414,169.92,2024-10-16 02:36:54,Clothing,Standard,53,"62,120.00",0,Low,1
TX001011,C0045,169.9,2024-08-29 21:51:14,Travel,Standard,20,"35,795.00",0,Low,0
TX000094,C0468,169.83,2024-06-03 02:07:16,ATM Withdrawal,Basic,47,"22,215.00",0,Low,1
TX005562,C0007,169.68,2024-02-17 15:30:37,Groceries,Premium,56,"90,862.00",0,Low,0
TX004138,C0468,169.63,2024-10-03 11:27:57,ATM Withdrawal,Basic,47,"22,215.00",1,Low,0
TX000758,C0484,169.62,2024-05-30 20:02:55,Online Shopping,Standard,40,"82,390.00",0,Low,0
TX002096,C0040,169.54,2024-10-17 03:59:07,Online Shopping,Basic,40,"25,983.00",1,Low,1
TX003843,C0378,169.43,2024-04-25 11:04:42,Entertainment,Basic,40,"27,468.00",0,Low,0
TX001020,C0109,169.42,2024-10-06 06:46:43,Electronics,Basic,41,"35,585.00",0,Low,0
TX001753,C0321,169.25,2024-07-10 19:10:47,Healthcare,Standard,39,"44,897.00",1,Low,0
TX006120,C0181,169.22,2024-10-05 05:31:02,Online Shopping,Basic,45,"17,547.00",1,Low,0
TX007904,C0478,169.07,2024-08-09 04:46:55,Clothing,Premium,41,"41,593.00",0,Low,1
TX001993,C0101,168.93,2024-04-15 13:56:52,Electronics,Student,21,"22,190.00",0,Low,0
TX004100,C0093,168.87,2024-01-14 03:53:43,Online Shopping,Premium,29,"83,371.00",0,Low,1
TX000687,C0476,168.81,2024-08-04 17:47:09,Online Shopping,Standard,35,"80,675.00",0,Low,0
TX002238,C0321,168.72,2024-05-21 13:07:26,Clothing,Standard,39,"44,897.00",0,Low,0
TX003607,C0210,168.62,2024-12-24 04:29:56,Healthcare,Standard,75,"39,401.00",0,Low,1
TX005865,C0341,168.59,2024-03-08 08:11:24,Online Shopping,Student,28,"21,710.00",0,Low,0
TX006587,C0104,168.55,2024-01-20 10:13:34,Online Shopping,Standard,28,"63,588.00",0,Low,0
TX000282,C0109,168.54,2024-03-15 07:30:44,Healthcare,Basic,41,"35,585.00",0,Low,0
TX001822,C0004,168.54,2024-07-14 07:56:02,ATM Withdrawal,Student,56,"11,732.00",0,Low,0
TX001325,C0476,168.34,2024-10-06 16:51:16,ATM Withdrawal,Standard,35,"80,675.00",0,Low,0
TX003452,C0460,168.33,2024-01-22 09:44:32,ATM Withdrawal,Student,23,"8,000.00",1,Low,0
TX001629,C0213,168.32,2024-03-15 11:14:29,Clothing,Standard,49,"45,643.00",0,Low,0
TX000368,C0126,168.24,2024-09-15 16:57:32,Online Shopping,Standard,64,"46,394.00",0,Low,0
TX007433,C0259,168.19,2024-01-11 22:57:14,Healthcare,Standard,43,"79,630.00",0,Low,0
TX000312,C0161,168.16,2024-03-17 16:16:13,ATM Withdrawal,Premium,26,"89,233.00",0,Low,0
TX007218,C0218,168.13,2024-11-25 00:39:29,Healthcare,Standard,35,"62,435.00",0,Low,1
TX002893,C0450,168.11,2024-08-27 18:07:56,Healthcare,Basic,25,"18,120.00",1,Low,0
TX005486,C0144,168.08,2024-08-21 17:20:13,Electronics,Standard,40,"70,706.00",1,Low,0
TX003833,C0143,168.07,2024-02-06 12:23:40,Online Shopping,Basic,18,"31,795.00",0,Low,0
TX000733,C0201,168.06,2024-11-30 08:47:51,Online Shopping,Basic,42,"30,629.00",0,Low,0
TX004944,C0258,167.89,2024-01-29 23:35:13,Online Shopping,Standard,29,"35,153.00",0,Low,0
TX004932,C0423,167.86,2024-03-15 00:58:51,Healthcare,Basic,35,"25,123.00",0,Low,1
TX007178,C0180,167.82,2024-04-15 13:49:30,Online Shopping,Standard,70,"47,593.00",0,Low,0
TX001733,C0398,167.82,2024-11-03 00:37:26,Online Shopping,Standard,54,"67,577.00",0,Low,1
TX000204,C0086,167.78,2024-03-01 16:53:07,Online Shopping,Standard,31,"61,381.00",0,Low,0
TX006515,C0082,167.73,2024-11-08 13:31:06,ATM Withdrawal,Standard,42,"18,641.00",0,Low,0
TX002202,C0228,167.68,2024-01-11 19:31:14,Online Shopping,Standard,25,"37,854.00",0,Low,0
TX003108,C0187,167.67,2024-04-10 19:31:09,Healthcare,Premium,43,"80,350.00",0,Low,0
TX001932,C0355,167.66,2024-07-30 02:00:24,Online Shopping,Student,37,"16,323.00",0,Low,1
TX001579,C0209,167.6,2024-03-07 09:59:49,Online Shopping,Standard,44,"71,622.00",0,Low,0
TX002853,C0103,167.35,2024-03-04 01:47:28,Groceries,Standard,33,"46,432.00",0,Low,1
TX000903,C0026,167.35,2024-12-22 22:47:37,ATM Withdrawal,Basic,39,"21,787.00",0,Low,0
TX004681,C0111,167.28,2024-12-03 07:26:58,Online Shopping,Standard,18,"68,427.00",0,Low,0
TX002275,C0063,167.22,2024-12-18 01:40:25,Dining,Student,24,"17,279.00",0,Low,1
TX001142,C0023,167.14,2024-03-19 12:33:50,Online Shopping,Basic,38,"26,428.00",0,Low,0
TX005306,C0153,167.08,2024-02-11 07:19:11,ATM Withdrawal,Student,29,"20,906.00",0,Low,0
TX004880,C0039,167.07,2024-06-17 09:24:04,Electronics,Standard,22,"61,600.00",0,Low,0
TX005805,C0020,167.03,2024-01-24 22:53:51,Online Shopping,Standard,21,"59,185.00",0,Low,0
TX004641,C0058,166.84,2024-08-26 06:20:44,Clothing,Student,34,"20,775.00",0,Low,0
TX002224,C0480,166.78,2024-05-11 08:52:38,Electronics,Standard,51,"51,860.00",0,Low,0
TX007389,C0126,166.71,2024-04-22 15:59:16,Clothing,Standard,64,"46,394.00",0,Low,0
TX005857,C0057,166.58,2024-09-09 21:26:49,Clothing,Standard,27,"36,226.00",0,Low,0
TX006681,C0076,166.51,2024-06-07 10:46:04,Clothing,Standard,47,"44,784.00",0,Low,0
TX006129,C0076,166.36,2024-12-22 07:19:42,Online Shopping,Standard,47,"44,784.00",0,Low,0
TX006989,C0283,166.33,2024-11-22 10:24:31,Clothing,Standard,57,"40,171.00",0,Low,0
TX006158,C0464,166.31,2024-11-01 21:50:09,Travel,Student,40,"15,733.00",0,Low,0
TX003371,C0293,166.29,2024-12-29 01:23:55,Online Shopping,Basic,30,"34,400.00",0,Low,1
TX006004,C0307,166.25,2024-04-15 19:08:25,Online Shopping,Standard,53,"56,834.00",0,Low,0
TX000454,C0069,166.22,2024-04-04 14:31:04,ATM Withdrawal,Premium,42,"87,307.00",0,Low,0
TX007078,C0146,166.16,2024-05-29 12:20:38,ATM Withdrawal,Basic,47,"26,328.00",0,Low,0
TX002110,C0041,166.13,2024-11-03 12:41:30,ATM Withdrawal,Standard,46,"39,681.00",0,Low,0
TX007155,C0291,166.12,2024-11-19 10:43:32,ATM Withdrawal,Student,35,"11,070.00",0,Low,0
TX005986,C0006,166.08,2024-11-12 22:42:36,Online Shopping,Standard,35,"49,099.00",0,Low,0
TX005633,C0256,166.06,2024-03-21 00:51:32,Groceries,Standard,32,"22,699.00",0,Low,1
TX003121,C0182,166.06,2024-07-24 09:06:35,Electronics,Basic,27,"26,575.00",0,Low,0
TX003890,C0360,166.03,2024-11-05 12:19:15,ATM Withdrawal,Basic,28,"20,322.00",0,Low,0
TX000144,C0095,166.03,2024-11-14 10:30:48,Online Shopping,Basic,33,"31,667.00",0,Low,0
TX003065,C0269,166.02,2024-08-31 15:01:25,Clothing,Standard,32,"70,338.00",0,Low,0
TX007619,C0215,165.92,2024-11-22 13:57:20,Fuel,Basic,34,"28,474.00",0,Low,0
TX003621,C0094,165.84,2024-04-14 08:43:44,Clothing,Student,34,"15,107.00",0,Low,0
TX006963,C0014,165.73,2024-07-20 09:38:38,Online Shopping,Student,18,"23,653.00",0,Low,0
TX005816,C0431,165.44,2024-11-15 08:56:23,Clothing,Student,23,"11,242.00",0,Low,0
TX004666,C0167,165.39,2024-02-01 01:17:30,ATM Withdrawal,Standard,47,"72,231.00",0,Low,1
TX002328,C0483,165.14,2024-10-01 17:30:04,Electronics,Basic,18,"25,155.00",0,Low,0
TX007846,C0031,165.12,2024-04-30 21:55:39,Online Shopping,Basic,30,"25,528.00",0,Low,0
TX003805,C0434,164.95,2024-12-11 15:32:22,Clothing,Basic,46,"34,799.00",0,Low,0
TX004349,C0165,164.94,2024-04-04 19:54:34,Healthcare,Standard,49,"66,575.00",0,Low,0
TX005923,C0239,164.92,2024-11-07 15:19:25,Clothing,Standard,30,"51,337.00",0,Low,0
TX005713,C0278,164.91,2024-08-03 23:55:10,Dining,Standard,30,"54,061.00",0,Low,0
TX007159,C0473,164.81,2024-03-30 21:43:44,ATM Withdrawal,Basic,19,"26,453.00",0,Low,0
TX003859,C0360,164.69,2024-08-09 10:03:30,Healthcare,Basic,28,"20,322.00",1,Low,0
TX005011,C0455,164.6,2024-01-09 18:07:27,Clothing,Standard,31,"37,448.00",0,Low,0
TX001136,C0195,164.56,2024-07-25 16:58:22,Groceries,Standard,40,"53,925.00",0,Low,0
TX003485,C0400,164.51,2024-03-31 17:32:04,Online Shopping,Standard,52,"53,516.00",0,Low,0
TX005956,C0294,164.47,2024-10-02 15:56:06,ATM Withdrawal,Basic,48,"22,253.00",1,Low,0
TX004379,C0372,164.46,2024-09-06 21:26:56,ATM Withdrawal,Basic,43,"22,768.00",0,Low,0
TX003214,C0468,164.4,2024-10-20 20:32:58,Online Shopping,Basic,47,"22,215.00",0,Low,0
TX004355,C0290,164.34,2024-06-20 06:10:26,ATM Withdrawal,Student,30,"18,763.00",0,Low,0
TX005318,C0211,164.08,2024-06-21 10:40:32,Entertainment,Student,44,"17,451.00",0,Low,0
TX004673,C0171,164.06,2024-08-26 01:41:46,Online Shopping,Basic,27,"19,642.00",1,Low,1
TX004844,C0132,164.03,2024-10-03 14:07:22,Healthcare,Student,38,"15,480.00",0,Low,0
TX005021,C0035,163.99,2024-01-05 02:57:50,Online Shopping,Standard,47,"46,672.00",0,Low,1
TX000612,C0417,163.97,2024-04-21 18:21:53,Online Shopping,Student,56,"20,560.00",0,Low,0
TX007545,C0326,163.9,2024-03-14 02:41:08,Online Shopping,Premium,23,"99,294.00",0,Low,1
TX006288,C0328,163.86,2024-05-02 22:42:05,Online Shopping,Standard,47,"61,206.00",0,Low,0
TX001784,C0126,163.82,2024-10-20 16:26:04,ATM Withdrawal,Standard,64,"46,394.00",0,Low,0
TX004209,C0466,163.8,2024-01-05 07:32:34,ATM Withdrawal,Basic,35,"34,634.00",0,Low,0
TX005277,C0498,163.8,2024-01-06 17:36:01,Online Shopping,Basic,35,"31,092.00",0,Low,0
TX002693,C0452,163.72,2024-07-29 11:28:07,Online Shopping,Standard,49,"69,014.00",0,Low,0
TX004207,C0121,163.68,2024-06-16 22:13:06,ATM Withdrawal,Basic,47,"24,788.00",0,Low,0
TX002226,C0214,163.49,2024-02-18 08:45:40,Healthcare,Standard,45,"83,710.00",0,Low,0
TX001045,C0450,163.48,2024-10-10 23:25:45,Healthcare,Basic,25,"18,120.00",0,Low,0
TX003696,C0227,163.39,2024-03-21 06:52:02,Fuel,Basic,38,"35,109.00",0,Low,0
TX006244,C0012,163.38,2024-03-31 09:05:52,Clothing,Standard,32,"66,193.00",0,Low,0
TX000960,C0237,163.36,2024-09-02 13:58:35,Fuel,Basic,18,"42,909.00",0,Low,0
TX005897,C0108,163.28,2024-02-20 21:20:52,Online Shopping,Basic,40,"24,824.00",1,Low,0
TX006539,C0459,163.21,2024-02-04 18:38:51,Online Shopping,Premium,31,"72,704.00",0,Low,0
TX005025,C0294,163.2,2024-04-22 08:05:15,Clothing,Basic,48,"22,253.00",0,Low,0
TX001104,C0301,163.2,2024-08-30 20:22:58,Online Shopping,Standard,28,"54,705.00",0,Low,0
TX000096,C0172,163.06,2024-05-19 06:59:05,Online Shopping,Standard,28,"72,412.00",0,Low,0
TX007538,C0153,163.01,2024-07-06 04:02:56,ATM Withdrawal,Student,29,"20,906.00",0,Low,1
TX003258,C0434,162.99,2024-09-15 10:41:02,Healthcare,Basic,46,"34,799.00",0,Low,0
TX007367,C0164,162.93,2024-02-07 11:33:40,Fuel,Premium,28,"78,881.00",0,Low,0
TX006703,C0294,162.82,2024-01-28 22:25:29,Entertainment,Basic,48,"22,253.00",0,Low,0
TX005303,C0190,162.59,2024-12-23 01:19:30,Online Shopping,Student,19,"16,720.00",0,Low,1
TX007356,C0442,162.57,2024-01-04 20:54:48,Healthcare,Standard,37,"50,462.00",0,Low,0
TX007986,C0386,162.56,2024-07-10 14:40:01,ATM Withdrawal,Basic,39,"28,780.00",0,Low,0
TX004953,C0171,162.51,2024-08-26 10:42:19,Clothing,Basic,27,"19,642.00",0,Low,0
TX001582,C0306,162.43,2024-11-28 09:50:22,Healthcare,Standard,39,"48,558.00",0,Low,0
TX004830,C0496,162.39,2024-08-08 17:16:30,Online Shopping,Basic,44,"24,578.00",0,Low,0
TX001953,C0260,162.38,2024-08-29 13:18:09,Online Shopping,Student,47,"19,039.00",0,Low,0
TX003956,C0078,162.31,2024-07-28 07:44:30,Healthcare,Student,34,"12,389.00",0,Low,0
TX000026,C0352,162.3,2024-05-02 20:34:05,Clothing,Standard,55,"43,450.00",0,Low,0
TX000729,C0156,162.29,2024-01-15 16:25:46,Healthcare,Student,29,"16,583.00",0,Low,0
TX006912,C0373,162.29,2024-05-12 01:08:36,Online Shopping,Premium,55,"67,934.00",0,Low,1
TX007146,C0152,162.26,2024-10-01 14:56:10,Online Shopping,Premium,42,"42,708.00",0,Low,0
TX002657,C0214,162.18,2024-07-14 18:46:40,Online Shopping,Standard,45,"83,710.00",0,Low,0
TX000601,C0386,162.13,2024-02-01 05:58:10,ATM Withdrawal,Basic,39,"28,780.00",1,Low,0
TX004085,C0423,162.13,2024-09-16 17:40:01,ATM Withdrawal,Basic,35,"25,123.00",0,Low,0
TX003356,C0364,162.13,2024-12-01 03:28:45,Travel,Standard,42,"54,163.00",0,Low,1
TX006573,C0237,162.08,2024-04-13 06:25:38,Electronics,Basic,18,"42,909.00",0,Low,0
TX002925,C0322,162.05,2024-01-01 05:59:14,Clothing,Basic,45,"32,231.00",0,Low,0
TX000682,C0216,162.03,2024-02-27 07:49:12,Entertainment,Standard,47,"58,261.00",0,Low,0
TX003999,C0391,161.83,2024-10-13 02:41:08,Online Shopping,Student,27,"8,000.00",1,Low,1
TX002161,C0313,161.82,2024-02-04 19:22:10,Online Shopping,Basic,47,"18,779.00",0,Low,0
TX003529,C0096,161.78,2024-03-22 08:45:45,Clothing,Standard,20,"24,373.00",0,Low,0
TX005665,C0094,161.74,2024-10-11 07:49:24,Groceries,Student,34,"15,107.00",0,Low,0
TX003714,C0028,161.66,2024-09-01 03:54:03,Healthcare,Basic,42,"24,399.00",0,Low,1
TX005574,C0298,161.58,2024-03-21 12:12:55,Entertainment,Standard,41,"59,796.00",0,Low,0
TX003790,C0442,161.58,2024-07-18 04:32:46,Online Shopping,Standard,37,"50,462.00",0,Low,1
TX000066,C0374,161.42,2024-10-10 05:45:33,Online Shopping,Basic,49,"39,888.00",1,Low,0
TX004489,C0060,161.39,2024-04-10 11:50:32,Electronics,Student,49,"19,469.00",0,Low,0
TX002309,C0315,161.37,2024-05-26 07:03:09,ATM Withdrawal,Basic,53,"20,049.00",0,Low,0
TX002076,C0425,161.35,2024-07-24 07:42:59,Online Shopping,Standard,45,"55,849.00",0,Low,0
TX002464,C0438,161.33,2024-05-07 05:32:03,Clothing,Standard,21,"77,360.00",0,Low,0
TX000112,C0431,161.31,2024-04-06 03:17:17,ATM Withdrawal,Student,23,"11,242.00",1,Low,1
TX004244,C0375,161.28,2024-09-20 00:06:30,Entertainment,Standard,63,"71,369.00",0,Low,1
TX003324,C0212,161.18,2024-05-27 05:43:36,Online Shopping,Student,51,"10,786.00",0,Low,0
TX003087,C0392,161.17,2024-08-14 09:35:32,Fuel,Premium,43,"105,239.00",0,Low,0
TX006744,C0414,161.13,2024-06-26 15:41:20,Online Shopping,Standard,53,"62,120.00",0,Low,0
TX006399,C0248,161.04,2024-11-16 23:50:16,ATM Withdrawal,Student,30,"15,502.00",0,Low,0
TX001594,C0065,160.92,2024-08-19 19:06:00,ATM Withdrawal,Premium,47,"109,281.00",0,Low,0
TX007776,C0114,160.91,2024-02-14 02:14:33,Online Shopping,Basic,67,"25,718.00",1,Low,1
TX001789,C0373,160.75,2024-06-10 11:12:53,Clothing,Premium,55,"67,934.00",0,Low,0
TX001017,C0072,160.72,2024-02-15 23:05:35,Dining,Standard,56,"82,014.00",0,Low,0
TX002991,C0092,160.17,2024-01-01 11:13:22,Online Shopping,Basic,49,"37,018.00",0,Low,0
TX006637,C0143,160.11,2024-08-27 12:04:24,Electronics,Basic,18,"31,795.00",0,Low,0
TX007041,C0158,160.02,2024-02-14 02:47:23,Entertainment,Standard,43,"58,910.00",0,Low,1
TX004730,C0232,159.87,2024-08-26 23:40:44,Online Shopping,Standard,40,"43,685.00",0,Low,0
TX004425,C0296,159.86,2024-09-26 05:32:33,Entertainment,Student,29,"9,663.00",0,Low,0
TX000688,C0286,159.82,2024-04-16 07:25:52,ATM Withdrawal,Basic,18,"41,136.00",0,Low,0
TX007437,C0013,159.82,2024-08-01 18:36:46,Electronics,Standard,40,"64,682.00",0,Low,0
TX000562,C0097,159.6,2024-05-15 06:12:03,Electronics,Premium,41,"82,584.00",0,Low,0
TX001215,C0262,159.52,2024-09-22 11:50:27,Online Shopping,Premium,37,"157,573.00",0,Low,0
TX000395,C0414,159.44,2024-01-01 03:33:21,ATM Withdrawal,Standard,53,"62,120.00",0,Low,1
TX007476,C0496,159.44,2024-01-17 20:40:11,Healthcare,Basic,44,"24,578.00",0,Low,0
TX004659,C0475,159.31,2024-04-15 18:29:57,Clothing,Premium,57,"84,811.00",0,Low,0
TX005686,C0423,159.3,2024-01-22 18:32:56,Online Shopping,Basic,35,"25,123.00",0,Low,0
TX000346,C0051,159.25,2024-11-11 11:43:54,Online Shopping,Standard,41,"32,117.00",0,Low,0
TX002515,C0369,159.23,2024-12-12 20:13:32,Healthcare,Student,39,"15,677.00",0,Low,0
TX006212,C0457,159.1,2024-06-28 09:21:40,Online Shopping,Basic,36,"34,331.00",0,Low,0
TX000458,C0421,159.07,2024-07-09 06:35:10,Healthcare,Standard,62,"39,023.00",0,Low,0
TX000318,C0047,158.99,2024-08-14 12:59:41,Groceries,Premium,32,"109,506.00",0,Low,0
TX002570,C0151,158.9,2024-09-10 21:25:50,Online Shopping,Standard,41,"64,784.00",0,Low,0
TX002105,C0242,158.87,2024-11-05 01:04:08,Online Shopping,Premium,36,"53,171.00",0,Low,1
TX003406,C0344,158.86,2024-04-30 16:05:15,Groceries,Standard,31,"79,425.00",0,Low,0
TX007918,C0488,158.81,2024-06-27 16:28:03,Groceries,Student,25,"12,577.00",0,Low,0
TX006235,C0162,158.63,2024-09-27 20:25:13,Entertainment,Standard,47,"72,590.00",0,Low,0
TX003934,C0490,158.58,2024-06-24 23:17:03,Clothing,Basic,48,"32,394.00",0,Low,0
TX003785,C0211,158.53,2024-06-22 00:07:55,Healthcare,Student,44,"17,451.00",0,Low,1
TX005008,C0295,158.53,2024-09-15 15:13:21,Clothing,Standard,42,"56,580.00",0,Low,0
TX005405,C0164,158.51,2024-12-15 00:10:07,Entertainment,Premium,28,"78,881.00",0,Low,1
TX004722,C0430,158.45,2024-07-31 19:07:23,Healthcare,Standard,18,"25,368.00",0,Low,0
TX001703,C0028,158.43,2024-04-29 16:58:50,Electronics,Basic,42,"24,399.00",1,Low,0
TX007050,C0235,158.42,2024-02-21 21:08:40,Fuel,Basic,63,"32,570.00",0,Low,0
TX003684,C0390,158.12,2024-02-26 12:05:52,Fuel,Premium,31,"50,063.00",0,Low,0
TX006713,C0386,157.78,2024-07-02 18:10:27,Clothing,Basic,39,"28,780.00",0,Low,0
TX000657,C0404,157.72,2024-01-28 00:57:35,Dining,Student,38,"16,286.00",0,Low,1
TX003144,C0269,157.68,2024-04-20 14:45:41,Online Shopping,Standard,32,"70,338.00",0,Low,0
TX004682,C0437,157.66,2024-02-02 16:50:56,Online Shopping,Standard,57,"51,798.00",0,Low,0
TX006886,C0237,157.54,2024-08-24 04:32:03,Healthcare,Basic,18,"42,909.00",0,Low,1
TX006845,C0097,157.37,2024-02-27 21:23:01,ATM Withdrawal,Premium,41,"82,584.00",0,Low,0
TX006294,C0014,157.37,2024-08-25 19:27:44,Clothing,Student,18,"23,653.00",0,Low,0
TX002042,C0091,157.2,2024-11-14 20:54:54,Groceries,Student,39,"21,013.00",0,Low,0
TX003297,C0296,157.17,2024-05-19 07:25:20,Online Shopping,Student,29,"9,663.00",0,Low,0
TX005656,C0392,157.11,2024-06-26 01:08:16,ATM Withdrawal,Premium,43,"105,239.00",0,Low,1
TX006590,C0309,157.08,2024-01-14 02:09:11,Groceries,Basic,44,"30,390.00",1,Low,1
TX004593,C0273,157.08,2024-09-22 02:30:15,Groceries,Premium,51,"107,842.00",0,Low,1
TX006911,C0371,157.02,2024-10-17 00:45:37,Online Shopping,Standard,38,"53,331.00",0,Low,1
TX000184,C0224,156.99,2024-02-05 22:08:25,Clothing,Basic,18,"38,405.00",0,Low,0
TX001684,C0481,156.94,2024-12-27 00:26:04,Entertainment,Standard,36,"44,963.00",1,Low,1
TX003068,C0391,156.87,2024-07-16 15:05:35,Healthcare,Student,27,"8,000.00",0,Low,0
TX007121,C0176,156.79,2024-04-03 20:52:38,ATM Withdrawal,Standard,47,"62,155.00",0,Low,0
TX003898,C0423,156.76,2024-08-28 16:27:38,Healthcare,Basic,35,"25,123.00",0,Low,0
TX005661,C0357,156.71,2024-04-28 23:31:02,Clothing,Basic,37,"14,050.00",0,Low,0
TX005056,C0278,156.64,2024-10-18 19:55:46,ATM Withdrawal,Standard,30,"54,061.00",0,Low,0
TX007128,C0138,156.63,2024-04-21 23:31:02,Online Shopping,Student,34,"17,588.00",0,Low,0
TX007371,C0123,156.58,2024-03-11 16:03:48,Clothing,Basic,54,"27,437.00",0,Low,0
TX002624,C0284,156.58,2024-07-01 08:20:35,ATM Withdrawal,Basic,23,"21,171.00",0,Low,0
TX007568,C0478,156.54,2024-10-04 19:45:58,Electronics,Premium,41,"41,593.00",0,Low,0
TX000129,C0150,156.49,2024-11-16 17:36:13,Online Shopping,Student,41,"18,534.00",0,Low,0
TX006598,C0496,156.35,2024-09-15 19:05:43,Electronics,Basic,44,"24,578.00",0,Low,0
TX003748,C0210,156.3,2024-09-13 12:01:39,Healthcare,Standard,75,"39,401.00",0,Low,0
TX007833,C0141,156.16,2024-08-06 07:08:19,ATM Withdrawal,Basic,40,"20,193.00",0,Low,0
TX000362,C0192,156.02,2024-04-24 11:48:47,Clothing,Basic,48,"31,910.00",0,Low,0
TX005814,C0024,155.98,2024-09-11 10:26:21,ATM Withdrawal,Standard,20,"57,911.00",0,Low,0
TX006557,C0143,155.94,2024-07-30 21:03:55,Online Shopping,Basic,18,"31,795.00",0,Low,0
TX000161,C0023,155.84,2024-01-26 21:53:57,Online Shopping,Basic,38,"26,428.00",0,Low,0
TX000300,C0146,155.82,2024-11-18 08:00:43,ATM Withdrawal,Basic,47,"26,328.00",0,Low,0
TX005717,C0422,155.71,2024-12-23 18:24:43,Online Shopping,Student,59,"13,779.00",0,Low,0
TX007899,C0046,155.67,2024-09-22 05:26:18,Clothing,Premium,29,"116,173.00",0,Low,0
TX003575,C0438,155.65,2024-12-02 05:22:54,Healthcare,Standard,21,"77,360.00",0,Low,0
TX002423,C0017,155.64,2024-04-24 19:43:15,Online Shopping,Standard,25,"58,740.00",0,Low,0
TX007013,C0220,155.57,2024-05-14 19:01:02,Clothing,Basic,38,"32,919.00",0,Low,0
TX006273,C0181,155.53,2024-06-08 03:16:56,Online Shopping,Basic,45,"17,547.00",0,Low,1
TX002133,C0482,155.51,2024-02-05 03:42:34,Online Shopping,Basic,26,"38,319.00",0,Low,1
TX000147,C0407,155.44,2024-07-15 20:14:01,Clothing,Standard,25,"52,375.00",0,Low,0
TX000686,C0076,155.41,2024-06-13 10:24:44,Clothing,Standard,47,"44,784.00",0,Low,0
TX003104,C0390,155.39,2024-01-25 11:01:28,ATM Withdrawal,Premium,31,"50,063.00",0,Low,0
TX005242,C0303,155.28,2024-06-07 16:12:31,Groceries,Premium,46,"96,717.00",0,Low,0
TX001989,C0137,155.25,2024-03-20 07:16:41,Clothing,Premium,28,"101,976.00",0,Low,0
TX002789,C0420,155.21,2024-04-09 06:20:00,Groceries,Basic,38,"19,505.00",0,Low,0
TX003210,C0388,155.18,2024-08-24 06:58:29,Entertainment,Basic,60,"37,653.00",0,Low,0
TX003583,C0058,155.16,2024-07-03 00:00:16,ATM Withdrawal,Student,34,"20,775.00",0,Low,1
TX005785,C0068,155.04,2024-09-28 22:20:47,Clothing,Basic,50,"35,672.00",0,Low,0
TX006826,C0265,154.88,2024-10-17 12:43:13,Groceries,Student,34,"8,000.00",0,Low,0
TX005914,C0485,154.8,2024-02-01 21:25:19,Groceries,Basic,28,"35,423.00",0,Low,0
TX001081,C0377,154.64,2024-06-13 19:37:15,Clothing,Premium,48,"57,230.00",0,Low,0
TX003168,C0207,154.63,2024-02-19 12:17:32,Online Shopping,Standard,44,"86,325.00",0,Low,0
TX005959,C0334,154.61,2024-05-19 08:18:03,Online Shopping,Basic,29,"47,684.00",0,Low,0
TX000370,C0295,154.56,2024-12-03 20:02:18,ATM Withdrawal,Standard,42,"56,580.00",1,Low,0
TX007583,C0024,154.48,2024-09-11 17:57:55,Groceries,Standard,20,"57,911.00",0,Low,0
TX004381,C0130,154.46,2024-09-28 04:02:22,ATM Withdrawal,Standard,31,"61,544.00",0,Low,1
TX007162,C0324,154.34,2024-04-21 04:24:30,Clothing,Basic,63,"47,161.00",0,Low,1
TX002039,C0099,154.32,2024-04-07 23:43:24,Clothing,Basic,38,"21,987.00",0,Low,0
TX005033,C0340,154.31,2024-01-11 15:04:05,Online Shopping,Premium,31,"139,173.00",0,Low,0
TX004556,C0231,154.29,2024-03-10 03:40:23,ATM Withdrawal,Premium,29,"99,079.00",0,Low,1
TX000897,C0076,153.85,2024-06-25 08:54:09,Online Shopping,Standard,47,"44,784.00",0,Low,0
TX000510,C0125,153.81,2024-05-18 08:56:59,Online Shopping,Standard,45,"62,842.00",0,Low,0
TX006414,C0460,153.67,2024-04-22 21:11:31,ATM Withdrawal,Student,23,"8,000.00",0,Low,0
TX007758,C0390,153.67,2024-12-27 02:11:09,Electronics,Premium,31,"50,063.00",0,Low,1
TX003764,C0400,153.65,2024-05-21 15:09:56,Electronics,Standard,52,"53,516.00",0,Low,0
TX002437,C0219,153.6,2024-01-31 04:11:40,Fuel,Basic,32,"31,203.00",0,Low,1
TX006709,C0457,153.54,2024-07-26 11:52:08,Healthcare,Basic,36,"34,331.00",0,Low,0
TX005727,C0216,153.53,2024-03-28 18:52:50,Clothing,Standard,47,"58,261.00",0,Low,0
TX006046,C0424,153.2,2024-05-12 08:06:02,Healthcare,Premium,49,"84,390.00",0,Low,0
TX007789,C0473,153.17,2024-03-20 18:35:35,Online Shopping,Basic,19,"26,453.00",0,Low,0
TX007170,C0232,153.17,2024-10-12 10:31:38,ATM Withdrawal,Standard,40,"43,685.00",0,Low,0
TX006668,C0226,153.16,2024-09-07 00:15:59,Electronics,Premium,51,"125,610.00",0,Low,1
TX005895,C0181,153.1,2024-09-24 01:10:15,Dining,Basic,45,"17,547.00",1,Low,1
TX002950,C0479,152.83,2024-08-24 22:49:08,Online Shopping,Student,74,"20,884.00",0,Low,0
TX001232,C0196,152.66,2024-08-19 21:12:47,Healthcare,Student,42,"14,851.00",0,Low,0
TX004846,C0218,152.61,2024-12-04 09:25:26,Electronics,Standard,35,"62,435.00",0,Low,0
TX007632,C0002,152.6,2024-01-26 13:01:11,Online Shopping,Basic,36,"31,173.00",0,Low,0
TX004627,C0495,152.6,2024-11-27 07:03:48,Clothing,Basic,56,"33,679.00",0,Low,0
TX001193,C0388,152.58,2024-02-12 00:55:07,Entertainment,Basic,60,"37,653.00",0,Low,1
TX001762,C0186,152.55,2024-09-10 01:25:28,Fuel,Student,46,"13,602.00",0,Low,1
TX001642,C0094,152.49,2024-03-31 11:46:09,Entertainment,Student,34,"15,107.00",0,Low,0
TX001601,C0452,152.47,2024-12-09 16:28:37,Online Shopping,Standard,49,"69,014.00",0,Low,0
TX000409,C0106,152.46,2024-08-19 00:33:42,Healthcare,Basic,42,"37,397.00",0,Low,1
TX004060,C0271,152.34,2024-09-29 22:51:08,Electronics,Basic,55,"41,074.00",0,Low,0
TX002065,C0315,152.28,2024-05-11 03:06:49,Groceries,Basic,53,"20,049.00",0,Low,1
TX001417,C0286,152.18,2024-08-30 11:53:33,ATM Withdrawal,Basic,18,"41,136.00",0,Low,0
TX005859,C0482,152.13,2024-02-26 00:31:36,Fuel,Basic,26,"38,319.00",0,Low,1
TX000334,C0050,151.97,2024-02-09 10:55:03,ATM Withdrawal,Basic,18,"21,439.00",0,Low,0
TX002722,C0362,151.96,2024-01-29 10:17:26,ATM Withdrawal,Premium,56,"102,570.00",0,Low,0
TX006678,C0028,151.86,2024-10-03 02:51:28,Online Shopping,Basic,42,"24,399.00",0,Low,1
TX000920,C0406,151.85,2024-09-20 03:19:57,Fuel,Standard,45,"69,880.00",1,Low,1
TX005024,C0111,151.82,2024-10-15 10:06:45,Healthcare,Standard,18,"68,427.00",0,Low,0
TX001292,C0252,151.8,2024-05-07 16:25:48,ATM Withdrawal,Standard,49,"33,399.00",0,Low,0
TX005977,C0082,151.8,2024-09-08 01:30:22,ATM Withdrawal,Standard,42,"18,641.00",0,Low,1
TX000691,C0277,151.79,2024-09-13 14:10:15,Entertainment,Standard,40,"56,563.00",0,Low,0
TX001673,C0100,151.75,2024-09-22 12:58:14,Online Shopping,Standard,35,"50,783.00",0,Low,0
TX004400,C0327,151.74,2024-03-25 23:25:11,Entertainment,Basic,51,"35,070.00",0,Low,0
TX006155,C0025,151.73,2024-08-05 03:51:24,Online Shopping,Standard,31,"71,104.00",0,Low,1
TX002285,C0451,151.7,2024-02-11 13:39:26,Groceries,Basic,37,"9,568.00",0,Low,0
TX002106,C0116,151.69,2024-12-10 23:50:52,Groceries,Standard,41,"57,963.00",0,Low,0
TX002696,C0196,151.67,2024-05-11 10:41:07,Entertainment,Student,42,"14,851.00",0,Low,0
TX004293,C0064,151.59,2024-06-11 09:18:35,Online Shopping,Standard,23,"61,715.00",0,Low,0
TX004910,C0390,151.5,2024-07-10 04:38:22,ATM Withdrawal,Premium,31,"50,063.00",0,Low,1
TX004103,C0288,151.43,2024-02-27 11:12:57,Online Shopping,Premium,45,"42,884.00",0,Low,0
TX002460,C0230,151.43,2024-10-01 05:47:11,Clothing,Standard,46,"37,804.00",0,Low,0
TX002027,C0129,151.4,2024-07-24 06:30:03,Entertainment,Basic,39,"43,820.00",0,Low,0
TX007222,C0117,151.29,2024-09-13 16:54:18,Healthcare,Basic,37,"46,602.00",0,Low,0
TX002890,C0413,151.29,2024-12-30 20:32:46,Entertainment,Standard,19,"71,288.00",0,Low,0
TX006344,C0250,151.18,2024-08-24 03:02:13,Online Shopping,Standard,42,"55,233.00",0,Low,1
TX006118,C0338,151.11,2024-02-10 06:22:10,Travel,Premium,34,"167,391.00",0,Low,0
TX006531,C0254,151.1,2024-02-18 14:52:30,Entertainment,Standard,50,"42,295.00",0,Low,0
TX006606,C0182,151,2024-03-06 22:32:14,Online Shopping,Basic,27,"26,575.00",0,Low,0
TX003677,C0416,150.78,2024-06-05 09:43:42,Dining,Premium,29,"114,532.00",0,Low,0
TX007775,C0499,150.78,2024-12-08 16:58:02,Online Shopping,Standard,27,"49,520.00",0,Low,0
TX003423,C0424,150.75,2024-03-04 18:23:16,Online Shopping,Premium,49,"84,390.00",0,Low,0
TX004942,C0117,150.74,2024-06-22 15:14:13,ATM Withdrawal,Basic,37,"46,602.00",1,Low,0
TX004716,C0294,150.57,2024-04-04 09:50:38,Online Shopping,Basic,48,"22,253.00",0,Low,0
TX001277,C0499,150.49,2024-05-03 12:05:46,Healthcare,Standard,27,"49,520.00",0,Low,0
TX007055,C0304,150.47,2024-03-19 16:29:36,Online Shopping,Basic,45,"40,913.00",0,Low,0
TX000438,C0472,150.44,2024-11-05 15:25:35,Entertainment,Standard,18,"41,000.00",0,Low,0
TX006293,C0119,150.36,2024-10-17 09:54:33,Entertainment,Standard,51,"81,039.00",0,Low,0
TX006038,C0101,150.33,2024-10-03 01:14:49,Clothing,Student,21,"22,190.00",0,Low,1
TX005659,C0386,150.27,2024-09-20 07:29:27,Online Shopping,Basic,39,"28,780.00",0,Low,0
TX001497,C0295,150.15,2024-01-28 09:21:38,Entertainment,Standard,42,"56,580.00",0,Low,0
TX000290,C0192,150.12,2024-04-10 23:43:07,ATM Withdrawal,Basic,48,"31,910.00",0,Low,0
TX003157,C0086,150.08,2024-03-09 14:18:59,Online Shopping,Standard,31,"61,381.00",0,Low,0
TX003635,C0053,149.99,2024-04-17 17:25:52,ATM Withdrawal,Basic,29,"29,635.00",0,Low,0
TX002763,C0045,149.99,2024-06-28 14:10:22,Clothing,Standard,20,"35,795.00",0,Low,0
TX006978,C0129,149.9,2024-05-09 09:11:11,Online Shopping,Basic,39,"43,820.00",0,Low,0
TX001089,C0002,149.88,2024-05-16 14:52:37,ATM Withdrawal,Basic,36,"31,173.00",0,Low,0
TX006220,C0380,149.81,2024-07-27 20:33:41,Online Shopping,Basic,28,"31,133.00",0,Low,0
TX004873,C0047,149.77,2024-07-07 09:16:11,Clothing,Premium,32,"109,506.00",0,Low,0
TX002982,C0209,149.77,2024-09-15 18:32:25,Groceries,Standard,44,"71,622.00",0,Low,0
TX005953,C0097,149.75,2024-05-31 07:08:33,Online Shopping,Premium,41,"82,584.00",0,Low,0
TX002425,C0006,149.72,2024-01-20 13:38:04,Online Shopping,Standard,35,"49,099.00",0,Low,0
TX004438,C0305,149.71,2024-07-09 03:18:50,Clothing,Standard,37,"56,878.00",0,Low,1
TX001628,C0023,149.7,2024-06-25 18:02:23,Healthcare,Basic,38,"26,428.00",0,Low,0
TX003405,C0383,149.63,2024-12-06 14:10:09,ATM Withdrawal,Standard,18,"57,880.00",0,Low,0
TX007011,C0416,149.58,2024-06-22 19:58:36,Online Shopping,Premium,29,"114,532.00",0,Low,0
TX000479,C0152,149.53,2024-11-08 16:58:21,ATM Withdrawal,Premium,42,"42,708.00",0,Low,0
TX006864,C0080,149.52,2024-09-14 20:06:25,Online Shopping,Basic,18,"14,883.00",0,Low,0
TX002620,C0345,149.4,2024-11-23 17:42:50,Entertainment,Student,32,"13,483.00",0,Low,0
TX003719,C0371,149.4,2024-12-15 23:56:09,Online Shopping,Standard,38,"53,331.00",0,Low,0
TX000571,C0379,149.19,2024-09-15 04:01:25,Online Shopping,Standard,64,"73,196.00",0,Low,1
TX002057,C0257,149.13,2024-03-29 13:06:58,ATM Withdrawal,Basic,53,"24,888.00",0,Low,0
TX001354,C0411,149.12,2024-10-25 03:58:02,Online Shopping,Standard,46,"55,422.00",0,Low,1
TX007794,C0375,148.97,2024-07-14 16:57:00,ATM Withdrawal,Standard,63,"71,369.00",0,Low,0
TX005910,C0010,148.94,2024-01-09 05:31:34,ATM Withdrawal,Standard,44,"55,696.00",0,Low,0
TX006169,C0071,148.85,2024-05-27 14:55:33,Clothing,Standard,42,"44,854.00",0,Low,0
TX001561,C0338,148.8,2024-07-20 08:25:37,Online Shopping,Premium,34,"167,391.00",0,Low,0
TX000583,C0297,148.79,2024-10-30 05:12:13,Healthcare,Standard,48,"45,979.00",0,Low,0
TX003085,C0161,148.67,2024-10-19 03:56:41,Entertainment,Premium,26,"89,233.00",0,Low,1
TX001875,C0282,148.63,2024-01-05 04:10:37,Groceries,Basic,45,"29,213.00",0,Low,1
TX002518,C0007,148.39,2024-10-09 13:25:30,ATM Withdrawal,Premium,56,"90,862.00",0,Low,0
TX002129,C0040,148.34,2024-09-03 00:31:43,Online Shopping,Basic,40,"25,983.00",0,Low,1
TX000585,C0485,148.24,2024-11-17 19:05:21,Healthcare,Basic,28,"35,423.00",0,Low,0
TX000889,C0065,148.14,2024-05-06 03:09:17,Healthcare,Premium,47,"109,281.00",0,Low,1
TX005358,C0479,148.11,2024-03-04 17:37:02,Entertainment,Student,74,"20,884.00",0,Low,0
TX004455,C0333,148.11,2024-06-22 11:22:16,Healthcare,Basic,38,"37,711.00",0,Low,0
TX000239,C0310,148.05,2024-08-04 23:59:16,Clothing,Standard,35,"55,608.00",0,Low,0
TX000716,C0350,147.96,2024-01-30 08:40:14,Travel,Basic,35,"20,208.00",0,Low,0
TX005437,C0209,147.79,2024-12-12 22:16:59,Online Shopping,Standard,44,"71,622.00",0,Low,0
TX004915,C0086,147.7,2024-05-18 05:13:29,Fuel,Standard,31,"61,381.00",0,Low,0
TX000062,C0140,147.69,2024-08-21 14:23:52,Clothing,Basic,23,"42,591.00",0,Low,0
TX004600,C0288,147.65,2024-03-21 23:43:39,Groceries,Premium,45,"42,884.00",0,Low,0
TX004269,C0076,147.57,2024-10-11 19:30:27,Healthcare,Standard,47,"44,784.00",0,Low,0
TX005365,C0137,147.45,2024-06-25 23:53:10,Online Shopping,Premium,28,"101,976.00",0,Low,0
TX007781,C0429,147.41,2024-04-25 10:15:51,ATM Withdrawal,Basic,50,"30,515.00",0,Low,0
TX004890,C0278,147.31,2024-10-11 05:41:05,Entertainment,Standard,30,"54,061.00",0,Low,0
TX007024,C0162,147.27,2024-12-21 05:52:01,Clothing,Standard,47,"72,590.00",0,Low,0
TX003902,C0456,147.24,2024-05-10 23:02:56,Clothing,Standard,28,"27,970.00",0,Low,0
TX006655,C0460,147.05,2024-11-11 21:54:57,Entertainment,Student,23,"8,000.00",0,Low,0
TX003465,C0040,147.04,2024-12-21 07:22:28,Online Shopping,Basic,40,"25,983.00",0,Low,0
TX003428,C0428,147.02,2024-09-26 13:36:43,Online Shopping,Standard,46,"62,297.00",0,Low,0
TX002968,C0409,146.93,2024-01-12 19:40:22,Online Shopping,Standard,39,"63,047.00",0,Low,0
TX005701,C0488,146.92,2024-11-08 19:05:24,Online Shopping,Student,25,"12,577.00",0,Low,0
TX004635,C0099,146.91,2024-05-06 23:52:07,Online Shopping,Basic,38,"21,987.00",0,Low,0
TX004775,C0489,146.89,2024-05-19 12:08:03,Entertainment,Basic,58,"35,936.00",0,Low,0
TX005813,C0369,146.85,2024-04-10 17:15:30,ATM Withdrawal,Student,39,"15,677.00",0,Low,0
TX004714,C0411,146.8,2024-03-15 09:17:59,Online Shopping,Standard,46,"55,422.00",0,Low,0
TX005928,C0390,146.79,2024-12-22 19:06:25,Entertainment,Premium,31,"50,063.00",0,Low,0
TX001323,C0395,146.76,2024-01-14 18:40:04,Clothing,Student,52,"16,554.00",0,Low,0
TX003743,C0360,146.72,2024-10-09 08:34:50,ATM Withdrawal,Basic,28,"20,322.00",0,Low,0
TX001084,C0259,146.54,2024-06-14 12:39:01,Online Shopping,Standard,43,"79,630.00",0,Low,0
TX000192,C0384,146.42,2024-04-11 16:03:19,Dining,Basic,31,"27,527.00",0,Low,0
TX000401,C0220,146.42,2024-06-10 09:19:11,Online Shopping,Basic,38,"32,919.00",0,Low,0
TX002451,C0166,146.41,2024-10-27 11:57:26,ATM Withdrawal,Standard,42,"12,271.00",0,Low,0
TX004678,C0086,146.27,2024-01-27 03:36:04,Online Shopping,Standard,31,"61,381.00",1,Low,1
TX000563,C0042,146.27,2024-07-03 16:12:59,Clothing,Standard,40,"65,625.00",0,Low,0
TX001390,C0325,146.07,2024-09-14 12:29:48,Clothing,Premium,25,"54,372.00",1,Low,0
TX007823,C0286,145.99,2024-09-26 08:07:13,Clothing,Basic,18,"41,136.00",0,Low,0
TX002002,C0252,145.96,2024-08-28 23:27:38,Online Shopping,Standard,49,"33,399.00",0,Low,0
TX003008,C0485,145.95,2024-04-26 07:57:36,Online Shopping,Basic,28,"35,423.00",0,Low,0
TX004629,C0344,145.88,2024-04-19 15:26:41,Online Shopping,Standard,31,"79,425.00",0,Low,0
TX003128,C0140,145.88,2024-06-26 05:43:22,Online Shopping,Basic,23,"42,591.00",0,Low,0
TX000365,C0070,145.81,2024-05-20 14:18:43,Online Shopping,Basic,30,"41,520.00",1,Low,0
TX007090,C0479,145.71,2024-09-15 04:48:50,ATM Withdrawal,Student,74,"20,884.00",0,Low,1
TX001826,C0119,145.69,2024-03-04 21:34:02,ATM Withdrawal,Standard,51,"81,039.00",0,Low,0
TX005671,C0022,145.65,2024-03-21 13:00:20,Online Shopping,Student,35,"15,746.00",0,Low,0
TX004419,C0280,145.63,2024-10-29 07:29:16,ATM Withdrawal,Student,33,"13,877.00",0,Low,0
TX003369,C0084,145.56,2024-07-14 04:15:53,Entertainment,Standard,31,"66,406.00",1,Low,1
TX007402,C0114,145.55,2024-11-27 14:27:42,Electronics,Basic,67,"25,718.00",0,Low,0
TX000636,C0063,145.54,2024-03-24 00:45:09,Online Shopping,Student,24,"17,279.00",0,Low,1
TX002807,C0072,145.47,2024-09-11 08:39:04,ATM Withdrawal,Standard,56,"82,014.00",0,Low,0
TX002230,C0436,145.31,2024-05-28 22:28:01,Entertainment,Standard,38,"73,281.00",0,Low,0
TX007676,C0434,145.29,2024-03-31 22:25:15,Online Shopping,Basic,46,"34,799.00",0,Low,0
TX003200,C0183,145.17,2024-11-08 20:17:38,Entertainment,Premium,25,"135,022.00",0,Low,0
TX000569,C0279,145.13,2024-08-19 23:43:31,ATM Withdrawal,Premium,38,"67,381.00",1,Low,0
TX003185,C0019,145.1,2024-05-15 22:48:31,Fuel,Premium,27,"87,141.00",0,Low,0
TX005550,C0385,145.04,2024-09-04 11:57:42,Dining,Standard,28,"57,003.00",0,Low,0
TX002571,C0111,144.95,2024-10-25 05:52:30,ATM Withdrawal,Standard,18,"68,427.00",0,Low,0
TX007266,C0349,144.9,2024-08-28 20:11:04,Groceries,Basic,29,"24,805.00",0,Low,0
TX005864,C0308,144.88,2024-04-05 01:10:01,Online Shopping,Standard,30,"63,149.00",1,Low,1
TX004233,C0246,144.84,2024-06-06 18:14:10,Healthcare,Basic,33,"41,005.00",0,Low,0
TX000720,C0289,144.83,2024-04-01 09:13:22,Groceries,Premium,41,"60,311.00",0,Low,0
TX007294,C0225,144.81,2024-09-05 06:19:10,ATM Withdrawal,Premium,32,"123,165.00",0,Low,0
TX005324,C0129,144.79,2024-04-24 01:29:51,Entertainment,Basic,39,"43,820.00",0,Low,1
TX005776,C0071,144.76,2024-03-15 17:16:56,Groceries,Standard,42,"44,854.00",1,Low,0
TX000836,C0203,144.76,2024-05-29 15:24:45,Online Shopping,Basic,50,"37,330.00",0,Low,0
TX001041,C0175,144.76,2024-09-27 17:27:00,ATM Withdrawal,Premium,41,"88,592.00",0,Low,0
TX007461,C0021,144.7,2024-12-09 12:34:37,Groceries,Student,55,"17,431.00",0,Low,0
TX000577,C0267,144.67,2024-07-15 10:23:40,Entertainment,Standard,57,"34,156.00",0,Low,0
TX003425,C0238,144.59,2024-04-16 01:22:06,Entertainment,Standard,40,"61,803.00",0,Low,1
TX001048,C0161,144.59,2024-07-02 21:37:36,Online Shopping,Premium,26,"89,233.00",0,Low,0
TX006325,C0197,144.5,2024-04-19 14:24:53,Groceries,Standard,27,"65,914.00",0,Low,0
TX002745,C0464,144.47,2024-03-12 07:54:01,Clothing,Student,40,"15,733.00",0,Low,0
TX006616,C0106,144.46,2024-05-31 23:49:49,Online Shopping,Basic,42,"37,397.00",0,Low,0
TX002822,C0434,144.44,2024-04-01 04:42:32,Online Shopping,Basic,46,"34,799.00",0,Low,1
TX004275,C0458,144.21,2024-05-19 02:10:55,Healthcare,Basic,25,"36,073.00",0,Low,1
TX007793,C0196,144.09,2024-02-07 03:53:13,Clothing,Student,42,"14,851.00",0,Low,1
TX001768,C0175,144.03,2024-12-21 02:41:49,Clothing,Premium,41,"88,592.00",0,Low,1
TX004742,C0409,144.03,2024-12-22 11:07:14,ATM Withdrawal,Standard,39,"63,047.00",0,Low,0
TX006171,C0334,144.02,2024-04-11 19:04:55,ATM Withdrawal,Basic,29,"47,684.00",0,Low,0
TX004147,C0393,143.92,2024-12-28 21:10:29,ATM Withdrawal,Student,22,"10,586.00",0,Low,0
TX002490,C0258,143.91,2024-02-04 18:10:20,Online Shopping,Standard,29,"35,153.00",0,Low,0
TX004568,C0046,143.89,2024-11-18 05:32:18,Healthcare,Premium,29,"116,173.00",0,Low,0
TX002645,C0037,143.8,2024-08-17 10:16:45,Healthcare,Premium,40,"46,559.00",0,Low,0
TX004239,C0079,143.74,2024-03-05 11:04:47,Clothing,Standard,39,"48,307.00",0,Low,0
TX007318,C0314,143.64,2024-10-21 22:35:50,Groceries,Student,47,"21,998.00",0,Low,0
TX005530,C0078,143.48,2024-02-21 01:54:00,Clothing,Student,34,"12,389.00",0,Low,1
TX004279,C0124,143.48,2024-03-02 03:57:42,Healthcare,Standard,21,"61,362.00",0,Low,1
TX007308,C0375,143.46,2024-09-26 04:00:39,Healthcare,Standard,63,"71,369.00",0,Low,1
TX002796,C0167,143.37,2024-06-19 02:38:34,Electronics,Standard,47,"72,231.00",0,Low,1
TX001941,C0139,143.31,2024-05-29 05:40:27,Groceries,Student,47,"13,067.00",0,Low,0
TX004860,C0434,143.24,2024-08-04 17:44:19,Entertainment,Basic,46,"34,799.00",1,Low,0
TX006329,C0081,143.22,2024-01-24 12:23:06,Electronics,Standard,35,"48,215.00",0,Low,0
TX004140,C0368,143.11,2024-06-16 11:30:44,Online Shopping,Standard,38,"41,189.00",0,Low,0
TX003463,C0032,143.09,2024-09-06 19:54:20,Online Shopping,Standard,60,"60,658.00",0,Low,0
TX005551,C0157,143.09,2024-11-15 02:28:38,Healthcare,Student,60,"16,976.00",0,Low,1
TX002752,C0285,142.98,2024-05-06 10:40:17,Dining,Basic,63,"31,439.00",1,Low,0
TX006452,C0402,142.98,2024-09-26 07:00:04,Online Shopping,Basic,30,"27,677.00",0,Low,0
TX001796,C0457,142.97,2024-02-20 02:30:39,Online Shopping,Basic,36,"34,331.00",0,Low,1
TX002507,C0278,142.92,2024-06-13 23:26:50,Healthcare,Standard,30,"54,061.00",1,Low,0
TX006500,C0013,142.84,2024-12-11 17:51:11,Online Shopping,Standard,40,"64,682.00",0,Low,0
TX007465,C0341,142.75,2024-11-16 14:40:38,Online Shopping,Student,28,"21,710.00",0,Low,0
TX004411,C0321,142.7,2024-12-13 08:24:06,Electronics,Standard,39,"44,897.00",0,Low,0
TX004597,C0438,142.61,2024-12-28 14:17:21,Electronics,Standard,21,"77,360.00",0,Low,0
TX004285,C0228,142.59,2024-01-27 00:58:26,Clothing,Standard,25,"37,854.00",0,Low,1
TX006418,C0074,142.51,2024-02-14 13:11:27,Entertainment,Basic,56,"18,553.00",0,Low,0
TX003230,C0277,142.35,2024-05-16 14:15:09,Online Shopping,Standard,40,"56,563.00",0,Low,0
TX002320,C0283,142.33,2024-10-07 16:02:14,Clothing,Standard,57,"40,171.00",0,Low,0
TX007790,C0313,142.2,2024-04-20 01:26:24,Healthcare,Basic,47,"18,779.00",0,Low,1
TX007079,C0450,142.17,2024-03-25 23:31:23,Online Shopping,Basic,25,"18,120.00",0,Low,0
TX006457,C0381,142.14,2024-08-18 00:10:10,Entertainment,Premium,27,"159,579.00",0,Low,1
TX004020,C0360,142.1,2024-09-11 07:09:30,Clothing,Basic,28,"20,322.00",0,Low,0
TX000554,C0447,141.97,2024-10-08 22:55:57,Healthcare,Student,42,"16,747.00",0,Low,0
TX007286,C0138,141.9,2024-12-08 07:55:10,Healthcare,Student,34,"17,588.00",0,Low,0
TX002808,C0363,141.8,2024-01-15 17:17:20,Online Shopping,Basic,36,"24,359.00",0,Low,0
TX005427,C0474,141.74,2024-02-07 22:13:40,Clothing,Standard,54,"41,727.00",0,Low,0
TX005182,C0126,141.72,2024-10-07 07:10:03,Clothing,Standard,64,"46,394.00",0,Low,0
TX002340,C0151,141.71,2024-08-02 20:02:52,Clothing,Standard,41,"64,784.00",0,Low,0
TX000937,C0214,141.67,2024-07-12 18:16:00,ATM Withdrawal,Standard,45,"83,710.00",1,Low,0
TX005330,C0236,141.58,2024-06-20 06:28:32,Online Shopping,Standard,45,"61,328.00",0,Low,0
TX004370,C0341,141.55,2024-09-26 01:09:08,ATM Withdrawal,Student,28,"21,710.00",0,Low,1
TX000120,C0360,141.51,2024-02-25 18:52:19,Healthcare,Basic,28,"20,322.00",0,Low,0
TX001076,C0398,141.45,2024-11-07 06:27:51,Healthcare,Standard,54,"67,577.00",0,Low,0
TX000481,C0061,141.4,2024-05-18 20:08:16,Electronics,Premium,32,"100,281.00",0,Low,0
TX007964,C0463,141.37,2024-04-20 07:26:36,Online Shopping,Student,29,"9,084.00",0,Low,0
TX000646,C0223,141.36,2024-06-28 04:05:50,Clothing,Standard,46,"58,016.00",1,Low,1
TX002061,C0404,141.27,2024-07-20 12:12:52,Online Shopping,Student,38,"16,286.00",0,Low,0
TX007039,C0398,141.23,2024-08-07 14:01:04,Clothing,Standard,54,"67,577.00",0,Low,0
TX002176,C0476,141.2,2024-12-16 22:28:12,Clothing,Standard,35,"80,675.00",0,Low,0
TX007388,C0210,141.14,2024-02-23 19:18:12,Groceries,Standard,75,"39,401.00",0,Low,0
TX002447,C0002,141.1,2024-07-19 15:36:04,Online Shopping,Basic,36,"31,173.00",0,Low,0
TX007153,C0176,141.06,2024-05-28 17:38:44,Groceries,Standard,47,"62,155.00",0,Low,0
TX001128,C0486,140.98,2024-10-29 18:04:35,Online Shopping,Basic,20,"26,096.00",0,Low,0
TX007176,C0249,140.96,2024-06-18 14:21:07,Entertainment,Basic,59,"28,615.00",0,Low,0
TX002319,C0453,140.91,2024-02-01 00:26:30,Groceries,Basic,26,"19,064.00",0,Low,1
TX004176,C0025,140.9,2024-02-26 22:31:16,Online Shopping,Standard,31,"71,104.00",0,Low,0
TX004266,C0118,140.88,2024-07-29 04:50:07,Online Shopping,Premium,23,"69,324.00",0,Low,1
TX003163,C0433,140.87,2024-10-26 16:06:44,Online Shopping,Student,34,"10,161.00",0,Low,0
TX005642,C0236,140.82,2024-03-05 08:35:47,Online Shopping,Standard,45,"61,328.00",0,Low,0
TX003551,C0190,140.76,2024-08-10 23:03:41,Healthcare,Student,19,"16,720.00",0,Low,0
TX007142,C0277,140.75,2024-03-14 22:25:15,Entertainment,Standard,40,"56,563.00",0,Low,0
TX006519,C0460,140.71,2024-09-04 04:10:21,Electronics,Student,23,"8,000.00",0,Low,1
TX002586,C0451,140.68,2024-02-22 03:23:34,ATM Withdrawal,Basic,37,"9,568.00",0,Low,1
TX007959,C0453,140.67,2024-07-08 06:23:04,ATM Withdrawal,Basic,26,"19,064.00",0,Low,0
TX004753,C0309,140.61,2024-07-12 05:40:42,Online Shopping,Basic,44,"30,390.00",0,Low,0
TX001710,C0252,140.55,2024-10-29 07:48:54,Online Shopping,Standard,49,"33,399.00",1,Low,0
TX007022,C0479,140.5,2024-12-05 19:52:18,Healthcare,Student,74,"20,884.00",0,Low,0
TX006358,C0253,140.41,2024-08-07 14:00:49,Fuel,Basic,63,"42,756.00",0,Low,0
TX005481,C0007,140.4,2024-07-27 12:58:42,Online Shopping,Premium,56,"90,862.00",0,Low,0
TX003911,C0457,140.37,2024-06-20 10:20:46,Clothing,Basic,36,"34,331.00",0,Low,0
TX001160,C0421,140.35,2024-02-11 13:02:28,Healthcare,Standard,62,"39,023.00",0,Low,0
TX004911,C0070,140.24,2024-05-20 04:36:19,ATM Withdrawal,Basic,30,"41,520.00",0,Low,1
TX004320,C0374,140.22,2024-03-31 07:11:36,Clothing,Basic,49,"39,888.00",0,Low,0
TX003480,C0327,140.12,2024-05-03 11:30:49,Online Shopping,Basic,51,"35,070.00",0,Low,0
TX000299,C0481,140.11,2024-01-28 11:08:10,Fuel,Standard,36,"44,963.00",0,Low,0
TX003348,C0350,140.11,2024-05-03 07:26:09,Entertainment,Basic,35,"20,208.00",0,Low,0
TX006552,C0040,140.06,2024-04-20 09:57:51,Groceries,Basic,40,"25,983.00",0,Low,0
TX006370,C0020,139.97,2024-12-06 12:30:52,Groceries,Standard,21,"59,185.00",0,Low,0
TX006383,C0044,139.9,2024-09-30 03:45:29,Fuel,Premium,34,"73,077.00",0,Low,1
TX005511,C0134,139.9,2024-12-15 23:17:50,Online Shopping,Basic,43,"21,817.00",0,Low,0
TX006649,C0402,139.86,2024-01-26 19:32:34,ATM Withdrawal,Basic,30,"27,677.00",0,Low,0
TX006089,C0433,139.86,2024-07-01 17:33:26,Clothing,Student,34,"10,161.00",0,Low,0
TX004639,C0193,139.71,2024-11-13 11:19:47,ATM Withdrawal,Premium,40,"82,228.00",0,Low,0
TX001360,C0465,139.64,2024-07-21 09:46:36,Online Shopping,Student,36,"14,938.00",1,Low,0
TX004603,C0251,139.49,2024-10-27 00:11:37,Healthcare,Standard,22,"38,555.00",0,Low,1
TX007341,C0064,139.48,2024-02-16 13:12:48,Entertainment,Standard,23,"61,715.00",0,Low,0
TX003327,C0465,139.4,2024-01-14 18:28:25,Groceries,Student,36,"14,938.00",0,Low,0
TX004227,C0298,139.38,2024-02-17 20:46:44,Groceries,Standard,41,"59,796.00",0,Low,0
TX001485,C0380,139.38,2024-04-21 20:54:13,Clothing,Basic,28,"31,133.00",0,Low,0
TX004112,C0202,139.3,2024-02-02 21:51:10,Online Shopping,Premium,44,"30,053.00",1,Low,0
TX007706,C0238,139.29,2024-01-27 17:11:33,ATM Withdrawal,Standard,40,"61,803.00",0,Low,0
TX007264,C0252,139.27,2024-06-29 07:32:21,Groceries,Standard,49,"33,399.00",0,Low,0
TX001821,C0218,139.17,2024-07-28 13:24:29,Groceries,Standard,35,"62,435.00",0,Low,0
TX003449,C0176,139.17,2024-10-17 20:55:39,Online Shopping,Standard,47,"62,155.00",0,Low,0
TX002644,C0107,139.16,2024-07-03 21:54:32,Online Shopping,Premium,60,"91,788.00",0,Low,0
TX007532,C0411,139.03,2024-03-06 12:59:44,Fuel,Standard,46,"55,422.00",0,Low,0
TX004967,C0210,139.02,2024-10-14 08:48:51,ATM Withdrawal,Standard,75,"39,401.00",0,Low,0
TX000951,C0441,139,2024-09-21 08:08:18,Online Shopping,Basic,42,"25,092.00",0,Low,0
TX007597,C0400,138.93,2024-05-27 05:30:35,Online Shopping,Standard,52,"53,516.00",0,Low,0
TX004949,C0438,138.92,2024-07-22 12:07:34,Online Shopping,Standard,21,"77,360.00",0,Low,0
TX006426,C0331,138.86,2024-02-02 22:35:34,ATM Withdrawal,Standard,37,"55,657.00",0,Low,0
TX000382,C0364,138.85,2024-04-19 14:49:23,Entertainment,Standard,42,"54,163.00",0,Low,0
TX000568,C0436,138.85,2024-12-16 16:29:56,Entertainment,Standard,38,"73,281.00",0,Low,0
TX007097,C0498,138.84,2024-01-20 07:10:46,Online Shopping,Basic,35,"31,092.00",0,Low,0
TX002667,C0129,138.84,2024-02-01 11:13:26,Groceries,Basic,39,"43,820.00",0,Low,0
TX001700,C0492,138.84,2024-06-15 19:13:11,Online Shopping,Student,55,"21,246.00",1,Low,0
TX007004,C0446,138.74,2024-05-11 20:42:12,Online Shopping,Student,46,"15,012.00",1,Low,0
TX001107,C0357,138.73,2024-09-20 04:29:29,Groceries,Basic,37,"14,050.00",0,Low,1
TX002850,C0007,138.64,2024-05-24 04:11:18,Groceries,Premium,56,"90,862.00",0,Low,1
TX005647,C0082,138.64,2024-06-07 15:43:24,Online Shopping,Standard,42,"18,641.00",0,Low,0
TX005057,C0408,138.55,2024-11-20 03:08:17,Groceries,Basic,36,"23,954.00",0,Low,1
TX007407,C0495,138.51,2024-12-24 09:38:51,Healthcare,Basic,56,"33,679.00",0,Low,0
TX004688,C0500,138.43,2024-01-09 20:03:06,ATM Withdrawal,Student,21,"15,738.00",0,Low,0
TX002605,C0387,138.43,2024-04-11 02:14:12,Groceries,Student,42,"17,832.00",0,Low,1
TX005413,C0199,138.42,2024-05-22 18:30:25,ATM Withdrawal,Premium,38,"111,979.00",0,Low,0
TX003640,C0417,138.41,2024-11-12 19:59:23,Online Shopping,Student,56,"20,560.00",0,Low,0
TX006697,C0170,138.37,2024-02-16 15:26:17,Online Shopping,Standard,28,"38,204.00",0,Low,0
TX005587,C0389,138.33,2024-08-04 11:25:36,Clothing,Standard,49,"43,210.00",0,Low,0
TX001520,C0275,138.28,2024-08-25 02:09:07,Online Shopping,Student,26,"18,035.00",0,Low,1
TX001633,C0101,138.24,2024-09-24 23:35:23,Clothing,Student,21,"22,190.00",1,Low,0
TX005290,C0373,138.17,2024-07-04 22:28:28,Clothing,Premium,55,"67,934.00",0,Low,0
TX006549,C0248,138.06,2024-01-17 14:41:02,Online Shopping,Student,30,"15,502.00",0,Low,0
TX005589,C0224,138.06,2024-02-14 01:43:49,Clothing,Basic,18,"38,405.00",0,Low,1
TX000068,C0181,137.96,2024-01-12 17:11:53,ATM Withdrawal,Basic,45,"17,547.00",0,Low,0
TX007573,C0311,137.93,2024-06-22 04:04:44,Healthcare,Basic,35,"24,384.00",0,Low,1
TX006839,C0147,137.87,2024-04-20 19:59:26,Clothing,Standard,23,"71,180.00",0,Low,0
TX007670,C0164,137.83,2024-09-12 14:46:22,Clothing,Premium,28,"78,881.00",0,Low,0
TX001798,C0331,137.71,2024-08-02 04:38:06,Online Shopping,Standard,37,"55,657.00",0,Low,1
TX000825,C0164,137.66,2024-12-23 23:58:00,Electronics,Premium,28,"78,881.00",0,Low,0
TX006948,C0424,137.63,2024-08-25 23:50:41,Clothing,Premium,49,"84,390.00",0,Low,0
TX003970,C0415,137.54,2024-04-13 11:03:45,Online Shopping,Premium,41,"89,249.00",0,Low,0
TX007059,C0311,137.39,2024-05-07 06:09:53,Clothing,Basic,35,"24,384.00",0,Low,0
TX003650,C0098,137.39,2024-12-04 04:00:25,Dining,Basic,41,"24,544.00",0,Low,1
TX005798,C0332,137.34,2024-07-13 11:48:49,Clothing,Basic,27,"28,823.00",0,Low,0
TX003102,C0178,137.32,2024-11-28 10:38:50,Healthcare,Standard,55,"35,755.00",0,Low,0
TX007872,C0323,137.3,2024-04-23 16:24:56,Healthcare,Standard,28,"42,469.00",0,Low,0
TX000506,C0098,137.18,2024-08-22 14:29:12,Online Shopping,Basic,41,"24,544.00",0,Low,0
TX002668,C0311,137.16,2024-06-07 14:04:34,Online Shopping,Basic,35,"24,384.00",0,Low,0
TX007284,C0479,137.1,2024-07-23 10:36:57,Dining,Student,74,"20,884.00",0,Low,0
TX000376,C0100,137.09,2024-01-26 12:58:14,Entertainment,Standard,35,"50,783.00",0,Low,0
TX003285,C0292,137.05,2024-04-30 22:20:17,Clothing,Basic,32,"28,202.00",0,Low,0
TX007393,C0069,137.02,2024-08-02 01:12:49,Online Shopping,Premium,42,"87,307.00",0,Low,1
TX007865,C0485,137.01,2024-02-03 11:48:44,Electronics,Basic,28,"35,423.00",0,Low,0
TX002434,C0468,137.01,2024-05-31 16:55:21,Online Shopping,Basic,47,"22,215.00",0,Low,0
TX005858,C0428,136.94,2024-08-31 05:16:41,Online Shopping,Standard,46,"62,297.00",1,Low,0
TX003523,C0131,136.92,2024-07-04 13:02:18,Clothing,Standard,19,"55,570.00",0,Low,0
TX002870,C0380,136.78,2024-08-18 05:24:30,Online Shopping,Basic,28,"31,133.00",0,Low,0
TX003227,C0376,136.72,2024-07-05 16:51:36,Online Shopping,Premium,28,"108,274.00",0,Low,0
TX001221,C0426,136.72,2024-08-07 21:00:54,Healthcare,Student,54,"17,118.00",0,Low,0
TX004467,C0242,136.72,2024-09-12 23:38:04,Online Shopping,Premium,36,"53,171.00",0,Low,0
TX007661,C0307,136.67,2024-07-10 22:30:10,Online Shopping,Standard,53,"56,834.00",0,Low,0
TX005134,C0338,136.63,2024-01-27 00:05:15,Dining,Premium,34,"167,391.00",0,Low,1
TX004569,C0288,136.62,2024-03-01 21:14:58,ATM Withdrawal,Premium,45,"42,884.00",0,Low,0
TX007648,C0035,136.59,2024-09-16 00:43:24,Online Shopping,Standard,47,"46,672.00",0,Low,1
TX003993,C0388,136.56,2024-06-02 05:24:15,Online Shopping,Basic,60,"37,653.00",0,Low,0
TX003554,C0127,136.45,2024-05-23 09:46:23,Entertainment,Standard,26,"54,634.00",0,Low,0
TX000399,C0163,136.44,2024-08-26 23:13:16,ATM Withdrawal,Basic,51,"34,348.00",0,Low,0
TX005911,C0434,136.4,2024-07-15 12:29:30,ATM Withdrawal,Basic,46,"34,799.00",0,Low,0
TX006696,C0174,136.35,2024-02-24 05:47:35,Entertainment,Standard,42,"60,197.00",0,Low,0
TX004104,C0106,136.33,2024-12-29 20:07:05,ATM Withdrawal,Basic,42,"37,397.00",0,Low,0
TX005399,C0117,136.24,2024-09-04 15:36:08,Clothing,Basic,37,"46,602.00",0,Low,0
TX000939,C0210,136.23,2024-10-30 02:56:24,Healthcare,Standard,75,"39,401.00",0,Low,1
TX005734,C0059,136.09,2024-08-24 09:19:41,Healthcare,Basic,41,"29,342.00",0,Low,0
TX002332,C0379,136.01,2024-04-04 10:32:53,Clothing,Standard,64,"73,196.00",0,Low,0
TX001339,C0108,135.89,2024-09-30 05:10:47,Groceries,Basic,40,"24,824.00",0,Low,0
TX003192,C0276,135.89,2024-11-22 11:44:57,Groceries,Standard,43,"59,217.00",0,Low,0
TX001350,C0446,135.84,2024-04-12 20:19:13,Clothing,Student,46,"15,012.00",0,Low,0
TX003639,C0414,135.73,2024-02-07 09:43:29,Dining,Standard,53,"62,120.00",0,Low,0
TX001422,C0019,135.72,2024-07-04 04:11:26,ATM Withdrawal,Premium,27,"87,141.00",0,Low,1
TX004454,C0225,135.7,2024-10-12 23:14:35,ATM Withdrawal,Premium,32,"123,165.00",0,Low,0
TX002746,C0451,135.68,2024-11-24 15:52:59,Clothing,Basic,37,"9,568.00",0,Low,0
TX001463,C0075,135.62,2024-11-12 00:23:34,ATM Withdrawal,Basic,18,"31,024.00",0,Low,1
TX006947,C0036,135.6,2024-10-14 17:52:20,Online Shopping,Standard,23,"83,217.00",0,Low,0
TX001327,C0465,135.51,2024-05-17 12:03:57,ATM Withdrawal,Student,36,"14,938.00",0,Low,0
TX004757,C0269,135.5,2024-05-06 13:47:31,ATM Withdrawal,Standard,32,"70,338.00",1,Low,0
TX007434,C0436,135.49,2024-02-12 01:03:29,Travel,Standard,38,"73,281.00",0,Low,1
TX006065,C0368,135.48,2024-10-09 18:18:16,Healthcare,Standard,38,"41,189.00",0,Low,0
TX003975,C0197,135.45,2024-03-03 06:09:54,Online Shopping,Standard,27,"65,914.00",0,Low,0
TX007143,C0024,135.44,2024-10-01 12:41:29,Clothing,Standard,20,"57,911.00",0,Low,0
TX001998,C0171,135.37,2024-09-02 11:22:46,Healthcare,Basic,27,"19,642.00",0,Low,0
TX001420,C0303,135.34,2024-01-25 16:52:15,Dining,Premium,46,"96,717.00",0,Low,0
TX006260,C0107,135.34,2024-12-25 19:17:58,Entertainment,Premium,60,"91,788.00",0,Low,0
TX007030,C0393,135.32,2024-09-14 03:38:10,ATM Withdrawal,Student,22,"10,586.00",0,Low,1
TX005669,C0445,135.29,2024-11-13 12:12:14,Online Shopping,Student,22,"15,642.00",0,Low,0
TX007925,C0328,135.24,2024-07-25 10:43:52,Entertainment,Standard,47,"61,206.00",0,Low,0
TX007391,C0448,135.23,2024-05-14 14:57:02,Clothing,Standard,26,"72,859.00",0,Low,0
TX005233,C0313,135.21,2024-05-22 08:14:53,Online Shopping,Basic,47,"18,779.00",0,Low,0
TX002081,C0139,135.2,2024-07-30 09:17:31,Healthcare,Student,47,"13,067.00",0,Low,0
TX006213,C0087,135.17,2024-02-19 02:07:01,Fuel,Standard,48,"40,495.00",0,Low,1
TX001015,C0019,135.13,2024-10-14 04:19:14,Online Shopping,Premium,27,"87,141.00",0,Low,1
TX002700,C0312,134.93,2024-04-03 02:49:00,Online Shopping,Standard,51,"45,056.00",1,Low,1
TX001166,C0275,134.92,2024-01-17 13:51:21,Online Shopping,Student,26,"18,035.00",0,Low,0
TX003032,C0300,134.89,2024-04-12 18:08:31,Clothing,Premium,45,"103,214.00",0,Low,0
TX005360,C0004,134.79,2024-02-25 03:56:52,Online Shopping,Student,56,"11,732.00",0,Low,1
TX002263,C0251,134.77,2024-08-14 08:53:00,Entertainment,Standard,22,"38,555.00",0,Low,0
TX007962,C0133,134.68,2024-10-29 20:36:22,Online Shopping,Standard,25,"64,202.00",0,Low,0
TX004390,C0423,134.6,2024-08-15 07:19:23,Online Shopping,Basic,35,"25,123.00",0,Low,0
TX006160,C0442,134.57,2024-04-11 15:49:14,Fuel,Standard,37,"50,462.00",0,Low,0
TX006518,C0470,134.55,2024-04-13 06:47:35,Online Shopping,Standard,31,"52,622.00",1,Low,0
TX002330,C0204,134.54,2024-06-06 02:47:26,Online Shopping,Standard,50,"60,197.00",1,Low,1
TX000789,C0369,134.51,2024-07-20 05:04:55,Online Shopping,Student,39,"15,677.00",0,Low,0
TX006249,C0373,134.48,2024-04-21 07:01:59,Entertainment,Premium,55,"67,934.00",0,Low,0
TX000272,C0159,134.44,2024-04-19 06:33:28,Healthcare,Basic,23,"25,597.00",0,Low,0
TX005673,C0485,134.43,2024-06-25 19:24:41,Groceries,Basic,28,"35,423.00",0,Low,0
TX005135,C0066,134.38,2024-08-11 20:10:58,Online Shopping,Basic,54,"40,633.00",0,Low,0
TX002402,C0215,134.37,2024-09-14 16:27:28,Online Shopping,Basic,34,"28,474.00",0,Low,0
TX001674,C0031,134.36,2024-10-05 19:23:06,Groceries,Basic,30,"25,528.00",0,Low,0
TX000803,C0426,134.28,2024-08-02 05:34:28,Entertainment,Student,54,"17,118.00",0,Low,0
TX001886,C0434,134.16,2024-02-12 20:33:42,Healthcare,Basic,46,"34,799.00",0,Low,0
TX004507,C0340,134.16,2024-08-28 06:36:55,Groceries,Premium,31,"139,173.00",0,Low,0
TX007191,C0442,134.16,2024-09-26 19:14:33,Electronics,Standard,37,"50,462.00",0,Low,0
TX002873,C0310,134.07,2024-12-27 03:10:32,Fuel,Standard,35,"55,608.00",0,Low,1
TX007754,C0114,134.03,2024-05-16 17:53:15,Entertainment,Basic,67,"25,718.00",0,Low,0
TX004164,C0047,133.96,2024-04-08 05:06:13,Fuel,Premium,32,"109,506.00",0,Low,0
TX006297,C0140,133.86,2024-06-07 00:17:45,Clothing,Basic,23,"42,591.00",0,Low,1
TX007503,C0225,133.86,2024-06-29 14:22:41,Clothing,Premium,32,"123,165.00",0,Low,0
TX007102,C0382,133.8,2024-02-13 21:40:50,ATM Withdrawal,Standard,30,"60,899.00",0,Low,0
TX000817,C0275,133.79,2024-10-10 01:46:10,Groceries,Student,26,"18,035.00",0,Low,1
TX004691,C0346,133.71,2024-08-12 22:05:45,Healthcare,Basic,40,"28,371.00",0,Low,0
TX006830,C0185,133.64,2024-04-13 02:19:30,Online Shopping,Standard,35,"49,770.00",0,Low,1
TX006883,C0384,133.61,2024-07-03 15:39:15,Groceries,Basic,31,"27,527.00",0,Low,0
TX004934,C0246,133.58,2024-04-02 09:15:07,ATM Withdrawal,Basic,33,"41,005.00",0,Low,0
TX000385,C0031,133.52,2024-05-26 21:01:38,Online Shopping,Basic,30,"25,528.00",0,Low,0
TX000971,C0136,133.41,2024-03-21 19:10:36,Clothing,Basic,56,"16,651.00",0,Low,0
TX005066,C0200,133.41,2024-05-22 04:36:02,Online Shopping,Standard,24,"53,789.00",0,Low,1
TX000839,C0489,133.41,2024-06-20 08:44:15,ATM Withdrawal,Basic,58,"35,936.00",0,Low,0
TX000054,C0378,133.41,2024-12-07 21:05:39,Groceries,Basic,40,"27,468.00",0,Low,0
TX007185,C0367,133.32,2024-05-18 18:08:41,Online Shopping,Student,40,"17,155.00",0,Low,0
TX006050,C0145,133.24,2024-10-05 17:02:39,Online Shopping,Basic,41,"43,471.00",0,Low,0
TX002184,C0397,133.21,2024-10-31 15:32:20,Clothing,Student,18,"14,975.00",0,Low,0
TX004684,C0342,133.2,2024-06-03 14:12:56,Online Shopping,Standard,40,"46,696.00",0,Low,0
TX001086,C0454,133.19,2024-02-04 16:57:07,Groceries,Standard,44,"51,628.00",0,Low,0
TX001829,C0096,133.18,2024-12-01 16:00:03,Groceries,Standard,20,"24,373.00",0,Low,0
TX001738,C0111,133.15,2024-02-10 02:41:05,Clothing,Standard,18,"68,427.00",0,Low,1
TX001375,C0329,133.14,2024-01-20 10:31:49,Healthcare,Basic,45,"28,517.00",0,Low,0
TX004119,C0323,133.12,2024-08-09 07:44:36,ATM Withdrawal,Standard,28,"42,469.00",0,Low,0
TX005650,C0415,133.08,2024-10-03 19:39:15,Healthcare,Premium,41,"89,249.00",0,Low,0
TX002888,C0199,133.07,2024-07-12 05:49:36,Online Shopping,Premium,38,"111,979.00",0,Low,0
TX007181,C0348,132.98,2024-12-06 17:31:10,ATM Withdrawal,Basic,21,"21,881.00",0,Low,0
TX007016,C0433,132.93,2024-07-08 09:57:29,Online Shopping,Student,34,"10,161.00",0,Low,0
TX000553,C0369,132.75,2024-02-07 04:39:19,ATM Withdrawal,Student,39,"15,677.00",0,Low,1
TX007154,C0310,132.61,2024-03-26 07:33:59,Clothing,Standard,35,"55,608.00",0,Low,0
TX000266,C0254,132.6,2024-09-13 19:00:35,Online Shopping,Standard,50,"42,295.00",1,Low,0
TX002947,C0372,132.59,2024-12-12 06:33:19,Clothing,Basic,43,"22,768.00",0,Low,0
TX002837,C0317,132.58,2024-01-08 22:58:10,Groceries,Premium,46,"68,447.00",0,Low,0
TX002128,C0283,132.58,2024-10-23 19:15:26,Online Shopping,Standard,57,"40,171.00",0,Low,0
TX003571,C0276,132.55,2024-12-07 09:18:01,Online Shopping,Standard,43,"59,217.00",0,Low,0
TX000466,C0396,132.51,2024-02-20 12:09:24,Entertainment,Basic,32,"49,943.00",0,Low,0
TX000191,C0405,132.51,2024-06-02 23:40:59,Electronics,Basic,32,"24,655.00",0,Low,0
TX004090,C0173,132.5,2024-06-09 05:23:42,Online Shopping,Standard,37,"47,984.00",0,Low,0
TX006224,C0187,132.47,2024-05-22 20:31:51,Online Shopping,Premium,43,"80,350.00",0,Low,0
TX005729,C0260,132.46,2024-01-05 12:49:31,Groceries,Student,47,"19,039.00",0,Low,0
TX007464,C0447,132.4,2024-11-17 19:22:29,ATM Withdrawal,Student,42,"16,747.00",0,Low,0
TX004300,C0281,132.28,2024-01-09 10:21:56,Online Shopping,Premium,39,"39,211.00",0,Low,0
TX004838,C0236,132.28,2024-10-06 01:21:37,Online Shopping,Standard,45,"61,328.00",0,Low,1
TX007521,C0135,132.2,2024-06-11 05:51:59,Online Shopping,Standard,26,"51,139.00",0,Low,0
TX002697,C0140,132.15,2024-07-01 08:35:01,Online Shopping,Basic,23,"42,591.00",0,Low,0
TX001324,C0487,132.13,2024-05-02 22:03:21,Entertainment,Standard,30,"87,359.00",0,Low,0
TX006800,C0266,132.12,2024-01-24 04:21:09,Online Shopping,Basic,23,"48,327.00",0,Low,1
TX000644,C0412,132.07,2024-02-16 02:12:30,Online Shopping,Standard,24,"54,863.00",0,Low,1
TX003027,C0386,132.02,2024-03-10 08:15:43,Healthcare,Basic,39,"28,780.00",0,Low,0
TX005069,C0473,131.94,2024-10-01 07:29:32,Healthcare,Basic,19,"26,453.00",0,Low,0
TX000958,C0291,131.91,2024-07-14 20:22:24,ATM Withdrawal,Student,35,"11,070.00",0,Low,0
TX001140,C0041,131.83,2024-01-12 04:33:22,Clothing,Standard,46,"39,681.00",0,Low,1
TX005282,C0038,131.7,2024-01-31 21:39:06,Clothing,Basic,18,"12,409.00",0,Low,0
TX003818,C0158,131.68,2024-10-18 21:01:19,Online Shopping,Standard,43,"58,910.00",0,Low,0
TX000748,C0143,131.55,2024-07-19 18:50:46,Fuel,Basic,18,"31,795.00",0,Low,0
TX005768,C0182,131.54,2024-02-10 12:04:00,ATM Withdrawal,Basic,27,"26,575.00",0,Low,0
TX003153,C0459,131.42,2024-10-28 10:12:44,Dining,Premium,31,"72,704.00",0,Low,0
TX004631,C0413,131.37,2024-07-29 08:14:42,Dining,Standard,19,"71,288.00",0,Low,0
TX006503,C0259,131.35,2024-06-07 19:59:25,Clothing,Standard,43,"79,630.00",0,Low,0
TX000163,C0030,131.32,2024-03-24 13:31:48,Healthcare,Standard,34,"32,152.00",0,Low,0
TX004436,C0182,131.26,2024-01-16 09:32:55,Online Shopping,Basic,27,"26,575.00",1,Low,0
TX002872,C0025,131.18,2024-10-17 02:51:11,Online Shopping,Standard,31,"71,104.00",0,Low,1
TX007480,C0154,131.11,2024-10-15 04:47:20,Clothing,Basic,40,"41,040.00",0,Low,1
TX006163,C0487,131.1,2024-04-09 15:14:29,Online Shopping,Standard,30,"87,359.00",0,Low,0
TX001557,C0119,131.08,2024-01-10 14:14:53,Clothing,Standard,51,"81,039.00",0,Low,0
TX007845,C0064,131.06,2024-11-05 03:08:57,Groceries,Standard,23,"61,715.00",0,Low,1
TX000108,C0039,131.04,2024-06-07 16:32:36,Groceries,Standard,22,"61,600.00",0,Low,0
TX003444,C0226,131.02,2024-04-09 05:15:28,ATM Withdrawal,Premium,51,"125,610.00",0,Low,0
TX004307,C0272,131,2024-02-07 14:21:41,Healthcare,Standard,20,"63,458.00",0,Low,0
TX004034,C0314,130.99,2024-01-03 15:01:11,ATM Withdrawal,Student,47,"21,998.00",0,Low,0
TX000579,C0074,130.98,2024-06-07 23:37:57,Entertainment,Basic,56,"18,553.00",0,Low,0
TX001393,C0494,130.95,2024-01-29 22:01:03,Clothing,Basic,27,"23,972.00",0,Low,0
TX005343,C0361,130.93,2024-03-02 17:08:02,Healthcare,Student,44,"21,690.00",0,Low,0
TX003537,C0206,130.84,2024-10-04 03:38:33,Online Shopping,Standard,26,"11,556.00",0,Low,1
TX000623,C0478,130.82,2024-03-11 07:02:18,Online Shopping,Premium,41,"41,593.00",0,Low,0
TX001114,C0279,130.78,2024-03-22 20:23:06,Groceries,Premium,38,"67,381.00",0,Low,0
TX004401,C0410,130.71,2024-02-24 23:59:20,Healthcare,Premium,44,"63,045.00",0,Low,0
TX000565,C0227,130.7,2024-11-06 02:16:56,Groceries,Basic,38,"35,109.00",0,Low,1
TX002723,C0314,130.63,2024-05-16 01:47:58,ATM Withdrawal,Student,47,"21,998.00",0,Low,1
TX004453,C0296,130.61,2024-01-16 07:51:42,Healthcare,Student,29,"9,663.00",0,Low,0
TX000827,C0465,130.58,2024-01-14 12:17:30,Fuel,Student,36,"14,938.00",0,Low,0
TX004040,C0239,130.56,2024-08-25 19:48:18,Groceries,Standard,30,"51,337.00",0,Low,0
TX001585,C0390,130.53,2024-02-25 20:24:55,Online Shopping,Premium,31,"50,063.00",0,Low,0
TX000700,C0034,130.5,2024-07-17 18:21:59,Online Shopping,Standard,25,"54,013.00",0,Low,0
TX004549,C0187,130.45,2024-01-26 16:36:00,Online Shopping,Premium,43,"80,350.00",0,Low,0
TX007615,C0103,130.4,2024-03-09 17:50:48,Dining,Standard,33,"46,432.00",0,Low,0
TX002747,C0414,130.36,2024-10-04 13:49:27,Online Shopping,Standard,53,"62,120.00",0,Low,0
TX005708,C0363,130.33,2024-09-25 16:55:36,Online Shopping,Basic,36,"24,359.00",0,Low,0
TX005086,C0453,130.3,2024-06-25 04:07:46,Clothing,Basic,26,"19,064.00",0,Low,1
TX000732,C0454,130.22,2024-08-25 19:13:23,Groceries,Standard,44,"51,628.00",0,Low,0
TX006741,C0448,130.15,2024-11-13 02:31:02,Entertainment,Standard,26,"72,859.00",0,Low,1
TX003625,C0337,130.13,2024-01-10 05:23:02,Healthcare,Standard,28,"53,675.00",0,Low,0
TX001094,C0350,130.11,2024-02-04 00:41:44,Healthcare,Basic,35,"20,208.00",0,Low,1
TX006328,C0012,130.08,2024-10-30 00:40:40,Groceries,Standard,32,"66,193.00",0,Low,1
TX005747,C0087,130.01,2024-05-15 04:52:59,ATM Withdrawal,Standard,48,"40,495.00",0,Low,1
TX006352,C0112,129.98,2024-11-07 04:05:02,Groceries,Basic,37,"35,081.00",0,Low,1
TX000829,C0265,129.97,2024-08-03 09:58:50,Online Shopping,Student,34,"8,000.00",0,Low,0
TX002023,C0247,129.92,2024-04-19 18:27:03,Entertainment,Standard,32,"52,749.00",0,Low,0
TX000298,C0183,129.9,2024-01-04 12:42:23,Entertainment,Premium,25,"135,022.00",0,Low,0
TX005288,C0168,129.76,2024-06-04 09:10:06,Online Shopping,Student,60,"8,041.00",0,Low,0
TX002219,C0255,129.76,2024-09-26 23:22:49,ATM Withdrawal,Basic,19,"22,068.00",0,Low,0
TX000073,C0288,129.72,2024-11-15 20:58:49,Online Shopping,Premium,45,"42,884.00",1,Low,0
TX007669,C0356,129.71,2024-06-15 13:14:45,Clothing,Premium,25,"115,005.00",0,Low,0
TX001389,C0443,129.59,2024-02-20 15:49:26,Groceries,Premium,18,"78,354.00",0,Low,0
TX001205,C0260,129.58,2024-05-24 10:54:58,Electronics,Student,47,"19,039.00",0,Low,0
TX005774,C0196,129.57,2024-01-25 10:58:18,Online Shopping,Student,42,"14,851.00",1,Low,0
TX005931,C0279,129.57,2024-09-22 15:59:43,Online Shopping,Premium,38,"67,381.00",0,Low,0
TX006661,C0061,129.56,2024-10-01 16:24:46,Clothing,Premium,32,"100,281.00",0,Low,0
TX004471,C0336,129.54,2024-12-24 07:28:45,Groceries,Basic,36,"19,041.00",0,Low,0
TX007459,C0320,129.51,2024-10-22 11:06:46,Online Shopping,Premium,36,"127,432.00",0,Low,0
TX004805,C0110,129.47,2024-11-17 01:37:47,Fuel,Student,37,"16,573.00",0,Low,1
TX003896,C0108,129.45,2024-03-06 09:18:42,Groceries,Basic,40,"24,824.00",0,Low,0
TX006014,C0284,129.4,2024-10-28 18:57:38,Healthcare,Basic,23,"21,171.00",1,Low,0
TX003264,C0059,129.38,2024-10-13 11:41:53,Clothing,Basic,41,"29,342.00",0,Low,0
TX006737,C0399,129.34,2024-02-12 14:06:05,Healthcare,Basic,36,"30,654.00",0,Low,0
TX002698,C0444,129.3,2024-07-25 21:55:20,Groceries,Student,36,"15,681.00",0,Low,0
TX004813,C0246,129.26,2024-11-22 08:34:46,Clothing,Basic,33,"41,005.00",0,Low,0
TX000544,C0092,129.13,2024-01-10 08:56:34,Groceries,Basic,49,"37,018.00",0,Low,0
TX006683,C0069,129.12,2024-01-15 18:14:15,Groceries,Premium,42,"87,307.00",0,Low,0
TX005526,C0387,129.03,2024-05-11 03:07:38,Clothing,Student,42,"17,832.00",0,Low,1
TX004383,C0316,129,2024-05-30 17:02:16,Clothing,Standard,38,"44,606.00",0,Low,0
TX005341,C0070,128.95,2024-01-23 10:01:10,Electronics,Basic,30,"41,520.00",0,Low,0
TX004920,C0254,128.91,2024-08-28 17:29:08,Online Shopping,Standard,50,"42,295.00",1,Low,0
TX006061,C0337,128.87,2024-01-29 16:34:46,Online Shopping,Standard,28,"53,675.00",1,Low,0
TX000674,C0377,128.85,2024-04-21 11:07:51,Clothing,Premium,48,"57,230.00",0,Low,0
TX002074,C0354,128.81,2024-05-15 07:22:30,Groceries,Student,36,"8,776.00",0,Low,0
TX007709,C0353,128.8,2024-05-19 02:55:21,Healthcare,Standard,48,"58,506.00",0,Low,1
TX002910,C0136,128.77,2024-01-11 07:05:22,ATM Withdrawal,Basic,56,"16,651.00",0,Low,0
TX007820,C0474,128.64,2024-08-12 23:12:51,Groceries,Standard,54,"41,727.00",0,Low,0
TX005256,C0313,128.62,2024-05-11 02:58:58,Online Shopping,Basic,47,"18,779.00",0,Low,1
TX002160,C0357,128.58,2024-11-09 03:43:56,Entertainment,Basic,37,"14,050.00",0,Low,1
TX005534,C0021,128.56,2024-06-27 13:40:37,Entertainment,Student,55,"17,431.00",0,Low,0
TX005725,C0097,128.56,2024-10-26 18:30:43,Online Shopping,Premium,41,"82,584.00",0,Low,0
TX004339,C0009,128.54,2024-08-20 02:03:21,Online Shopping,Standard,32,"57,866.00",0,Low,1
TX004291,C0106,128.5,2024-08-23 07:05:02,Entertainment,Basic,42,"37,397.00",0,Low,0
TX001695,C0292,128.49,2024-07-01 12:40:56,Healthcare,Basic,32,"28,202.00",0,Low,0
TX002569,C0245,128.46,2024-01-04 09:21:13,Travel,Standard,23,"50,536.00",0,Low,0
TX002565,C0493,128.43,2024-06-23 00:49:36,ATM Withdrawal,Basic,38,"30,256.00",0,Low,1
TX007088,C0318,128.43,2024-07-27 18:40:27,Healthcare,Standard,34,"68,423.00",0,Low,0
TX005428,C0179,128.41,2024-06-11 18:27:13,Clothing,Student,34,"18,985.00",0,Low,0
TX000436,C0203,128.34,2024-01-19 07:54:46,Groceries,Basic,50,"37,330.00",0,Low,0
TX007310,C0181,128.34,2024-06-03 16:39:55,Online Shopping,Basic,45,"17,547.00",0,Low,0
TX001127,C0437,128.3,2024-12-05 02:46:42,Clothing,Standard,57,"51,798.00",0,Low,1
TX002115,C0046,128.08,2024-05-16 05:14:17,Entertainment,Premium,29,"116,173.00",0,Low,0
TX007515,C0220,128.02,2024-07-27 13:12:16,Electronics,Basic,38,"32,919.00",0,Low,0
TX005047,C0316,127.94,2024-05-31 02:13:43,Clothing,Standard,38,"44,606.00",0,Low,1
TX007649,C0112,127.8,2024-06-22 07:04:22,Groceries,Basic,37,"35,081.00",0,Low,0
TX002475,C0406,127.79,2024-03-01 13:59:56,Clothing,Standard,45,"69,880.00",0,Low,0
TX001443,C0188,127.79,2024-06-18 14:05:47,Groceries,Standard,37,"86,151.00",0,Low,0
TX003717,C0119,127.75,2024-08-12 00:01:17,Entertainment,Standard,51,"81,039.00",0,Low,1
TX003981,C0418,127.75,2024-08-28 18:31:22,Clothing,Standard,39,"63,367.00",0,Low,0
TX004372,C0415,127.74,2024-05-18 02:24:59,Groceries,Premium,41,"89,249.00",0,Low,1
TX001183,C0325,127.73,2024-01-27 07:22:52,Clothing,Premium,25,"54,372.00",0,Low,0
TX007659,C0325,127.7,2024-05-25 17:18:55,Online Shopping,Premium,25,"54,372.00",0,Low,0
TX005853,C0451,127.7,2024-09-16 19:28:28,Groceries,Basic,37,"9,568.00",0,Low,0
TX003953,C0166,127.7,2024-10-31 04:16:38,Online Shopping,Standard,42,"12,271.00",0,Low,1
TX002083,C0435,127.66,2024-02-25 15:07:26,ATM Withdrawal,Basic,56,"42,246.00",0,Low,0
TX000671,C0211,127.63,2024-06-10 14:14:09,Groceries,Student,44,"17,451.00",0,Low,0
TX007650,C0286,127.62,2024-08-08 08:29:41,Online Shopping,Basic,18,"41,136.00",0,Low,0
TX001681,C0310,127.61,2024-07-03 01:16:42,Groceries,Standard,35,"55,608.00",0,Low,1
TX002952,C0096,127.57,2024-12-19 14:11:15,Fuel,Standard,20,"24,373.00",0,Low,0
TX005092,C0043,127.48,2024-10-10 01:40:15,Electronics,Standard,36,"58,657.00",1,Low,1
TX004675,C0397,127.37,2024-08-12 20:07:56,ATM Withdrawal,Student,18,"14,975.00",0,Low,0
TX003379,C0360,127.29,2024-06-22 03:42:42,Entertainment,Basic,28,"20,322.00",0,Low,1
TX001925,C0351,127.28,2024-01-22 01:46:27,Online Shopping,Standard,41,"55,511.00",0,Low,1
TX002193,C0411,127.25,2024-12-21 15:04:20,ATM Withdrawal,Standard,46,"55,422.00",0,Low,0
TX001165,C0148,127.24,2024-08-31 12:04:52,Online Shopping,Basic,22,"29,691.00",0,Low,0
TX005529,C0189,127.23,2024-09-25 09:26:23,ATM Withdrawal,Premium,27,"101,458.00",0,Low,0
TX000238,C0469,127.22,2024-03-30 20:50:47,Fuel,Premium,31,"125,897.00",0,Low,0
TX006168,C0336,127.19,2024-08-08 03:43:45,Fuel,Basic,36,"19,041.00",1,Low,1
TX004485,C0226,127.13,2024-03-10 06:26:10,Online Shopping,Premium,51,"125,610.00",0,Low,0
TX006032,C0447,127.13,2024-11-23 10:13:01,Online Shopping,Student,42,"16,747.00",0,Low,0
TX007129,C0231,127.11,2024-05-28 15:44:29,ATM Withdrawal,Premium,29,"99,079.00",0,Low,0
TX002931,C0221,127,2024-11-04 03:55:42,Online Shopping,Premium,65,"162,102.00",0,Low,1
TX005124,C0487,126.99,2024-01-06 13:38:55,ATM Withdrawal,Standard,30,"87,359.00",0,Low,0
TX004962,C0095,126.97,2024-03-06 01:27:21,Clothing,Basic,33,"31,667.00",0,Low,1
TX005775,C0323,126.96,2024-09-15 21:47:35,Entertainment,Standard,28,"42,469.00",0,Low,0
TX002892,C0147,126.87,2024-02-06 13:10:36,Healthcare,Standard,23,"71,180.00",0,Low,0
TX004918,C0402,126.85,2024-11-28 23:20:03,Fuel,Basic,30,"27,677.00",0,Low,0
TX006740,C0464,126.84,2024-09-09 12:13:21,Clothing,Student,40,"15,733.00",0,Low,0
TX004458,C0042,126.82,2024-02-02 15:50:38,Entertainment,Standard,40,"65,625.00",0,Low,0
TX001167,C0157,126.79,2024-05-24 06:30:26,ATM Withdrawal,Student,60,"16,976.00",0,Low,0
TX003050,C0294,126.59,2024-05-25 01:48:50,ATM Withdrawal,Basic,48,"22,253.00",0,Low,1
TX005170,C0076,126.59,2024-11-29 04:40:03,Online Shopping,Standard,47,"44,784.00",0,Low,1
TX003370,C0387,126.58,2024-01-18 17:37:18,Entertainment,Student,42,"17,832.00",1,Low,0
TX007529,C0025,126.51,2024-10-20 15:27:32,Online Shopping,Standard,31,"71,104.00",0,Low,0
TX000679,C0364,126.46,2024-03-16 20:13:19,Groceries,Standard,42,"54,163.00",0,Low,0
TX007002,C0315,126.4,2024-07-31 13:33:10,Groceries,Basic,53,"20,049.00",0,Low,0
TX005237,C0301,126.32,2024-04-25 13:23:45,Fuel,Standard,28,"54,705.00",0,Low,0
TX003411,C0130,126.32,2024-09-01 04:37:55,Fuel,Standard,31,"61,544.00",0,Low,1
TX000524,C0319,126.32,2024-10-12 03:36:05,Online Shopping,Basic,41,"27,640.00",0,Low,1
TX004531,C0336,126.31,2024-05-13 17:15:40,Fuel,Basic,36,"19,041.00",0,Low,0
TX007816,C0114,126.3,2024-03-25 20:02:49,Fuel,Basic,67,"25,718.00",0,Low,0
TX000693,C0248,126.24,2024-09-07 21:29:30,Healthcare,Student,30,"15,502.00",0,Low,0
TX003528,C0406,126.2,2024-01-20 19:27:03,Clothing,Standard,45,"69,880.00",0,Low,0
TX006652,C0292,126.14,2024-05-25 14:00:01,Groceries,Basic,32,"28,202.00",0,Low,0
TX003947,C0175,126.14,2024-10-23 01:52:20,Online Shopping,Premium,41,"88,592.00",0,Low,1
TX002127,C0280,126.1,2024-01-07 06:10:08,Healthcare,Student,33,"13,877.00",0,Low,0
TX006599,C0353,126.1,2024-06-26 02:20:51,Dining,Standard,48,"58,506.00",0,Low,1
TX004550,C0453,126.04,2024-04-20 22:12:13,ATM Withdrawal,Basic,26,"19,064.00",0,Low,0
TX000581,C0408,126.03,2024-04-07 23:08:41,Entertainment,Basic,36,"23,954.00",0,Low,0
TX005342,C0352,126.02,2024-06-21 16:53:10,Healthcare,Standard,55,"43,450.00",0,Low,0
TX000721,C0212,126,2024-02-03 08:01:24,Groceries,Student,51,"10,786.00",0,Low,0
TX007420,C0230,125.99,2024-03-22 09:41:59,Entertainment,Standard,46,"37,804.00",1,Low,0
TX003044,C0146,125.92,2024-01-10 09:26:40,Online Shopping,Basic,47,"26,328.00",0,Low,0
TX002428,C0412,125.89,2024-02-19 20:02:38,Entertainment,Standard,24,"54,863.00",0,Low,0
TX005888,C0171,125.88,2024-12-23 22:50:32,Clothing,Basic,27,"19,642.00",0,Low,0
TX001362,C0437,125.86,2024-11-04 18:00:58,Clothing,Standard,57,"51,798.00",0,Low,0
TX001233,C0274,125.83,2024-08-15 22:48:38,Groceries,Basic,38,"36,827.00",0,Low,0
TX004055,C0287,125.79,2024-05-05 16:33:40,Healthcare,Standard,36,"68,774.00",0,Low,0
TX000540,C0213,125.78,2024-02-11 19:18:28,Healthcare,Standard,49,"45,643.00",0,Low,0
TX000895,C0332,125.74,2024-03-13 17:08:27,Online Shopping,Basic,27,"28,823.00",0,Low,0
TX002685,C0242,125.72,2024-04-08 02:22:36,Dining,Premium,36,"53,171.00",1,Low,1
TX004534,C0440,125.72,2024-12-05 12:38:55,Online Shopping,Standard,37,"49,943.00",0,Low,0
TX002943,C0439,125.67,2024-02-06 21:02:30,Healthcare,Standard,18,"57,230.00",0,Low,0
TX005884,C0065,125.65,2024-09-14 11:45:13,Clothing,Premium,47,"109,281.00",0,Low,0
TX002610,C0091,125.64,2024-10-11 07:46:26,ATM Withdrawal,Student,39,"21,013.00",0,Low,0
TX005617,C0050,125.63,2024-08-10 20:18:46,Groceries,Basic,18,"21,439.00",0,Low,0
TX005577,C0178,125.59,2024-10-23 04:55:27,Groceries,Standard,55,"35,755.00",0,Low,1
TX003388,C0138,125.55,2024-02-20 01:33:08,ATM Withdrawal,Student,34,"17,588.00",0,Low,1
TX000347,C0245,125.54,2024-12-18 21:56:54,Online Shopping,Standard,23,"50,536.00",0,Low,0
TX006916,C0201,125.49,2024-10-21 06:43:21,Clothing,Basic,42,"30,629.00",1,Low,0
TX003901,C0379,125.48,2024-06-25 11:29:23,Healthcare,Standard,64,"73,196.00",0,Low,0
TX001358,C0499,125.43,2024-08-22 00:43:42,Online Shopping,Standard,27,"49,520.00",0,Low,1
TX002010,C0101,125.42,2024-06-04 22:16:37,Online Shopping,Student,21,"22,190.00",0,Low,0
TX000780,C0142,125.41,2024-02-12 21:00:12,Groceries,Student,53,"9,142.00",0,Low,0
TX003636,C0471,125.41,2024-10-02 01:28:58,ATM Withdrawal,Standard,34,"54,590.00",0,Low,1
TX000097,C0288,125.41,2024-12-29 14:01:23,Groceries,Premium,45,"42,884.00",0,Low,0
TX001262,C0354,125.37,2024-01-23 14:00:49,Online Shopping,Student,36,"8,776.00",0,Low,0
TX005074,C0188,125.35,2024-06-30 10:11:48,Clothing,Standard,37,"86,151.00",0,Low,0
TX001194,C0113,125.33,2024-01-08 14:42:12,Clothing,Premium,38,"121,486.00",0,Low,0
TX005697,C0016,125.24,2024-03-03 00:38:05,Healthcare,Standard,31,"58,287.00",0,Low,1
TX000146,C0499,125.21,2024-03-18 07:21:08,Online Shopping,Standard,27,"49,520.00",0,Low,0
TX006284,C0149,125.2,2024-09-28 03:41:56,Clothing,Student,44,"14,309.00",0,Low,1
TX007767,C0441,125.03,2024-03-01 23:20:02,Fuel,Basic,42,"25,092.00",0,Low,0
TX005541,C0179,124.98,2024-12-29 11:30:09,Online Shopping,Student,34,"18,985.00",0,Low,0
TX002636,C0363,124.94,2024-12-14 09:00:29,Entertainment,Basic,36,"24,359.00",0,Low,0
TX003850,C0303,124.93,2024-11-02 15:21:50,Entertainment,Premium,46,"96,717.00",0,Low,0
TX005542,C0276,124.89,2024-01-14 12:29:37,Healthcare,Standard,43,"59,217.00",0,Low,0
TX007593,C0465,124.85,2024-10-31 12:27:29,Clothing,Student,36,"14,938.00",0,Low,0
TX007864,C0162,124.76,2024-03-15 12:58:02,Online Shopping,Standard,47,"72,590.00",0,Low,0
TX002876,C0120,124.72,2024-07-17 17:58:33,Groceries,Basic,47,"31,583.00",0,Low,0
TX004369,C0441,124.58,2024-02-29 14:14:26,Entertainment,Basic,42,"25,092.00",0,Low,0
TX003961,C0014,124.56,2024-01-21 09:47:20,Online Shopping,Student,18,"23,653.00",0,Low,0
TX005158,C0428,124.56,2024-02-18 02:31:35,Groceries,Standard,46,"62,297.00",0,Low,1
TX004731,C0328,124.46,2024-01-04 01:00:26,ATM Withdrawal,Standard,47,"61,206.00",0,Low,1
TX005981,C0001,124.39,2024-12-28 22:21:24,Online Shopping,Basic,43,"28,663.00",0,Low,0
TX000558,C0254,124.37,2024-12-25 02:28:35,ATM Withdrawal,Standard,50,"42,295.00",0,Low,1
TX006739,C0452,124.35,2024-06-23 03:34:12,Groceries,Standard,49,"69,014.00",0,Low,1
TX001800,C0225,124.32,2024-09-01 11:44:43,Clothing,Premium,32,"123,165.00",0,Low,0
TX002602,C0319,124.31,2024-12-17 14:03:31,ATM Withdrawal,Basic,41,"27,640.00",0,Low,0
TX001402,C0171,124.2,2024-01-18 10:17:06,ATM Withdrawal,Basic,27,"19,642.00",0,Low,0
TX002003,C0360,124.18,2024-03-21 16:20:03,Entertainment,Basic,28,"20,322.00",0,Low,0
TX001852,C0181,124.08,2024-04-03 21:38:25,Clothing,Basic,45,"17,547.00",0,Low,0
TX004767,C0480,124.02,2024-10-24 10:09:41,Healthcare,Standard,51,"51,860.00",0,Low,0
TX002497,C0266,123.93,2024-11-12 02:51:00,Clothing,Basic,23,"48,327.00",0,Low,1
TX005266,C0148,123.9,2024-08-29 19:23:27,Entertainment,Basic,22,"29,691.00",0,Low,0
TX006986,C0188,123.88,2024-10-20 23:11:42,Electronics,Standard,37,"86,151.00",0,Low,0
TX005389,C0095,123.85,2024-10-01 15:16:04,ATM Withdrawal,Basic,33,"31,667.00",0,Low,0
TX001809,C0195,123.83,2024-07-19 21:05:18,Entertainment,Standard,40,"53,925.00",0,Low,0
TX000741,C0191,123.83,2024-09-01 14:22:10,Entertainment,Standard,32,"70,454.00",0,Low,0
TX002471,C0322,123.8,2024-08-02 14:12:48,Healthcare,Basic,45,"32,231.00",0,Low,0
TX002124,C0385,123.76,2024-07-12 05:41:54,Clothing,Standard,28,"57,003.00",0,Low,0
TX001404,C0054,123.76,2024-10-16 18:33:22,Healthcare,Basic,45,"31,946.00",0,Low,0
TX003461,C0013,123.69,2024-05-10 21:19:35,Groceries,Standard,40,"64,682.00",0,Low,0
TX005850,C0110,123.68,2024-06-15 09:54:59,ATM Withdrawal,Student,37,"16,573.00",0,Low,0
TX007292,C0082,123.67,2024-12-29 05:07:57,Online Shopping,Standard,42,"18,641.00",0,Low,0
TX002727,C0369,123.65,2024-10-20 14:00:03,ATM Withdrawal,Student,39,"15,677.00",0,Low,0
TX004955,C0236,123.6,2024-11-07 15:32:40,ATM Withdrawal,Standard,45,"61,328.00",0,Low,0
TX002788,C0115,123.59,2024-04-26 02:11:08,Online Shopping,Premium,35,"129,521.00",0,Low,1
TX000280,C0406,123.44,2024-08-08 18:18:33,Online Shopping,Standard,45,"69,880.00",0,Low,0
TX000973,C0404,123.41,2024-10-27 16:58:22,Dining,Student,38,"16,286.00",0,Low,0
TX006915,C0087,123.39,2024-01-04 15:09:02,Healthcare,Standard,48,"40,495.00",0,Low,0
TX007000,C0047,123.39,2024-03-31 09:16:04,ATM Withdrawal,Premium,32,"109,506.00",0,Low,0
TX004152,C0225,123.33,2024-07-07 12:34:36,Clothing,Premium,32,"123,165.00",0,Low,0
TX003409,C0471,123.32,2024-11-27 00:16:09,Online Shopping,Standard,34,"54,590.00",0,Low,1
TX001296,C0249,123.3,2024-08-05 04:33:40,Clothing,Basic,59,"28,615.00",0,Low,1
TX004984,C0144,123.28,2024-07-10 11:54:02,Clothing,Standard,40,"70,706.00",0,Low,0
TX000730,C0047,123.2,2024-10-03 00:54:53,Clothing,Premium,32,"109,506.00",0,Low,1
TX005321,C0182,123.13,2024-01-29 11:59:51,Online Shopping,Basic,27,"26,575.00",0,Low,0
TX000771,C0251,123.13,2024-08-10 05:42:56,Online Shopping,Standard,22,"38,555.00",0,Low,0
TX006694,C0344,123.02,2024-11-27 03:08:22,Fuel,Standard,31,"79,425.00",0,Low,1
TX005488,C0232,122.99,2024-08-30 13:56:49,Fuel,Standard,40,"43,685.00",0,Low,0
TX005157,C0045,122.96,2024-06-18 23:29:28,Groceries,Standard,20,"35,795.00",0,Low,0
TX004651,C0029,122.9,2024-03-21 14:10:59,Online Shopping,Basic,30,"39,560.00",0,Low,0
TX005899,C0162,122.9,2024-04-22 10:48:00,ATM Withdrawal,Standard,47,"72,590.00",1,Low,0
TX004713,C0042,122.9,2024-07-15 08:55:40,Entertainment,Standard,40,"65,625.00",0,Low,0
TX006226,C0387,122.9,2024-12-20 08:49:40,Fuel,Student,42,"17,832.00",0,Low,0
TX005054,C0226,122.84,2024-03-17 00:22:45,ATM Withdrawal,Premium,51,"125,610.00",0,Low,1
TX005962,C0035,122.76,2024-10-28 13:56:06,Groceries,Standard,47,"46,672.00",0,Low,0
TX006005,C0448,122.74,2024-07-12 07:24:14,Entertainment,Standard,26,"72,859.00",0,Low,0
TX005064,C0208,122.68,2024-11-03 11:28:28,Entertainment,Basic,44,"28,883.00",0,Low,0
TX000740,C0128,122.67,2024-05-01 15:46:53,Healthcare,Student,31,"23,569.00",0,Low,0
TX001839,C0059,122.62,2024-02-09 03:57:14,Groceries,Basic,41,"29,342.00",0,Low,1
TX007666,C0372,122.54,2024-09-26 02:39:59,Healthcare,Basic,43,"22,768.00",0,Low,1
TX000124,C0236,122.5,2024-07-12 13:53:53,Clothing,Standard,45,"61,328.00",0,Low,0
TX004771,C0122,122.46,2024-02-25 08:57:49,Clothing,Basic,27,"26,128.00",0,Low,0
TX004783,C0313,122.34,2024-11-28 01:16:55,Online Shopping,Basic,47,"18,779.00",0,Low,1
TX001655,C0028,122.32,2024-07-06 20:59:22,Online Shopping,Basic,42,"24,399.00",0,Low,0
TX005258,C0021,122.31,2024-11-11 23:21:13,Clothing,Student,55,"17,431.00",0,Low,0
TX005289,C0259,122.26,2024-03-06 15:01:30,Fuel,Standard,43,"79,630.00",0,Low,0
TX006777,C0333,122.2,2024-07-26 20:12:39,Groceries,Basic,38,"37,711.00",0,Low,0
TX004111,C0229,122.17,2024-01-26 01:05:11,Healthcare,Basic,29,"43,067.00",0,Low,1
TX001061,C0378,122.17,2024-11-28 00:58:45,Online Shopping,Basic,40,"27,468.00",0,Low,1
TX004296,C0311,122.13,2024-08-02 05:25:01,Groceries,Basic,35,"24,384.00",0,Low,0
TX003492,C0318,122.08,2024-01-20 21:59:57,Online Shopping,Standard,34,"68,423.00",1,Low,0
TX004917,C0101,122.06,2024-10-07 09:57:37,Entertainment,Student,21,"22,190.00",0,Low,0
TX003245,C0260,122.05,2024-11-24 09:15:30,Healthcare,Student,47,"19,039.00",0,Low,0
TX004162,C0175,122.01,2024-05-09 00:59:32,Healthcare,Premium,41,"88,592.00",0,Low,1
TX000246,C0260,121.99,2024-09-18 09:50:24,Online Shopping,Student,47,"19,039.00",0,Low,0
TX006303,C0169,121.94,2024-10-05 15:45:13,Online Shopping,Standard,35,"49,563.00",0,Low,0
TX004047,C0190,121.92,2024-10-02 13:33:13,ATM Withdrawal,Student,19,"16,720.00",0,Low,0
TX000992,C0041,121.91,2024-02-06 03:25:46,ATM Withdrawal,Standard,46,"39,681.00",1,Low,1
TX000372,C0419,121.82,2024-09-19 14:12:24,Healthcare,Standard,52,"55,155.00",0,Low,0
TX006353,C0008,121.72,2024-12-17 18:46:23,Groceries,Standard,47,"74,176.00",0,Low,0
TX000888,C0480,121.71,2024-06-10 05:33:10,Healthcare,Standard,51,"51,860.00",0,Low,0
TX006435,C0287,121.67,2024-05-28 07:05:24,Online Shopping,Standard,36,"68,774.00",0,Low,0
TX005296,C0448,121.67,2024-07-29 22:44:28,Entertainment,Standard,26,"72,859.00",0,Low,0
TX000245,C0430,121.6,2024-03-15 13:18:38,Entertainment,Standard,18,"25,368.00",0,Low,0
TX002506,C0248,121.54,2024-05-31 04:36:42,ATM Withdrawal,Student,30,"15,502.00",0,Low,1
TX000941,C0061,121.52,2024-10-28 00:16:57,Online Shopping,Premium,32,"100,281.00",0,Low,1
TX006476,C0042,121.51,2024-09-07 22:12:35,Online Shopping,Standard,40,"65,625.00",0,Low,0
TX007457,C0117,121.38,2024-04-21 08:26:02,Online Shopping,Basic,37,"46,602.00",0,Low,0
TX005536,C0184,121.25,2024-07-16 07:14:09,Healthcare,Basic,43,"36,801.00",0,Low,0
TX002906,C0384,121.24,2024-08-04 06:28:15,Healthcare,Basic,31,"27,527.00",0,Low,0
TX001620,C0417,121.24,2024-12-15 04:15:19,Groceries,Student,56,"20,560.00",0,Low,1
TX002656,C0260,121.2,2024-10-21 22:36:22,Groceries,Student,47,"19,039.00",0,Low,0
TX005894,C0428,121.19,2024-09-08 12:55:39,Clothing,Standard,46,"62,297.00",0,Low,0
TX004554,C0243,121.17,2024-09-21 16:30:22,Entertainment,Standard,44,"63,961.00",0,Low,0
TX003821,C0149,121.16,2024-12-06 07:33:36,Healthcare,Student,44,"14,309.00",1,Low,0
TX005740,C0439,121.07,2024-09-29 18:13:53,Online Shopping,Standard,18,"57,230.00",0,Low,0
TX004423,C0410,121.07,2024-10-08 11:56:02,Healthcare,Premium,44,"63,045.00",0,Low,0
TX004505,C0101,121,2024-03-28 03:46:12,Healthcare,Student,21,"22,190.00",0,Low,1
TX000297,C0113,121,2024-06-05 02:32:14,Entertainment,Premium,38,"121,486.00",0,Low,1
TX002567,C0039,120.97,2024-03-23 13:25:55,ATM Withdrawal,Standard,22,"61,600.00",1,Low,0
TX002228,C0324,120.81,2024-06-12 19:52:14,Clothing,Basic,63,"47,161.00",0,Low,0
TX005811,C0182,120.77,2024-12-15 04:03:06,Groceries,Basic,27,"26,575.00",0,Low,1
TX002134,C0477,120.74,2024-02-24 08:20:31,Electronics,Basic,44,"19,024.00",0,Low,0
TX002033,C0323,120.72,2024-08-24 01:08:35,Online Shopping,Standard,28,"42,469.00",0,Low,1
TX005543,C0112,120.68,2024-01-21 11:02:13,Healthcare,Basic,37,"35,081.00",0,Low,0
TX000007,C0277,120.68,2024-11-21 15:29:34,Entertainment,Standard,40,"56,563.00",0,Low,0
TX003948,C0273,120.65,2024-09-19 21:26:22,ATM Withdrawal,Premium,51,"107,842.00",0,Low,0
TX005519,C0331,120.62,2024-03-05 11:10:34,Groceries,Standard,37,"55,657.00",0,Low,0
TX005098,C0319,120.55,2024-02-18 10:36:08,Clothing,Basic,41,"27,640.00",0,Low,0
TX004931,C0155,120.53,2024-02-18 00:33:44,Entertainment,Premium,41,"71,233.00",0,Low,1
TX004028,C0065,120.38,2024-05-29 03:44:42,Online Shopping,Premium,47,"109,281.00",1,Low,1
TX004990,C0220,120.36,2024-12-26 07:46:40,Clothing,Basic,38,"32,919.00",0,Low,0
TX003089,C0165,120.33,2024-10-03 08:58:24,Entertainment,Standard,49,"66,575.00",0,Low,0
TX007315,C0189,120.27,2024-08-16 11:42:48,Groceries,Premium,27,"101,458.00",0,Low,0
TX007411,C0387,120.25,2024-12-17 12:26:54,Clothing,Student,42,"17,832.00",0,Low,0
TX000801,C0435,120.22,2024-04-13 05:40:10,Clothing,Basic,56,"42,246.00",0,Low,0
TX000975,C0353,120.11,2024-04-20 07:11:09,Clothing,Standard,48,"58,506.00",0,Low,0
TX003162,C0114,120.1,2024-11-12 12:34:31,ATM Withdrawal,Basic,67,"25,718.00",0,Low,0
TX005954,C0336,120.09,2024-07-21 20:55:45,Online Shopping,Basic,36,"19,041.00",0,Low,0
TX004169,C0281,120.05,2024-03-13 21:04:43,Clothing,Premium,39,"39,211.00",0,Low,0
TX002049,C0349,120.05,2024-05-01 12:46:02,Online Shopping,Basic,29,"24,805.00",0,Low,0
TX007150,C0324,120.04,2024-06-18 15:51:14,Online Shopping,Basic,63,"47,161.00",0,Low,0
TX001301,C0487,119.95,2024-10-23 19:29:55,Online Shopping,Standard,30,"87,359.00",0,Low,0
TX004604,C0212,119.9,2024-09-08 17:56:24,Clothing,Student,51,"10,786.00",0,Low,0
TX002495,C0154,119.9,2024-11-12 11:20:12,Clothing,Basic,40,"41,040.00",0,Low,0
TX000060,C0149,119.89,2024-05-18 12:01:46,Clothing,Student,44,"14,309.00",0,Low,0
TX007718,C0243,119.87,2024-06-25 22:29:27,Online Shopping,Standard,44,"63,961.00",0,Low,0
TX004951,C0259,119.75,2024-01-18 20:31:43,Groceries,Standard,43,"79,630.00",0,Low,0
TX000597,C0316,119.67,2024-09-12 22:22:10,Clothing,Standard,38,"44,606.00",0,Low,0
TX004888,C0030,119.61,2024-09-20 18:23:09,Healthcare,Standard,34,"32,152.00",0,Low,0
TX001121,C0146,119.57,2024-11-04 11:33:33,Healthcare,Basic,47,"26,328.00",0,Low,0
TX004576,C0044,119.46,2024-05-08 14:21:32,Healthcare,Premium,34,"73,077.00",0,Low,0
TX005907,C0096,119.42,2024-03-22 01:58:48,Groceries,Standard,20,"24,373.00",0,Low,1
TX005028,C0147,119.39,2024-01-03 05:42:35,Clothing,Standard,23,"71,180.00",0,Low,0
TX006931,C0431,119.39,2024-07-08 17:15:30,ATM Withdrawal,Student,23,"11,242.00",0,Low,0
TX002802,C0118,119.28,2024-04-06 17:28:09,Clothing,Premium,23,"69,324.00",0,Low,0
TX004564,C0087,119.14,2024-08-21 02:20:55,Dining,Standard,48,"40,495.00",0,Low,1
TX002389,C0197,119.13,2024-04-28 23:37:40,Online Shopping,Standard,27,"65,914.00",0,Low,0
TX004456,C0361,119.05,2024-08-05 14:49:10,Healthcare,Student,44,"21,690.00",0,Low,0
TX006149,C0408,119,2024-02-07 03:05:09,Online Shopping,Basic,36,"23,954.00",1,Low,1
TX004946,C0487,118.96,2024-03-30 07:41:14,Healthcare,Standard,30,"87,359.00",0,Low,0
TX004525,C0036,118.95,2024-07-27 10:04:00,Dining,Standard,23,"83,217.00",0,Low,0
TX002118,C0475,118.86,2024-08-13 00:42:34,Dining,Premium,57,"84,811.00",1,Low,1
TX005710,C0342,118.78,2024-04-29 11:06:44,Online Shopping,Standard,40,"46,696.00",0,Low,0
TX002249,C0271,118.73,2024-01-24 02:13:12,Entertainment,Basic,55,"41,074.00",0,Low,1
TX003809,C0132,118.69,2024-05-05 12:08:25,Entertainment,Student,38,"15,480.00",0,Low,0
TX003272,C0166,118.68,2024-02-05 15:00:10,Online Shopping,Standard,42,"12,271.00",0,Low,0
TX007931,C0026,118.66,2024-07-05 00:10:09,Clothing,Basic,39,"21,787.00",0,Low,1
TX004003,C0399,118.63,2024-02-17 13:40:50,Entertainment,Basic,36,"30,654.00",0,Low,0
TX001747,C0409,118.59,2024-09-25 13:56:04,Dining,Standard,39,"63,047.00",0,Low,0
TX007668,C0181,118.55,2024-11-17 13:30:29,Dining,Basic,45,"17,547.00",0,Low,0
TX005246,C0135,118.48,2024-01-03 23:07:28,ATM Withdrawal,Standard,26,"51,139.00",0,Low,0
TX006954,C0158,118.47,2024-04-20 01:24:54,Online Shopping,Standard,43,"58,910.00",0,Low,1
TX001679,C0166,118.4,2024-07-20 22:13:58,Groceries,Standard,42,"12,271.00",0,Low,0
TX001999,C0469,118.39,2024-04-27 01:01:35,Online Shopping,Premium,31,"125,897.00",0,Low,1
TX005675,C0306,118.37,2024-02-22 21:41:07,Groceries,Standard,39,"48,558.00",0,Low,0
TX001051,C0082,118.29,2024-10-12 21:04:06,Clothing,Standard,42,"18,641.00",0,Low,0
TX005698,C0307,118.27,2024-12-20 02:23:23,Online Shopping,Standard,53,"56,834.00",1,Low,1
TX007586,C0024,118.23,2024-07-22 19:59:38,Online Shopping,Standard,20,"57,911.00",0,Low,0
TX005356,C0381,118.19,2024-01-06 04:25:06,Online Shopping,Premium,27,"159,579.00",0,Low,1
TX005161,C0193,118.16,2024-06-19 22:05:48,ATM Withdrawal,Premium,40,"82,228.00",1,Low,0
TX005278,C0297,118.15,2024-09-20 06:55:54,Entertainment,Standard,48,"45,979.00",0,Low,0
TX005969,C0169,118.09,2024-04-05 21:03:02,Online Shopping,Standard,35,"49,563.00",0,Low,0
TX006620,C0078,118.09,2024-11-19 21:20:27,Healthcare,Student,34,"12,389.00",0,Low,0
TX005885,C0100,118.08,2024-06-21 23:27:27,Online Shopping,Standard,35,"50,783.00",0,Low,0
TX003317,C0181,117.98,2024-03-02 12:59:11,Online Shopping,Basic,45,"17,547.00",0,Low,0
TX006388,C0390,117.97,2024-12-20 00:31:46,ATM Withdrawal,Premium,31,"50,063.00",0,Low,1
TX002297,C0372,117.95,2024-10-25 22:08:18,Online Shopping,Basic,43,"22,768.00",0,Low,0
TX004019,C0044,117.91,2024-10-04 23:05:01,Groceries,Premium,34,"73,077.00",0,Low,0
TX004857,C0408,117.82,2024-04-24 04:58:55,Dining,Basic,36,"23,954.00",0,Low,1
TX000380,C0174,117.81,2024-11-05 12:36:49,Clothing,Standard,42,"60,197.00",0,Low,0
TX001382,C0225,117.78,2024-11-02 07:11:03,Online Shopping,Premium,32,"123,165.00",0,Low,0
TX002851,C0314,117.76,2024-01-11 18:15:53,Healthcare,Student,47,"21,998.00",0,Low,0
TX003761,C0411,117.75,2024-07-28 20:40:10,Healthcare,Standard,46,"55,422.00",0,Low,0
TX006669,C0105,117.73,2024-02-17 22:04:16,Entertainment,Standard,36,"75,990.00",0,Low,0
TX000012,C0228,117.73,2024-07-03 10:54:44,Clothing,Standard,25,"37,854.00",0,Low,0
TX001954,C0108,117.73,2024-07-15 20:16:13,Healthcare,Basic,40,"24,824.00",0,Low,0
TX002632,C0341,117.71,2024-07-26 11:00:43,Groceries,Student,28,"21,710.00",0,Low,0
TX000128,C0086,117.71,2024-12-05 02:54:13,Online Shopping,Standard,31,"61,381.00",1,Low,1
TX004662,C0212,117.7,2024-01-31 03:05:42,Healthcare,Student,51,"10,786.00",0,Low,1
TX001707,C0065,117.67,2024-09-26 20:26:15,Entertainment,Premium,47,"109,281.00",0,Low,0
TX005692,C0473,117.67,2024-11-19 12:56:33,Entertainment,Basic,19,"26,453.00",0,Low,0
TX001955,C0371,117.65,2024-08-26 12:57:31,Groceries,Standard,38,"53,331.00",0,Low,0
TX005480,C0100,117.6,2024-01-27 14:46:29,Dining,Standard,35,"50,783.00",0,Low,0
TX003994,C0273,117.6,2024-02-24 14:09:21,Online Shopping,Premium,51,"107,842.00",0,Low,0
TX002225,C0010,117.6,2024-04-08 11:09:14,Groceries,Standard,44,"55,696.00",0,Low,0
TX006416,C0298,117.59,2024-05-12 10:36:38,Entertainment,Standard,41,"59,796.00",0,Low,0
TX001595,C0107,117.5,2024-07-20 01:22:14,Clothing,Premium,60,"91,788.00",0,Low,1
TX005173,C0348,117.42,2024-08-30 18:58:55,Groceries,Basic,21,"21,881.00",0,Low,0
TX002894,C0425,117.39,2024-04-07 06:46:35,Fuel,Standard,45,"55,849.00",0,Low,0
TX002928,C0335,117.25,2024-02-17 15:05:18,ATM Withdrawal,Standard,49,"46,637.00",0,Low,0
TX004306,C0224,117.24,2024-03-01 22:08:08,Electronics,Basic,18,"38,405.00",0,Low,0
TX004724,C0230,117.23,2024-01-16 20:54:08,Online Shopping,Standard,46,"37,804.00",0,Low,0
TX002958,C0256,117.21,2024-03-05 00:04:49,Healthcare,Standard,32,"22,699.00",0,Low,1
TX003955,C0496,117.17,2024-01-16 17:56:39,Clothing,Basic,44,"24,578.00",0,Low,0
TX003721,C0068,117.09,2024-04-27 03:24:29,ATM Withdrawal,Basic,50,"35,672.00",1,Low,1
TX007901,C0278,117.07,2024-06-18 05:35:05,Online Shopping,Standard,30,"54,061.00",0,Low,0
TX004087,C0098,117.07,2024-12-11 04:28:15,Dining,Basic,41,"24,544.00",0,Low,1
TX002007,C0432,117,2024-11-17 02:17:37,Clothing,Standard,18,"52,838.00",0,Low,1
TX001421,C0163,116.99,2024-07-11 00:16:50,Groceries,Basic,51,"34,348.00",0,Low,1
TX003030,C0204,116.99,2024-09-23 10:34:20,Online Shopping,Standard,50,"60,197.00",0,Low,0
TX003547,C0287,116.97,2024-02-21 06:20:05,Groceries,Standard,36,"68,774.00",0,Low,0
TX003664,C0268,116.96,2024-08-24 09:15:34,Healthcare,Premium,20,"40,638.00",0,Low,0
TX002812,C0446,116.94,2024-03-31 14:23:47,Healthcare,Student,46,"15,012.00",0,Low,0
TX003303,C0116,116.91,2024-05-29 08:31:14,Fuel,Standard,41,"57,963.00",0,Low,0
TX003357,C0058,116.9,2024-05-27 05:42:38,Groceries,Student,34,"20,775.00",0,Low,0
TX001466,C0259,116.88,2024-05-14 07:50:52,Online Shopping,Standard,43,"79,630.00",0,Low,0
TX001983,C0088,116.86,2024-08-06 04:35:44,Entertainment,Student,41,"14,809.00",0,Low,1
TX001556,C0012,116.86,2024-10-15 11:40:04,Groceries,Standard,32,"66,193.00",0,Low,0
TX000878,C0172,116.84,2024-11-29 04:22:55,Online Shopping,Standard,28,"72,412.00",0,Low,1
TX005552,C0191,116.83,2024-02-24 08:50:01,Online Shopping,Standard,32,"70,454.00",0,Low,0
TX002614,C0494,116.78,2024-04-20 02:26:53,Clothing,Basic,27,"23,972.00",0,Low,1
TX005545,C0214,116.72,2024-01-16 15:03:19,Online Shopping,Standard,45,"83,710.00",0,Low,0
TX003196,C0408,116.72,2024-05-21 02:18:54,Clothing,Basic,36,"23,954.00",0,Low,1
TX004567,C0199,116.71,2024-08-30 19:31:22,Healthcare,Premium,38,"111,979.00",0,Low,0
TX007803,C0236,116.65,2024-12-20 21:56:01,ATM Withdrawal,Standard,45,"61,328.00",0,Low,0
TX004578,C0261,116.45,2024-12-27 21:12:56,Online Shopping,Basic,26,"24,494.00",0,Low,0
TX007180,C0308,116.38,2024-01-01 04:45:21,Clothing,Standard,30,"63,149.00",0,Low,1
TX001914,C0428,116.3,2024-04-29 18:18:37,Online Shopping,Standard,46,"62,297.00",0,Low,0
TX000823,C0437,116.26,2024-08-30 05:54:50,Groceries,Standard,57,"51,798.00",0,Low,0
TX000156,C0184,116.2,2024-03-23 00:20:55,ATM Withdrawal,Basic,43,"36,801.00",0,Low,1
TX007685,C0300,116.18,2024-03-28 11:43:49,ATM Withdrawal,Premium,45,"103,214.00",0,Low,0
TX001338,C0304,116.18,2024-04-13 23:58:07,Dining,Basic,45,"40,913.00",0,Low,0
TX002059,C0154,116.15,2024-03-15 15:32:06,Clothing,Basic,40,"41,040.00",0,Low,0
TX006520,C0258,116.09,2024-06-01 16:34:46,ATM Withdrawal,Standard,29,"35,153.00",0,Low,0
TX002600,C0164,116.09,2024-08-03 04:40:03,ATM Withdrawal,Premium,28,"78,881.00",0,Low,1
TX000393,C0364,116.07,2024-04-19 20:19:15,Online Shopping,Standard,42,"54,163.00",0,Low,0
TX007426,C0254,116.02,2024-05-01 00:04:20,Clothing,Standard,50,"42,295.00",0,Low,1
TX001831,C0434,116,2024-05-24 21:40:20,Online Shopping,Basic,46,"34,799.00",0,Low,0
TX000714,C0108,115.97,2024-07-01 16:08:10,Clothing,Basic,40,"24,824.00",0,Low,0
TX007734,C0337,115.94,2024-09-04 05:52:34,Groceries,Standard,28,"53,675.00",0,Low,0
TX005836,C0098,115.93,2024-08-04 13:48:34,Groceries,Basic,41,"24,544.00",0,Low,0
TX003586,C0219,115.86,2024-11-30 07:22:25,Groceries,Basic,32,"31,203.00",0,Low,0
TX002866,C0117,115.84,2024-02-20 02:11:15,Healthcare,Basic,37,"46,602.00",1,Low,1
TX003704,C0063,115.83,2024-03-18 20:58:45,Dining,Student,24,"17,279.00",1,Low,0
TX006781,C0402,115.82,2024-08-18 02:23:25,Dining,Basic,30,"27,677.00",1,Low,1
TX005822,C0439,115.77,2024-02-18 04:33:35,Dining,Standard,18,"57,230.00",0,Low,1
TX002502,C0435,115.69,2024-09-03 19:48:52,Entertainment,Basic,56,"42,246.00",0,Low,0
TX001905,C0302,115.68,2024-06-12 01:30:44,Electronics,Basic,31,"34,419.00",1,Low,1
TX003060,C0480,115.67,2024-06-18 17:54:27,Clothing,Standard,51,"51,860.00",0,Low,0
TX003968,C0269,115.63,2024-09-19 15:14:03,Healthcare,Standard,32,"70,338.00",0,Low,0
TX005808,C0422,115.6,2024-01-30 06:17:33,Healthcare,Student,59,"13,779.00",0,Low,0
TX004539,C0164,115.57,2024-10-19 08:56:05,Entertainment,Premium,28,"78,881.00",0,Low,0
TX007104,C0044,115.52,2024-03-06 14:33:07,Online Shopping,Premium,34,"73,077.00",0,Low,0
TX006103,C0155,115.48,2024-03-19 02:46:29,Online Shopping,Premium,41,"71,233.00",0,Low,1
TX004254,C0063,115.46,2024-08-17 21:35:34,Healthcare,Student,24,"17,279.00",0,Low,0
TX006488,C0140,115.35,2024-08-24 04:39:16,Clothing,Basic,23,"42,591.00",0,Low,1
TX004297,C0500,115.34,2024-12-18 10:00:28,Entertainment,Student,21,"15,738.00",0,Low,0
TX002854,C0309,115.31,2024-03-19 08:54:47,Groceries,Basic,44,"30,390.00",0,Low,0
TX000516,C0424,115.31,2024-10-30 15:39:24,ATM Withdrawal,Premium,49,"84,390.00",0,Low,0
TX001897,C0390,115.25,2024-06-20 20:27:14,Clothing,Premium,31,"50,063.00",0,Low,0
TX003910,C0094,115.21,2024-05-11 20:33:43,Entertainment,Student,34,"15,107.00",0,Low,0
TX006524,C0282,115.16,2024-04-05 13:21:47,Clothing,Basic,45,"29,213.00",0,Low,0
TX004235,C0474,115.14,2024-02-23 05:35:28,Clothing,Standard,54,"41,727.00",0,Low,0
TX003644,C0182,115.09,2024-07-23 20:43:48,Fuel,Basic,27,"26,575.00",0,Low,0
TX001139,C0335,115.09,2024-08-19 02:35:12,Clothing,Standard,49,"46,637.00",0,Low,1
TX005048,C0334,115.09,2024-09-28 01:02:29,Entertainment,Basic,29,"47,684.00",0,Low,1
TX003917,C0495,115,2024-07-09 07:13:35,Groceries,Basic,56,"33,679.00",0,Low,0
TX001348,C0075,114.99,2024-12-25 07:41:33,Online Shopping,Basic,18,"31,024.00",0,Low,0
TX002021,C0438,114.94,2024-06-21 20:01:29,Groceries,Standard,21,"77,360.00",0,Low,0
TX007410,C0177,114.92,2024-07-30 02:52:41,Online Shopping,Standard,38,"56,152.00",0,Low,1
TX005903,C0206,114.76,2024-02-03 18:08:04,Electronics,Standard,26,"11,556.00",0,Low,0
TX007878,C0408,114.73,2024-06-12 14:51:20,Online Shopping,Basic,36,"23,954.00",0,Low,0
TX000574,C0403,114.72,2024-12-18 09:32:59,Groceries,Student,38,"16,069.00",0,Low,0
TX004168,C0030,114.7,2024-07-01 03:14:03,Groceries,Standard,34,"32,152.00",0,Low,1
TX006602,C0012,114.66,2024-11-12 09:51:45,ATM Withdrawal,Standard,32,"66,193.00",0,Low,0
TX005837,C0449,114.51,2024-09-11 08:31:29,Entertainment,Standard,31,"69,243.00",0,Low,0
TX006960,C0196,114.51,2024-12-28 01:15:14,Healthcare,Student,42,"14,851.00",0,Low,1
TX005058,C0113,114.49,2024-05-09 01:29:48,Fuel,Premium,38,"121,486.00",0,Low,1
TX005068,C0369,114.48,2024-11-11 13:50:26,Healthcare,Student,39,"15,677.00",0,Low,0
TX000402,C0270,114.46,2024-03-19 00:01:27,Online Shopping,Standard,39,"91,596.00",1,Low,1
TX001709,C0021,114.34,2024-05-02 18:37:53,Clothing,Student,55,"17,431.00",0,Low,0
TX007983,C0449,114.33,2024-01-01 13:49:42,Healthcare,Standard,31,"69,243.00",0,Low,0
TX004435,C0369,114.31,2024-08-17 15:28:43,Healthcare,Student,39,"15,677.00",0,Low,0
TX003352,C0011,114.31,2024-11-25 00:07:18,Online Shopping,Standard,32,"34,602.00",0,Low,1
TX001418,C0057,114.28,2024-02-01 05:58:41,Healthcare,Standard,27,"36,226.00",0,Low,0
TX005567,C0230,114.21,2024-06-15 12:10:37,Electronics,Standard,46,"37,804.00",0,Low,0
TX004157,C0329,114.21,2024-09-02 21:35:37,Online Shopping,Basic,45,"28,517.00",0,Low,0
TX007622,C0039,114.2,2024-07-20 19:27:48,Clothing,Standard,22,"61,600.00",0,Low,0
TX001946,C0471,114.17,2024-06-02 10:22:14,Online Shopping,Standard,34,"54,590.00",0,Low,0
TX004536,C0096,114.17,2024-06-28 08:42:43,Online Shopping,Standard,20,"24,373.00",0,Low,0
TX002526,C0073,114.15,2024-03-20 12:11:24,Groceries,Standard,37,"54,397.00",0,Low,0
TX005065,C0110,114.1,2024-07-27 09:47:57,Clothing,Student,37,"16,573.00",0,Low,0
TX007871,C0055,114.07,2024-09-21 14:54:16,Fuel,Standard,50,"51,381.00",0,Low,0
TX000782,C0328,114.05,2024-06-30 21:46:09,Online Shopping,Standard,47,"61,206.00",0,Low,0
TX007244,C0464,114.01,2024-01-08 05:17:14,Groceries,Student,40,"15,733.00",1,Low,0
TX000279,C0211,113.98,2024-04-09 09:46:13,Groceries,Student,44,"17,451.00",0,Low,0
TX004555,C0462,113.97,2024-07-13 01:21:02,Healthcare,Premium,38,"101,754.00",0,Low,1
TX004341,C0388,113.96,2024-07-10 01:30:28,Fuel,Basic,60,"37,653.00",0,Low,1
TX005208,C0214,113.91,2024-12-05 18:21:43,Online Shopping,Standard,45,"83,710.00",1,Low,0
TX005539,C0315,113.9,2024-10-31 12:01:57,ATM Withdrawal,Basic,53,"20,049.00",0,Low,0
TX006248,C0222,113.81,2024-01-24 21:46:55,ATM Withdrawal,Standard,18,"54,135.00",0,Low,0
TX001278,C0385,113.8,2024-08-06 05:28:48,Online Shopping,Standard,28,"57,003.00",1,Low,0
TX003447,C0397,113.73,2024-10-18 23:06:57,Entertainment,Student,18,"14,975.00",0,Low,0
TX002551,C0379,113.67,2024-12-06 10:40:33,Groceries,Standard,64,"73,196.00",0,Low,0
TX002380,C0376,113.62,2024-05-21 22:12:05,Clothing,Premium,28,"108,274.00",0,Low,0
TX007126,C0322,113.61,2024-04-03 06:39:27,ATM Withdrawal,Basic,45,"32,231.00",0,Low,0
TX000250,C0020,113.61,2024-04-19 11:58:27,Online Shopping,Standard,21,"59,185.00",0,Low,0
TX007325,C0047,113.55,2024-05-04 09:25:30,Online Shopping,Premium,32,"109,506.00",0,Low,0
TX005294,C0019,113.52,2024-03-08 19:31:46,Entertainment,Premium,27,"87,141.00",0,Low,0
TX002923,C0173,113.52,2024-03-20 20:45:58,Clothing,Standard,37,"47,984.00",0,Low,0
TX000813,C0251,113.31,2024-03-09 20:35:41,ATM Withdrawal,Standard,22,"38,555.00",0,Low,0
TX007472,C0031,113.3,2024-05-16 14:28:35,Clothing,Basic,30,"25,528.00",0,Low,0
TX002438,C0177,113.24,2024-01-12 06:20:23,Clothing,Standard,38,"56,152.00",0,Low,0
TX000477,C0289,113.19,2024-08-01 04:32:08,Entertainment,Premium,41,"60,311.00",1,Low,1
TX004632,C0054,112.97,2024-01-29 15:27:43,Fuel,Basic,45,"31,946.00",1,Low,0
TX006147,C0356,112.97,2024-05-26 05:28:07,Clothing,Premium,25,"115,005.00",0,Low,0
TX001848,C0301,112.86,2024-03-11 09:01:40,Groceries,Standard,28,"54,705.00",0,Low,0
TX006141,C0356,112.73,2024-06-28 10:50:23,Online Shopping,Premium,25,"115,005.00",0,Low,0
TX002211,C0272,112.69,2024-02-01 06:40:49,Online Shopping,Standard,20,"63,458.00",0,Low,0
TX003628,C0116,112.69,2024-03-13 23:08:42,Clothing,Standard,41,"57,963.00",0,Low,0
TX000710,C0384,112.64,2024-02-15 09:20:16,Online Shopping,Basic,31,"27,527.00",0,Low,0
TX000532,C0383,112.62,2024-09-01 08:27:34,Groceries,Standard,18,"57,880.00",0,Low,0
TX003770,C0142,112.59,2024-08-22 02:51:47,Groceries,Student,53,"9,142.00",1,Low,1
TX006349,C0010,112.56,2024-10-20 06:59:40,Online Shopping,Standard,44,"55,696.00",0,Low,0
TX000931,C0361,112.55,2024-04-17 17:10:03,Electronics,Student,44,"21,690.00",0,Low,0
TX001353,C0399,112.54,2024-12-18 16:30:32,Entertainment,Basic,36,"30,654.00",0,Low,0
TX004879,C0017,112.53,2024-10-29 01:57:36,Dining,Standard,25,"58,740.00",0,Low,1
TX001849,C0339,112.52,2024-02-11 02:47:08,Fuel,Student,42,"11,785.00",0,Low,1
TX006603,C0325,112.47,2024-02-15 03:12:39,Entertainment,Premium,25,"54,372.00",0,Low,1
TX003110,C0255,112.47,2024-11-14 19:33:51,Dining,Basic,19,"22,068.00",0,Low,0
TX007416,C0189,112.46,2024-10-15 01:18:59,Healthcare,Premium,27,"101,458.00",0,Low,1
TX000609,C0363,112.42,2024-02-03 23:08:50,Healthcare,Basic,36,"24,359.00",0,Low,0
TX000001,C0408,112.4,2024-08-21 09:22:43,Dining,Basic,36,"23,954.00",0,Low,0
TX006189,C0002,112.39,2024-10-01 08:06:04,Groceries,Basic,36,"31,173.00",0,Low,0
TX002245,C0383,112.37,2024-05-18 23:12:45,Clothing,Standard,18,"57,880.00",0,Low,0
TX004044,C0208,112.35,2024-05-13 11:02:32,Entertainment,Basic,44,"28,883.00",0,Low,0
TX001433,C0292,112.32,2024-09-24 12:33:48,Electronics,Basic,32,"28,202.00",0,Low,0
TX001149,C0100,112.31,2024-02-01 00:13:25,Entertainment,Standard,35,"50,783.00",0,Low,1
TX003649,C0331,112.3,2024-08-30 12:57:49,Dining,Standard,37,"55,657.00",0,Low,0
TX002847,C0282,112.25,2024-03-02 07:35:07,Clothing,Basic,45,"29,213.00",0,Low,0
TX001340,C0236,112.21,2024-06-12 20:36:32,Clothing,Standard,45,"61,328.00",0,Low,0
TX007460,C0486,112.2,2024-08-29 05:33:37,Entertainment,Basic,20,"26,096.00",0,Low,0
TX001106,C0474,112.14,2024-11-12 20:29:14,Clothing,Standard,54,"41,727.00",0,Low,0
TX000043,C0463,112.09,2024-03-24 04:23:20,Entertainment,Student,29,"9,084.00",1,Low,1
TX002801,C0147,112.04,2024-04-22 12:46:32,Healthcare,Standard,23,"71,180.00",0,Low,0
TX006672,C0349,112,2024-07-06 02:50:32,Fuel,Basic,29,"24,805.00",1,Low,1
TX003883,C0349,111.97,2024-09-24 15:04:01,Clothing,Basic,29,"24,805.00",0,Low,0
TX005089,C0018,111.95,2024-12-03 03:03:29,Online Shopping,Student,41,"21,309.00",1,Low,1
TX003711,C0147,111.91,2024-10-27 15:30:37,Entertainment,Standard,23,"71,180.00",0,Low,0
TX003679,C0213,111.89,2024-02-17 11:22:58,Groceries,Standard,49,"45,643.00",0,Low,0
TX000680,C0457,111.86,2024-03-18 00:34:50,Online Shopping,Basic,36,"34,331.00",0,Low,1
TX000501,C0022,111.83,2024-08-15 02:58:15,ATM Withdrawal,Student,35,"15,746.00",0,Low,1
TX007714,C0495,111.75,2024-02-11 20:37:14,Entertainment,Basic,56,"33,679.00",0,Low,0
TX001840,C0090,111.72,2024-12-24 19:01:35,Online Shopping,Standard,44,"37,624.00",0,Low,0
TX005034,C0175,111.71,2024-03-05 02:30:38,Dining,Premium,41,"88,592.00",1,Low,1
TX007070,C0133,111.65,2024-07-03 05:43:53,Electronics,Standard,25,"64,202.00",0,Low,0
TX000717,C0271,111.64,2024-01-15 13:10:49,Online Shopping,Basic,55,"41,074.00",0,Low,0
TX005518,C0152,111.64,2024-08-24 10:39:46,Dining,Premium,42,"42,708.00",0,Low,0
TX006529,C0151,111.59,2024-06-16 05:31:03,Groceries,Standard,41,"64,784.00",0,Low,0
TX006253,C0480,111.59,2024-06-17 05:33:58,Groceries,Standard,51,"51,860.00",0,Low,0
TX004668,C0243,111.59,2024-10-09 10:42:29,ATM Withdrawal,Standard,44,"63,961.00",0,Low,0
TX001134,C0288,111.56,2024-01-03 05:29:12,ATM Withdrawal,Premium,45,"42,884.00",0,Low,0
TX005490,C0072,111.5,2024-09-12 12:29:00,Entertainment,Standard,56,"82,014.00",0,Low,0
TX003239,C0458,111.44,2024-04-05 07:38:48,Healthcare,Basic,25,"36,073.00",0,Low,0
TX000472,C0196,111.44,2024-07-17 01:16:24,Clothing,Student,42,"14,851.00",0,Low,1
TX007003,C0096,111.41,2024-10-27 08:06:08,Healthcare,Standard,20,"24,373.00",0,Low,0
TX000277,C0319,111.39,2024-02-09 01:38:06,Groceries,Basic,41,"27,640.00",0,Low,1
TX007565,C0117,111.39,2024-08-27 04:30:09,ATM Withdrawal,Basic,37,"46,602.00",0,Low,1
TX004025,C0327,111.38,2024-11-09 13:18:23,Groceries,Basic,51,"35,070.00",0,Low,0
TX004957,C0421,111.31,2024-11-01 21:00:23,Healthcare,Standard,62,"39,023.00",0,Low,0
TX007693,C0273,111.29,2024-03-20 07:09:09,ATM Withdrawal,Premium,51,"107,842.00",0,Low,0
TX005423,C0341,111.29,2024-09-02 13:44:39,Clothing,Student,28,"21,710.00",0,Low,0
TX001122,C0420,111.24,2024-12-21 17:01:41,Online Shopping,Basic,38,"19,505.00",0,Low,0
TX005703,C0197,111.01,2024-12-29 10:01:10,Healthcare,Standard,27,"65,914.00",0,Low,0
TX002743,C0076,111,2024-06-29 01:50:22,Online Shopping,Standard,47,"44,784.00",0,Low,1
TX007316,C0347,110.99,2024-02-05 07:19:14,Online Shopping,Basic,20,"25,346.00",0,Low,0
TX001577,C0214,110.98,2024-10-11 19:06:11,Online Shopping,Standard,45,"83,710.00",0,Low,0
TX001263,C0416,110.97,2024-02-07 18:40:35,Healthcare,Premium,29,"114,532.00",0,Low,0
TX000209,C0012,110.96,2024-05-18 07:48:16,Travel,Standard,32,"66,193.00",0,Low,0
TX003255,C0093,110.93,2024-06-01 18:38:07,Dining,Premium,29,"83,371.00",0,Low,0
TX004018,C0432,110.93,2024-09-27 14:36:42,Online Shopping,Standard,18,"52,838.00",0,Low,0
TX003286,C0438,110.91,2024-04-05 02:29:56,Groceries,Standard,21,"77,360.00",0,Low,1
TX003978,C0305,110.87,2024-10-17 00:50:12,Healthcare,Standard,37,"56,878.00",0,Low,1
TX004599,C0471,110.85,2024-04-19 14:55:31,Electronics,Standard,34,"54,590.00",0,Low,0
TX003126,C0027,110.85,2024-05-29 23:23:48,Entertainment,Student,24,"15,531.00",0,Low,0
TX003049,C0062,110.83,2024-04-22 13:10:32,Online Shopping,Basic,35,"33,654.00",0,Low,0
TX000089,C0473,110.8,2024-02-03 04:21:59,ATM Withdrawal,Basic,19,"26,453.00",0,Low,1
TX003534,C0318,110.67,2024-08-27 20:47:05,Online Shopping,Standard,34,"68,423.00",0,Low,0
TX005129,C0025,110.63,2024-04-26 05:55:40,Online Shopping,Standard,31,"71,104.00",0,Low,0
TX007483,C0080,110.58,2024-10-17 09:33:37,Online Shopping,Basic,18,"14,883.00",0,Low,0
TX002022,C0248,110.55,2024-11-06 00:13:35,Electronics,Student,30,"15,502.00",0,Low,1
TX004446,C0284,110.5,2024-08-19 00:16:57,Online Shopping,Basic,23,"21,171.00",0,Low,1
TX005889,C0273,110.48,2024-07-28 09:51:13,Entertainment,Premium,51,"107,842.00",0,Low,0
TX005305,C0484,110.45,2024-09-14 06:46:15,Healthcare,Standard,40,"82,390.00",0,Low,0
TX007077,C0359,110.44,2024-08-30 13:02:24,Healthcare,Standard,41,"73,415.00",1,Low,0
TX000651,C0325,110.42,2024-03-08 07:01:32,Healthcare,Premium,25,"54,372.00",0,Low,0
TX007759,C0120,110.4,2024-05-03 01:08:30,Groceries,Basic,47,"31,583.00",0,Low,1
TX000098,C0435,110.4,2024-07-12 03:02:29,Clothing,Basic,56,"42,246.00",0,Low,1
TX006513,C0108,110.39,2024-06-29 08:54:47,Groceries,Basic,40,"24,824.00",0,Low,0
TX005037,C0085,110.33,2024-09-02 10:51:47,Online Shopping,Basic,28,"36,286.00",0,Low,0
TX006793,C0428,110.27,2024-09-04 17:07:51,Entertainment,Standard,46,"62,297.00",0,Low,0
TX004541,C0018,110.26,2024-07-22 16:15:15,Online Shopping,Student,41,"21,309.00",0,Low,0
TX002715,C0055,110.2,2024-11-29 14:10:53,Entertainment,Standard,50,"51,381.00",0,Low,0
TX007314,C0280,110.17,2024-04-23 10:39:33,Online Shopping,Student,33,"13,877.00",0,Low,0
TX000925,C0492,110.16,2024-08-23 21:56:37,Online Shopping,Student,55,"21,246.00",0,Low,0
TX007123,C0007,110.11,2024-02-06 06:09:45,Online Shopping,Premium,56,"90,862.00",0,Low,0
TX005500,C0461,110.08,2024-07-16 03:31:39,Clothing,Standard,61,"46,806.00",1,Low,1
TX003011,C0062,110.07,2024-03-03 02:07:17,Clothing,Basic,35,"33,654.00",0,Low,1
TX006067,C0168,110.01,2024-01-16 12:26:54,ATM Withdrawal,Student,60,"8,041.00",1,Low,0
TX004966,C0379,109.98,2024-08-05 03:55:41,Clothing,Standard,64,"73,196.00",0,Low,1
TX004277,C0493,109.98,2024-08-18 13:47:55,Healthcare,Basic,38,"30,256.00",0,Low,0
TX007098,C0486,109.93,2024-07-27 03:20:26,Healthcare,Basic,20,"26,096.00",0,Low,1
TX000985,C0310,109.92,2024-09-01 17:27:33,Fuel,Standard,35,"55,608.00",0,Low,0
TX007099,C0045,109.89,2024-03-10 03:06:28,Groceries,Standard,20,"35,795.00",1,Low,1
TX002562,C0170,109.87,2024-08-27 06:03:02,Groceries,Standard,28,"38,204.00",0,Low,0
TX006484,C0251,109.87,2024-11-18 18:49:51,Entertainment,Standard,22,"38,555.00",0,Low,0
TX003690,C0192,109.85,2024-08-29 14:09:29,Groceries,Basic,48,"31,910.00",0,Low,0
TX001425,C0282,109.83,2024-05-22 12:22:28,Dining,Basic,45,"29,213.00",0,Low,0
TX007171,C0241,109.8,2024-07-15 04:48:43,Dining,Premium,28,"125,684.00",0,Low,1
TX007414,C0494,109.79,2024-02-29 05:34:21,ATM Withdrawal,Basic,27,"23,972.00",0,Low,0
TX002699,C0283,109.75,2024-05-14 04:56:41,Dining,Standard,57,"40,171.00",0,Low,1
TX006820,C0231,109.69,2024-04-17 02:07:54,Clothing,Premium,29,"99,079.00",0,Low,1
TX004257,C0376,109.68,2024-05-11 18:01:38,Online Shopping,Premium,28,"108,274.00",0,Low,0
TX002407,C0310,109.66,2024-02-13 00:28:05,Fuel,Standard,35,"55,608.00",0,Low,1
TX007917,C0276,109.66,2024-05-16 04:44:57,Online Shopping,Standard,43,"59,217.00",0,Low,1
TX001867,C0438,109.63,2024-04-28 02:45:02,Clothing,Standard,21,"77,360.00",0,Low,1
TX000991,C0305,109.62,2024-05-31 10:23:18,ATM Withdrawal,Standard,37,"56,878.00",0,Low,0
TX000556,C0409,109.6,2024-08-07 03:36:20,Clothing,Standard,39,"63,047.00",0,Low,1
TX006670,C0462,109.59,2024-08-30 21:57:28,Online Shopping,Premium,38,"101,754.00",0,Low,0
TX001970,C0362,109.49,2024-05-06 08:21:33,Clothing,Premium,56,"102,570.00",0,Low,0
TX004188,C0355,109.43,2024-12-25 15:45:54,Clothing,Student,37,"16,323.00",0,Low,0
TX005263,C0077,109.31,2024-05-19 17:14:13,ATM Withdrawal,Standard,39,"67,609.00",0,Low,0
TX003495,C0365,109.31,2024-11-05 19:53:14,Dining,Student,46,"17,233.00",0,Low,0
TX003325,C0293,109.29,2024-12-18 08:16:18,Online Shopping,Basic,30,"34,400.00",0,Low,0
TX006708,C0059,109.26,2024-08-29 05:05:31,Healthcare,Basic,41,"29,342.00",0,Low,0
TX006299,C0364,109.25,2024-03-14 00:40:27,ATM Withdrawal,Standard,42,"54,163.00",0,Low,1
TX001862,C0049,109.23,2024-07-07 01:51:30,Fuel,Standard,42,"82,699.00",0,Low,1
TX006000,C0115,109.15,2024-04-09 12:35:32,Healthcare,Premium,35,"129,521.00",0,Low,0
TX004864,C0283,109.15,2024-07-09 00:53:09,Fuel,Standard,57,"40,171.00",0,Low,1
TX001547,C0022,109.15,2024-11-06 17:55:53,Entertainment,Student,35,"15,746.00",0,Low,0
TX001596,C0147,109.13,2024-02-15 16:29:30,Online Shopping,Standard,23,"71,180.00",0,Low,0
TX002505,C0379,109.02,2024-04-08 01:57:44,Online Shopping,Standard,64,"73,196.00",0,Low,1
TX000008,C0232,108.94,2024-02-01 17:35:03,Clothing,Standard,40,"43,685.00",0,Low,0
TX007064,C0001,108.92,2024-11-24 14:30:59,Online Shopping,Basic,43,"28,663.00",0,Low,0
TX000349,C0426,108.86,2024-08-22 03:22:48,Clothing,Student,54,"17,118.00",0,Low,1
TX001400,C0349,108.81,2024-04-15 03:46:11,Healthcare,Basic,29,"24,805.00",0,Low,1
TX004340,C0288,108.78,2024-07-24 20:30:14,Healthcare,Premium,45,"42,884.00",0,Low,0
TX006343,C0008,108.76,2024-06-08 04:31:27,Fuel,Standard,47,"74,176.00",0,Low,1
TX006323,C0132,108.74,2024-02-24 22:08:25,Healthcare,Student,38,"15,480.00",0,Low,0
TX007304,C0169,108.71,2024-03-12 00:46:02,Healthcare,Standard,35,"49,563.00",0,Low,1
TX003552,C0308,108.62,2024-03-09 10:52:48,Groceries,Standard,30,"63,149.00",0,Low,0
TX006440,C0213,108.62,2024-06-20 22:45:34,ATM Withdrawal,Standard,49,"45,643.00",0,Low,0
TX002664,C0324,108.6,2024-09-23 10:26:07,Clothing,Basic,63,"47,161.00",0,Low,0
TX001412,C0194,108.53,2024-02-22 09:43:59,Online Shopping,Basic,23,"28,429.00",0,Low,0
TX003755,C0472,108.52,2024-06-16 14:48:47,Clothing,Standard,18,"41,000.00",0,Low,0
TX004083,C0373,108.52,2024-08-12 02:20:18,Healthcare,Premium,55,"67,934.00",1,Low,1
TX005517,C0174,108.51,2024-10-06 18:36:39,Groceries,Standard,42,"60,197.00",0,Low,0
TX003260,C0434,108.47,2024-03-10 07:39:24,Healthcare,Basic,46,"34,799.00",0,Low,0
TX007350,C0064,108.45,2024-05-19 05:33:00,Entertainment,Standard,23,"61,715.00",0,Low,0
TX002779,C0126,108.42,2024-07-26 06:06:34,Healthcare,Standard,64,"46,394.00",0,Low,0
TX004936,C0332,108.4,2024-11-08 05:24:03,Healthcare,Basic,27,"28,823.00",0,Low,0
TX000713,C0325,108.4,2024-12-10 01:50:37,Groceries,Premium,25,"54,372.00",0,Low,1
TX003853,C0091,108.39,2024-11-16 10:16:47,Fuel,Student,39,"21,013.00",0,Low,0
TX007513,C0427,108.37,2024-04-21 16:33:05,Entertainment,Student,26,"14,718.00",0,Low,0
TX006953,C0197,108.31,2024-03-13 00:18:38,ATM Withdrawal,Standard,27,"65,914.00",0,Low,1
TX001357,C0249,108.27,2024-04-01 06:01:41,Online Shopping,Basic,59,"28,615.00",1,Low,0
TX007939,C0167,108.2,2024-01-13 14:17:10,Entertainment,Standard,47,"72,231.00",0,Low,0
TX002568,C0369,108.2,2024-09-05 04:38:55,Online Shopping,Student,39,"15,677.00",0,Low,1
TX004526,C0173,108.14,2024-11-01 05:59:01,Clothing,Standard,37,"47,984.00",0,Low,0
TX005222,C0363,108.06,2024-06-29 10:01:31,Online Shopping,Basic,36,"24,359.00",0,Low,0
TX007831,C0025,108.05,2024-01-14 20:03:46,ATM Withdrawal,Standard,31,"71,104.00",0,Low,0
TX003100,C0120,108.03,2024-10-31 10:47:13,Healthcare,Basic,47,"31,583.00",0,Low,0
TX001634,C0417,108.03,2024-11-10 04:24:35,Clothing,Student,56,"20,560.00",0,Low,1
TX000428,C0475,108.01,2024-01-03 00:34:21,Healthcare,Premium,57,"84,811.00",0,Low,1
TX006684,C0354,108,2024-05-04 17:41:05,Clothing,Student,36,"8,776.00",0,Low,0
TX002612,C0264,108,2024-11-05 11:32:05,Fuel,Standard,25,"50,127.00",0,Low,0
TX001820,C0428,107.85,2024-02-02 15:40:33,Dining,Standard,46,"62,297.00",0,Low,0
TX000749,C0191,107.84,2024-06-15 00:16:29,Healthcare,Standard,32,"70,454.00",0,Low,1
TX006972,C0286,107.83,2024-09-22 04:13:15,Fuel,Basic,18,"41,136.00",0,Low,1
TX000172,C0362,107.81,2024-07-27 10:20:14,Fuel,Premium,56,"102,570.00",0,Low,0
TX004057,C0246,107.8,2024-09-25 13:27:14,Healthcare,Basic,33,"41,005.00",0,Low,0
TX002703,C0153,107.79,2024-09-20 19:32:18,Healthcare,Student,29,"20,906.00",0,Low,0
TX003707,C0359,107.74,2024-03-20 17:34:50,Groceries,Standard,41,"73,415.00",0,Low,0
TX002474,C0290,107.72,2024-08-18 23:04:14,Fuel,Student,30,"18,763.00",0,Low,0
TX002145,C0248,107.65,2024-09-06 16:12:16,Dining,Student,30,"15,502.00",0,Low,0
TX007828,C0003,107.63,2024-04-18 06:20:42,Fuel,Standard,45,"73,097.00",0,Low,0
TX004062,C0159,107.63,2024-09-12 05:58:05,Dining,Basic,23,"25,597.00",0,Low,0
TX006887,C0387,107.54,2024-05-02 03:09:42,Entertainment,Student,42,"17,832.00",1,Low,1
TX004382,C0194,107.53,2024-10-22 05:09:49,Healthcare,Basic,23,"28,429.00",0,Low,0
TX007084,C0122,107.44,2024-09-25 14:35:45,Groceries,Basic,27,"26,128.00",0,Low,0
TX000930,C0439,107.43,2024-02-02 21:34:06,ATM Withdrawal,Standard,18,"57,230.00",0,Low,0
TX001163,C0193,107.34,2024-09-04 15:32:22,Online Shopping,Premium,40,"82,228.00",0,Low,0
TX003066,C0411,107.32,2024-02-01 06:47:45,Online Shopping,Standard,46,"55,422.00",1,Low,0
TX000071,C0400,107.25,2024-03-18 00:12:34,Healthcare,Standard,52,"53,516.00",0,Low,1
TX002974,C0357,107.16,2024-12-07 21:23:06,Clothing,Basic,37,"14,050.00",0,Low,0
TX004470,C0041,107.12,2024-03-25 22:13:47,Online Shopping,Standard,46,"39,681.00",0,Low,0
TX005967,C0034,107.09,2024-01-10 19:07:06,Online Shopping,Standard,25,"54,013.00",0,Low,0
TX000460,C0305,107.09,2024-04-10 05:28:25,Clothing,Standard,37,"56,878.00",0,Low,0
TX001578,C0294,107.09,2024-08-21 12:35:41,Groceries,Basic,48,"22,253.00",0,Low,0
TX007924,C0384,107.07,2024-05-20 11:04:33,Healthcare,Basic,31,"27,527.00",0,Low,0
TX002001,C0170,107.05,2024-02-22 06:57:41,Healthcare,Standard,28,"38,204.00",0,Low,0
TX007630,C0176,107.04,2024-03-26 01:25:31,Online Shopping,Standard,47,"62,155.00",0,Low,1
TX004405,C0095,107.02,2024-10-18 19:17:24,Groceries,Basic,33,"31,667.00",0,Low,0
TX005756,C0182,106.98,2024-04-08 11:21:17,Online Shopping,Basic,27,"26,575.00",0,Low,0
TX000389,C0036,106.92,2024-12-09 05:35:08,Fuel,Standard,23,"83,217.00",0,Low,0
TX006995,C0213,106.89,2024-10-13 10:45:14,ATM Withdrawal,Standard,49,"45,643.00",0,Low,0
TX004995,C0442,106.82,2024-04-14 19:45:38,Online Shopping,Standard,37,"50,462.00",0,Low,0
TX005180,C0180,106.81,2024-06-17 08:28:37,Groceries,Standard,70,"47,593.00",0,Low,0
TX002855,C0193,106.8,2024-03-09 07:26:37,Groceries,Premium,40,"82,228.00",0,Low,0
TX001590,C0157,106.8,2024-12-09 10:19:10,Healthcare,Student,60,"16,976.00",0,Low,0
TX002188,C0030,106.75,2024-10-02 19:08:13,Groceries,Standard,34,"32,152.00",0,Low,0
TX004421,C0108,106.74,2024-10-07 08:57:21,Entertainment,Basic,40,"24,824.00",0,Low,0
TX002790,C0162,106.72,2024-01-28 06:15:42,Clothing,Standard,47,"72,590.00",0,Low,0
TX001413,C0169,106.7,2024-06-05 16:07:57,Online Shopping,Standard,35,"49,563.00",1,Low,0
TX001671,C0229,106.65,2024-06-06 06:55:38,Healthcare,Basic,29,"43,067.00",0,Low,0
TX004397,C0375,106.62,2024-04-08 06:08:57,Healthcare,Standard,63,"71,369.00",0,Low,0
TX000448,C0142,106.62,2024-07-03 05:51:24,Entertainment,Student,53,"9,142.00",0,Low,0
TX002775,C0246,106.61,2024-02-04 21:15:16,Electronics,Basic,33,"41,005.00",0,Low,0
TX004799,C0238,106.61,2024-11-30 17:54:07,ATM Withdrawal,Standard,40,"61,803.00",0,Low,0
TX002686,C0455,106.58,2024-11-19 12:59:35,Groceries,Standard,31,"37,448.00",0,Low,0
TX004502,C0285,106.57,2024-01-07 19:59:09,Fuel,Basic,63,"31,439.00",0,Low,0
TX004042,C0296,106.5,2024-11-08 01:35:52,Groceries,Student,29,"9,663.00",1,Low,1
TX007147,C0443,106.48,2024-05-20 13:01:35,Dining,Premium,18,"78,354.00",0,Low,0
TX002670,C0462,106.47,2024-08-10 05:22:18,Online Shopping,Premium,38,"101,754.00",0,Low,0
TX005583,C0383,106.42,2024-02-20 03:00:20,Clothing,Standard,18,"57,880.00",0,Low,1
TX002295,C0339,106.41,2024-04-16 08:03:40,Healthcare,Student,42,"11,785.00",0,Low,0
TX000200,C0013,106.38,2024-11-01 03:36:05,Clothing,Standard,40,"64,682.00",0,Low,1
TX006251,C0488,106.37,2024-01-08 04:40:37,Healthcare,Student,25,"12,577.00",0,Low,1
TX002825,C0141,106.33,2024-02-21 00:35:13,Online Shopping,Basic,40,"20,193.00",0,Low,1
TX000981,C0192,106.31,2024-02-05 11:24:06,Online Shopping,Basic,48,"31,910.00",1,Low,0
TX003759,C0422,106.31,2024-10-16 21:19:17,Electronics,Student,59,"13,779.00",0,Low,0
TX002904,C0146,106.3,2024-11-04 12:08:06,Healthcare,Basic,47,"26,328.00",0,Low,0
TX006735,C0367,106.28,2024-07-14 01:08:01,Clothing,Student,40,"17,155.00",0,Low,1
TX004015,C0163,106.27,2024-10-15 04:30:24,Groceries,Basic,51,"34,348.00",0,Low,1
TX004601,C0424,106.27,2024-11-08 08:06:39,Clothing,Premium,49,"84,390.00",0,Low,0
TX000396,C0342,106.26,2024-04-14 17:21:50,Dining,Standard,40,"46,696.00",0,Low,0
TX000549,C0168,106.22,2024-09-17 23:31:43,Fuel,Student,60,"8,041.00",0,Low,0
TX007445,C0155,106.21,2024-05-04 00:48:04,Dining,Premium,41,"71,233.00",0,Low,1
TX005402,C0485,106.19,2024-01-15 23:18:51,Groceries,Basic,28,"35,423.00",0,Low,0
TX001229,C0035,106.19,2024-06-12 20:24:36,Clothing,Standard,47,"46,672.00",0,Low,0
TX005817,C0455,106.17,2024-07-09 01:13:25,Online Shopping,Standard,31,"37,448.00",0,Low,1
TX005156,C0374,106.17,2024-10-02 20:18:29,Groceries,Basic,49,"39,888.00",0,Low,0
TX001719,C0053,106.17,2024-10-17 19:34:19,Online Shopping,Basic,29,"29,635.00",0,Low,0
TX003009,C0245,106.15,2024-12-13 08:33:36,Fuel,Standard,23,"50,536.00",0,Low,0
TX005512,C0285,106.14,2024-02-03 02:14:33,Clothing,Basic,63,"31,439.00",0,Low,1
TX002448,C0124,106.13,2024-02-11 07:43:41,Clothing,Standard,21,"61,362.00",0,Low,0
TX003180,C0025,106.04,2024-10-27 13:54:54,Healthcare,Standard,31,"71,104.00",0,Low,0
TX006844,C0334,106.03,2024-05-10 07:42:15,Clothing,Basic,29,"47,684.00",0,Low,0
TX004384,C0472,106.03,2024-11-07 12:30:09,Online Shopping,Standard,18,"41,000.00",0,Low,0
TX006706,C0132,105.97,2024-06-04 02:14:32,Clothing,Student,38,"15,480.00",0,Low,1
TX004178,C0206,105.97,2024-12-01 20:50:52,Online Shopping,Standard,26,"11,556.00",0,Low,0
TX004717,C0098,105.96,2024-06-25 07:18:38,Clothing,Basic,41,"24,544.00",0,Low,0
TX003747,C0426,105.91,2024-07-15 06:43:36,Healthcare,Student,54,"17,118.00",0,Low,0
TX002409,C0248,105.84,2024-03-07 19:28:11,Entertainment,Student,30,"15,502.00",0,Low,0
TX002457,C0219,105.84,2024-12-27 06:26:07,Online Shopping,Basic,32,"31,203.00",0,Low,0
TX007552,C0204,105.83,2024-09-14 13:25:46,Online Shopping,Standard,50,"60,197.00",0,Low,0
TX001903,C0078,105.82,2024-11-14 16:39:47,ATM Withdrawal,Student,34,"12,389.00",0,Low,0
TX000718,C0347,105.73,2024-06-06 16:34:15,Fuel,Basic,20,"25,346.00",0,Low,0
TX007443,C0322,105.69,2024-11-19 03:56:53,Online Shopping,Basic,45,"32,231.00",0,Low,1
TX000177,C0364,105.6,2024-02-05 09:06:50,ATM Withdrawal,Standard,42,"54,163.00",0,Low,0
TX005634,C0222,105.54,2024-10-08 04:06:07,Online Shopping,Standard,18,"54,135.00",0,Low,1
TX004729,C0355,105.52,2024-01-20 09:01:36,Clothing,Student,37,"16,323.00",0,Low,0
TX007944,C0229,105.49,2024-08-23 13:07:18,Online Shopping,Basic,29,"43,067.00",0,Low,0
TX005679,C0427,105.46,2024-02-19 18:54:15,Groceries,Student,26,"14,718.00",0,Low,0
TX006840,C0484,105.46,2024-03-17 10:37:57,Groceries,Standard,40,"82,390.00",0,Low,0
TX004214,C0243,105.42,2024-04-04 18:58:43,Healthcare,Standard,44,"63,961.00",0,Low,0
TX007778,C0362,105.42,2024-05-10 03:36:31,Groceries,Premium,56,"102,570.00",0,Low,1
TX003614,C0221,105.39,2024-05-08 13:36:11,Clothing,Premium,65,"162,102.00",0,Low,0
TX006404,C0039,105.38,2024-01-08 16:36:36,Clothing,Standard,22,"61,600.00",0,Low,0
TX001321,C0149,105.38,2024-10-31 19:38:58,Groceries,Student,44,"14,309.00",0,Low,0
TX003254,C0209,105.34,2024-04-04 16:34:26,Dining,Standard,44,"71,622.00",0,Low,0
TX004766,C0075,105.26,2024-11-20 23:55:20,Clothing,Basic,18,"31,024.00",0,Low,0
TX005752,C0113,105.2,2024-11-22 02:29:08,Groceries,Premium,38,"121,486.00",0,Low,1
TX005904,C0078,105.17,2024-01-21 02:05:40,Healthcare,Student,34,"12,389.00",0,Low,1
TX004565,C0142,105.14,2024-05-10 15:45:32,Groceries,Student,53,"9,142.00",0,Low,0
TX005948,C0069,105.1,2024-12-16 10:26:05,Clothing,Premium,42,"87,307.00",0,Low,0
TX004001,C0044,105.04,2024-02-12 21:26:37,Fuel,Premium,34,"73,077.00",0,Low,0
TX005133,C0367,104.98,2024-03-30 08:40:03,Groceries,Student,40,"17,155.00",0,Low,0
TX006849,C0433,104.96,2024-01-24 05:42:37,Healthcare,Student,34,"10,161.00",0,Low,0
TX004181,C0314,104.96,2024-08-12 01:07:27,ATM Withdrawal,Student,47,"21,998.00",0,Low,1
TX003410,C0278,104.95,2024-10-31 20:38:01,Healthcare,Standard,30,"54,061.00",0,Low,0
TX003059,C0173,104.92,2024-04-06 02:28:21,Groceries,Standard,37,"47,984.00",0,Low,1
TX001788,C0043,104.9,2024-05-06 10:08:39,Healthcare,Standard,36,"58,657.00",0,Low,0
TX007021,C0310,104.87,2024-06-09 15:06:01,Online Shopping,Standard,35,"55,608.00",0,Low,0
TX005507,C0006,104.85,2024-05-11 00:07:28,Groceries,Standard,35,"49,099.00",1,Low,1
TX007600,C0482,104.78,2024-04-29 00:27:23,Dining,Basic,26,"38,319.00",0,Low,1
TX006314,C0359,104.73,2024-07-13 10:37:16,Clothing,Standard,41,"73,415.00",0,Low,0
TX006263,C0135,104.73,2024-07-27 23:26:18,Groceries,Standard,26,"51,139.00",0,Low,0
TX001210,C0448,104.72,2024-07-05 07:50:00,Clothing,Standard,26,"72,859.00",0,Low,0
TX006300,C0119,104.71,2024-05-26 20:09:22,Clothing,Standard,51,"81,039.00",0,Low,0
TX000499,C0005,104.67,2024-06-19 14:20:15,Fuel,Basic,35,"32,949.00",0,Low,0
TX007970,C0353,104.67,2024-11-15 21:16:05,Online Shopping,Standard,48,"58,506.00",0,Low,0
TX006538,C0005,104.64,2024-04-03 12:32:10,Groceries,Basic,35,"32,949.00",0,Low,0
TX007034,C0255,104.63,2024-06-21 18:35:40,Healthcare,Basic,19,"22,068.00",0,Low,0
TX003877,C0311,104.5,2024-12-30 12:51:31,Fuel,Basic,35,"24,384.00",0,Low,0
TX007152,C0168,104.49,2024-06-25 17:20:32,Entertainment,Student,60,"8,041.00",0,Low,0
TX006582,C0144,104.44,2024-10-05 17:47:47,Dining,Standard,40,"70,706.00",0,Low,0
TX004996,C0429,104.37,2024-08-10 05:28:43,Groceries,Basic,50,"30,515.00",0,Low,0
TX006269,C0387,104.37,2024-10-06 04:33:29,Clothing,Student,42,"17,832.00",0,Low,1
TX000418,C0107,104.31,2024-06-22 10:11:39,Healthcare,Premium,60,"91,788.00",0,Low,0
TX005392,C0067,104.3,2024-09-14 13:07:27,Electronics,Basic,37,"31,572.00",0,Low,0
TX001469,C0461,104.28,2024-11-22 13:01:28,Clothing,Standard,61,"46,806.00",0,Low,0
TX000812,C0073,104.27,2024-04-27 10:46:10,Online Shopping,Standard,37,"54,397.00",0,Low,0
TX003226,C0210,104.26,2024-02-07 08:15:14,Online Shopping,Standard,75,"39,401.00",0,Low,0
TX002356,C0179,104.25,2024-09-11 07:38:46,Fuel,Student,34,"18,985.00",0,Low,0
TX003963,C0072,104.21,2024-03-06 17:07:43,Groceries,Standard,56,"82,014.00",0,Low,0
TX003467,C0218,104.21,2024-12-01 22:41:10,Healthcare,Standard,35,"62,435.00",0,Low,0
TX000388,C0473,104.16,2024-06-02 11:06:35,Clothing,Basic,19,"26,453.00",0,Low,0
TX006619,C0058,104.16,2024-09-04 01:43:06,Groceries,Student,34,"20,775.00",0,Low,1
TX005001,C0197,104.15,2024-02-17 08:17:13,Clothing,Standard,27,"65,914.00",0,Low,0
TX002094,C0327,104.14,2024-06-28 01:37:02,Dining,Basic,51,"35,070.00",0,Low,1
TX007909,C0380,104.12,2024-03-10 05:07:19,ATM Withdrawal,Basic,28,"31,133.00",1,Low,0
TX003936,C0426,104.06,2024-07-02 04:05:31,Entertainment,Student,54,"17,118.00",0,Low,1
TX007375,C0291,104.05,2024-06-02 16:01:16,ATM Withdrawal,Student,35,"11,070.00",0,Low,0
TX004964,C0011,104.04,2024-08-11 01:08:46,Groceries,Standard,32,"34,602.00",0,Low,1
TX006172,C0299,104.04,2024-10-07 07:40:33,Dining,Standard,47,"31,105.00",0,Low,0
TX001645,C0340,104.02,2024-05-20 05:09:09,Dining,Premium,31,"139,173.00",0,Low,0
TX000899,C0047,104.01,2024-07-27 18:02:34,Dining,Premium,32,"109,506.00",0,Low,0
TX007241,C0441,103.97,2024-12-07 17:31:52,Entertainment,Basic,42,"25,092.00",0,Low,0
TX006073,C0183,103.84,2024-04-02 08:23:21,Online Shopping,Premium,25,"135,022.00",0,Low,0
TX000210,C0209,103.83,2024-12-25 15:18:19,Online Shopping,Standard,44,"71,622.00",0,Low,0
TX006853,C0266,103.82,2024-03-22 19:04:40,Groceries,Basic,23,"48,327.00",0,Low,0
TX000023,C0261,103.76,2024-05-04 04:35:40,ATM Withdrawal,Basic,26,"24,494.00",0,Low,1
TX001088,C0117,103.73,2024-08-30 18:20:41,Clothing,Basic,37,"46,602.00",0,Low,0
TX007684,C0384,103.73,2024-12-11 04:13:16,Healthcare,Basic,31,"27,527.00",0,Low,1
TX004321,C0221,103.68,2024-04-13 17:22:31,Online Shopping,Premium,65,"162,102.00",0,Low,0
TX003988,C0198,103.65,2024-05-20 16:38:45,Clothing,Standard,39,"55,779.00",0,Low,0
TX004912,C0044,103.58,2024-10-15 17:44:36,Groceries,Premium,34,"73,077.00",0,Low,0
TX005093,C0334,103.53,2024-02-22 07:15:52,Groceries,Basic,29,"47,684.00",0,Low,0
TX005104,C0160,103.52,2024-12-06 07:16:30,Entertainment,Standard,45,"44,925.00",0,Low,0
TX002637,C0123,103.46,2024-10-08 04:24:55,Online Shopping,Basic,54,"27,437.00",0,Low,1
TX002170,C0003,103.44,2024-12-03 20:07:22,Groceries,Standard,45,"73,097.00",0,Low,0
TX007581,C0333,103.4,2024-03-09 13:32:08,Healthcare,Basic,38,"37,711.00",0,Low,0
TX003023,C0313,103.39,2024-11-20 18:14:19,Healthcare,Basic,47,"18,779.00",0,Low,0
TX004672,C0173,103.32,2024-06-27 01:39:47,Entertainment,Standard,37,"47,984.00",0,Low,1
TX005645,C0349,103.32,2024-08-23 08:58:51,Clothing,Basic,29,"24,805.00",0,Low,0
TX002234,C0405,103.31,2024-08-06 06:51:49,ATM Withdrawal,Basic,32,"24,655.00",1,Low,0
TX005952,C0378,103.27,2024-11-29 18:14:09,Groceries,Basic,40,"27,468.00",0,Low,0
TX003364,C0394,103.25,2024-05-13 19:20:28,Groceries,Standard,59,"22,706.00",0,Low,0
TX007874,C0003,103.24,2024-03-30 09:32:33,Clothing,Standard,45,"73,097.00",0,Low,0
TX007740,C0069,103.23,2024-03-19 21:37:06,Entertainment,Premium,42,"87,307.00",0,Low,0
TX002017,C0173,103.15,2024-05-31 23:00:13,Online Shopping,Standard,37,"47,984.00",0,Low,0
TX004036,C0398,103.15,2024-09-08 00:50:11,Online Shopping,Standard,54,"67,577.00",0,Low,1
TX004501,C0194,103.14,2024-03-08 17:16:49,Groceries,Basic,23,"28,429.00",0,Low,0
TX007508,C0461,103.13,2024-01-14 08:39:19,Entertainment,Standard,61,"46,806.00",0,Low,0
TX004101,C0407,103.08,2024-03-28 07:53:16,Groceries,Standard,25,"52,375.00",0,Low,0
TX000906,C0406,103.01,2024-07-25 13:32:17,Healthcare,Standard,45,"69,880.00",0,Low,0
TX006229,C0296,103,2024-12-22 21:22:42,Clothing,Student,29,"9,663.00",0,Low,0
TX006162,C0157,102.91,2024-07-31 09:36:25,Healthcare,Student,60,"16,976.00",0,Low,0
TX004159,C0202,102.88,2024-01-28 18:00:44,Online Shopping,Premium,44,"30,053.00",0,Low,0
TX001600,C0428,102.86,2024-03-02 13:15:01,Clothing,Standard,46,"62,297.00",0,Low,0
TX007549,C0082,102.86,2024-10-24 16:20:50,Online Shopping,Standard,42,"18,641.00",0,Low,0
TX005236,C0347,102.82,2024-09-05 18:05:13,Online Shopping,Basic,20,"25,346.00",0,Low,0
TX007262,C0089,102.82,2024-11-13 12:27:58,Groceries,Standard,31,"54,945.00",1,Low,0
TX003140,C0351,102.78,2024-12-02 02:30:52,Online Shopping,Standard,41,"55,511.00",0,Low,1
TX002524,C0138,102.77,2024-01-24 02:46:36,Clothing,Student,34,"17,588.00",0,Low,1
TX003036,C0081,102.75,2024-11-02 13:07:31,ATM Withdrawal,Standard,35,"48,215.00",0,Low,0
TX007210,C0374,102.74,2024-05-04 16:40:37,Fuel,Basic,49,"39,888.00",0,Low,0
TX005973,C0003,102.73,2024-08-26 15:24:05,Groceries,Standard,45,"73,097.00",0,Low,0
TX004440,C0386,102.72,2024-08-21 01:26:07,Entertainment,Basic,39,"28,780.00",0,Low,1
TX001079,C0118,102.72,2024-09-20 02:33:27,Groceries,Premium,23,"69,324.00",0,Low,1
TX001175,C0479,102.62,2024-01-03 19:42:50,Groceries,Student,74,"20,884.00",0,Low,0
TX002540,C0178,102.61,2024-06-16 17:56:10,Online Shopping,Standard,55,"35,755.00",0,Low,0
TX003316,C0155,102.59,2024-10-04 20:03:11,Clothing,Premium,41,"71,233.00",0,Low,0
TX002674,C0385,102.57,2024-02-13 14:19:14,Online Shopping,Standard,28,"57,003.00",0,Low,0
TX002911,C0022,102.57,2024-09-12 16:54:45,Entertainment,Student,35,"15,746.00",0,Low,0
TX004979,C0025,102.47,2024-04-16 21:12:52,Clothing,Standard,31,"71,104.00",0,Low,0
TX000944,C0218,102.47,2024-09-29 11:51:35,Clothing,Standard,35,"62,435.00",0,Low,0
TX002582,C0296,102.42,2024-10-09 07:30:49,Entertainment,Student,29,"9,663.00",0,Low,0
TX005193,C0333,102.33,2024-05-30 21:45:03,Online Shopping,Basic,38,"37,711.00",0,Low,0
TX002394,C0167,102.32,2024-08-21 06:35:28,Groceries,Standard,47,"72,231.00",0,Low,0
TX006324,C0338,102.26,2024-09-07 03:17:10,Entertainment,Premium,34,"167,391.00",0,Low,1
TX000512,C0086,102.25,2024-04-29 07:10:09,Online Shopping,Standard,31,"61,381.00",0,Low,0
TX000371,C0498,102.25,2024-07-15 12:50:22,Online Shopping,Basic,35,"31,092.00",0,Low,0
TX004230,C0333,102.24,2024-02-06 10:51:32,Entertainment,Basic,38,"37,711.00",0,Low,0
TX000032,C0480,102.11,2024-09-23 08:27:01,Entertainment,Standard,51,"51,860.00",0,Low,0
TX005769,C0499,102.06,2024-05-13 10:34:33,Clothing,Standard,27,"49,520.00",0,Low,0
TX000153,C0421,101.98,2024-06-08 21:45:24,Groceries,Standard,62,"39,023.00",0,Low,0
TX006975,C0099,101.97,2024-01-22 21:07:28,Clothing,Basic,38,"21,987.00",0,Low,0
TX002406,C0128,101.93,2024-02-18 21:22:56,Online Shopping,Student,31,"23,569.00",0,Low,0
TX007107,C0326,101.93,2024-03-30 12:42:41,ATM Withdrawal,Premium,23,"99,294.00",0,Low,0
TX000734,C0148,101.83,2024-03-07 05:50:41,Entertainment,Basic,22,"29,691.00",0,Low,0
TX005943,C0109,101.76,2024-03-16 20:11:09,Clothing,Basic,41,"35,585.00",0,Low,0
TX001242,C0401,101.76,2024-07-04 04:16:16,Fuel,Standard,18,"68,786.00",0,Low,1
TX005625,C0461,101.75,2024-01-02 16:02:00,Entertainment,Standard,61,"46,806.00",0,Low,0
TX005724,C0383,101.7,2024-10-18 06:38:00,Groceries,Standard,18,"57,880.00",0,Low,0
TX006807,C0378,101.69,2024-09-11 14:13:35,Healthcare,Basic,40,"27,468.00",0,Low,0
TX006362,C0242,101.67,2024-05-12 15:41:02,Clothing,Premium,36,"53,171.00",0,Low,0
TX007993,C0216,101.66,2024-03-07 10:10:57,Entertainment,Standard,47,"58,261.00",0,Low,0
TX000959,C0432,101.66,2024-06-14 23:55:32,Online Shopping,Standard,18,"52,838.00",0,Low,0
TX007488,C0037,101.64,2024-03-17 08:55:16,Groceries,Premium,40,"46,559.00",0,Low,0
TX001526,C0183,101.64,2024-07-24 00:15:10,Entertainment,Premium,25,"135,022.00",1,Low,1
TX007337,C0048,101.58,2024-01-13 04:05:26,Groceries,Student,50,"14,603.00",0,Low,1
TX001378,C0429,101.55,2024-12-29 00:02:31,ATM Withdrawal,Basic,50,"30,515.00",0,Low,1
TX004954,C0210,101.5,2024-01-14 09:40:35,Online Shopping,Standard,75,"39,401.00",1,Low,0
TX006292,C0035,101.49,2024-03-17 13:18:54,Entertainment,Standard,47,"46,672.00",0,Low,0
TX007040,C0220,101.35,2024-05-29 03:30:35,Dining,Basic,38,"32,919.00",0,Low,1
TX004064,C0487,101.33,2024-03-19 06:39:11,Fuel,Standard,30,"87,359.00",0,Low,0
TX006379,C0246,101.33,2024-10-21 10:34:48,ATM Withdrawal,Basic,33,"41,005.00",0,Low,0
TX006680,C0336,101.32,2024-08-12 01:28:54,Groceries,Basic,36,"19,041.00",0,Low,1
TX003712,C0184,101.25,2024-12-24 02:43:36,Fuel,Basic,43,"36,801.00",1,Low,1
TX007232,C0237,101.21,2024-05-08 20:14:01,Groceries,Basic,18,"42,909.00",0,Low,0
TX005809,C0328,101.15,2024-11-23 18:00:20,Groceries,Standard,47,"61,206.00",1,Low,0
TX005123,C0432,101.09,2024-04-09 21:03:32,Entertainment,Standard,18,"52,838.00",0,Low,0
TX000814,C0124,101.05,2024-09-11 14:05:10,Clothing,Standard,21,"61,362.00",0,Low,0
TX006241,C0356,100.98,2024-05-10 10:31:36,Groceries,Premium,25,"115,005.00",0,Low,0
TX005353,C0444,100.95,2024-02-18 09:02:22,Healthcare,Student,36,"15,681.00",0,Low,0
TX002857,C0062,100.95,2024-11-18 10:47:32,Clothing,Basic,35,"33,654.00",0,Low,0
TX004077,C0286,100.92,2024-01-24 09:20:41,Groceries,Basic,18,"41,136.00",0,Low,0
TX006347,C0309,100.85,2024-02-19 19:07:56,Groceries,Basic,44,"30,390.00",0,Low,0
TX002576,C0225,100.84,2024-05-19 19:41:33,Groceries,Premium,32,"123,165.00",0,Low,0
TX004758,C0089,100.76,2024-05-08 10:45:30,Online Shopping,Standard,31,"54,945.00",0,Low,0
TX004016,C0416,100.74,2024-05-19 03:37:54,Groceries,Premium,29,"114,532.00",0,Low,1
TX003670,C0371,100.73,2024-04-17 08:59:48,Clothing,Standard,38,"53,331.00",0,Low,0
TX001842,C0199,100.68,2024-12-27 00:30:40,Entertainment,Premium,38,"111,979.00",0,Low,1
TX006562,C0065,100.66,2024-02-18 03:36:54,Groceries,Premium,47,"109,281.00",0,Low,1
TX002705,C0061,100.54,2024-07-04 17:18:21,Healthcare,Premium,32,"100,281.00",0,Low,0
TX004997,C0150,100.53,2024-04-25 12:26:23,Online Shopping,Student,41,"18,534.00",0,Low,0
TX000115,C0397,100.51,2024-11-29 02:37:11,Clothing,Student,18,"14,975.00",0,Low,1
TX001802,C0217,100.49,2024-08-20 20:23:40,Entertainment,Premium,28,"116,102.00",0,Low,0
TX006259,C0053,100.47,2024-08-02 14:47:08,Groceries,Basic,29,"29,635.00",0,Low,0
TX001782,C0244,100.47,2024-10-25 16:59:11,Clothing,Premium,48,"111,035.00",0,Low,0
TX005141,C0076,100.45,2024-02-08 15:55:11,Fuel,Standard,47,"44,784.00",0,Low,0
TX007385,C0191,100.43,2024-04-23 14:00:32,Dining,Standard,32,"70,454.00",0,Low,0
TX002109,C0392,100.4,2024-05-30 12:33:21,Groceries,Premium,43,"105,239.00",0,Low,0
TX005454,C0340,100.36,2024-04-10 21:07:12,Groceries,Premium,31,"139,173.00",0,Low,0
TX000886,C0482,100.32,2024-09-04 07:52:16,Groceries,Basic,26,"38,319.00",0,Low,0
TX001987,C0086,100.3,2024-05-26 19:50:40,Groceries,Standard,31,"61,381.00",0,Low,0
TX004919,C0095,100.28,2024-07-25 09:42:22,Groceries,Basic,33,"31,667.00",0,Low,0
TX006133,C0131,100.26,2024-11-08 05:00:11,Fuel,Standard,19,"55,570.00",0,Low,0
TX001951,C0154,100.25,2024-05-17 02:39:17,Online Shopping,Basic,40,"41,040.00",0,Low,1
TX007578,C0492,100.24,2024-06-17 09:52:26,Clothing,Student,55,"21,246.00",0,Low,0
TX007020,C0072,100.14,2024-06-03 13:10:42,Groceries,Standard,56,"82,014.00",0,Low,0
TX003243,C0064,100.11,2024-02-24 17:22:50,Entertainment,Standard,23,"61,715.00",0,Low,0
TX003810,C0087,100.1,2024-05-30 14:51:12,Online Shopping,Standard,48,"40,495.00",0,Low,0
TX002581,C0290,100,2024-02-20 01:15:09,Online Shopping,Student,30,"18,763.00",0,Low,1
TX004697,C0077,99.92,2024-03-13 21:14:32,Fuel,Standard,39,"67,609.00",0,Low,0
TX000872,C0149,99.92,2024-10-16 06:28:14,Online Shopping,Student,44,"14,309.00",0,Low,0
TX000677,C0431,99.86,2024-09-27 03:10:56,Clothing,Student,23,"11,242.00",0,Low,1
TX006082,C0212,99.85,2024-05-08 07:26:05,Online Shopping,Student,51,"10,786.00",0,Low,0
TX005856,C0403,99.78,2024-11-02 08:32:43,Groceries,Student,38,"16,069.00",0,Low,0
TX003918,C0162,99.75,2024-10-29 19:42:32,Online Shopping,Standard,47,"72,590.00",0,Low,0
TX005300,C0344,99.72,2024-05-29 22:56:21,Clothing,Standard,31,"79,425.00",0,Low,0
TX003662,C0155,99.65,2024-11-28 16:37:14,Online Shopping,Premium,41,"71,233.00",0,Low,0
TX007905,C0114,99.59,2024-01-27 06:11:28,Online Shopping,Basic,67,"25,718.00",0,Low,0
TX002050,C0468,99.57,2024-12-15 07:29:35,Groceries,Basic,47,"22,215.00",0,Low,0
TX004943,C0271,99.51,2024-05-29 16:55:33,Clothing,Basic,55,"41,074.00",0,Low,0
TX000537,C0143,99.47,2024-03-02 05:49:58,Fuel,Basic,18,"31,795.00",0,Low,0
TX001815,C0412,99.37,2024-03-13 19:14:03,Clothing,Standard,24,"54,863.00",0,Low,0
TX006250,C0051,99.37,2024-05-03 05:19:32,Groceries,Standard,41,"32,117.00",0,Low,0
TX003313,C0239,99.33,2024-08-19 14:12:39,Healthcare,Standard,30,"51,337.00",0,Low,0
TX002635,C0058,99.31,2024-10-05 09:28:45,Entertainment,Student,34,"20,775.00",0,Low,0
TX004511,C0405,99.28,2024-06-30 14:31:50,ATM Withdrawal,Basic,32,"24,655.00",0,Low,0
TX000092,C0500,99.28,2024-08-17 00:25:38,Groceries,Student,21,"15,738.00",0,Low,1
TX005565,C0219,99.27,2024-04-22 04:16:30,Online Shopping,Basic,32,"31,203.00",0,Low,1
TX006686,C0001,99.25,2024-03-22 20:15:23,Groceries,Basic,43,"28,663.00",0,Low,0
TX007269,C0049,99.21,2024-07-25 06:37:42,Clothing,Standard,42,"82,699.00",0,Low,0
TX002216,C0032,99.19,2024-02-26 06:58:32,Fuel,Standard,60,"60,658.00",0,Low,0
TX003775,C0250,99.18,2024-01-27 11:53:00,Entertainment,Standard,42,"55,233.00",0,Low,0
TX006675,C0429,99.16,2024-06-22 21:36:41,Clothing,Basic,50,"30,515.00",0,Low,0
TX002713,C0302,99.15,2024-11-08 23:34:13,Entertainment,Basic,31,"34,419.00",0,Low,0
TX004547,C0123,99.12,2024-04-07 00:32:41,Entertainment,Basic,54,"27,437.00",0,Low,1
TX000321,C0198,99.08,2024-11-11 13:56:45,Fuel,Standard,39,"55,779.00",0,Low,0
TX003825,C0116,99.02,2024-04-16 02:07:02,Groceries,Standard,41,"57,963.00",0,Low,1
TX007887,C0497,98.96,2024-07-03 10:21:45,ATM Withdrawal,Basic,25,"46,107.00",0,Low,0
TX003688,C0421,98.94,2024-12-06 07:39:54,Clothing,Standard,62,"39,023.00",0,Low,0
TX004998,C0416,98.92,2024-07-10 18:25:37,Groceries,Premium,29,"114,532.00",0,Low,0
TX001430,C0135,98.84,2024-01-06 22:16:55,Entertainment,Standard,26,"51,139.00",0,Low,0
TX001837,C0233,98.82,2024-01-04 09:10:49,Healthcare,Basic,38,"29,486.00",0,Low,0
TX000475,C0327,98.81,2024-06-02 08:27:25,Healthcare,Basic,51,"35,070.00",0,Low,0
TX004763,C0116,98.81,2024-10-23 08:10:53,Dining,Standard,41,"57,963.00",0,Low,0
TX000573,C0427,98.78,2024-09-24 20:02:48,Clothing,Student,26,"14,718.00",0,Low,0
TX006748,C0369,98.7,2024-09-02 22:30:55,Entertainment,Student,39,"15,677.00",0,Low,0
TX007576,C0470,98.62,2024-10-03 12:45:45,Dining,Standard,31,"52,622.00",0,Low,0
TX004117,C0379,98.49,2024-12-17 14:23:59,Online Shopping,Standard,64,"73,196.00",0,Low,0
TX002343,C0022,98.47,2024-01-09 23:10:07,Entertainment,Student,35,"15,746.00",0,Low,0
TX007357,C0203,98.46,2024-05-20 03:08:21,Fuel,Basic,50,"37,330.00",0,Low,1
TX004623,C0343,98.45,2024-03-04 02:37:32,Clothing,Standard,40,"63,534.00",0,Low,1
TX003750,C0296,98.44,2024-10-09 22:48:39,Groceries,Student,29,"9,663.00",0,Low,0
TX003241,C0339,98.38,2024-11-21 17:11:40,Fuel,Student,42,"11,785.00",0,Low,0
TX007879,C0053,98.34,2024-08-19 23:53:20,Fuel,Basic,29,"29,635.00",0,Low,0
TX003107,C0366,98.31,2024-04-29 00:52:14,Online Shopping,Student,33,"15,304.00",0,Low,1
TX006225,C0046,98.29,2024-06-29 13:29:39,Fuel,Premium,29,"116,173.00",0,Low,0
TX006094,C0404,98.26,2024-07-30 00:27:03,Groceries,Student,38,"16,286.00",0,Low,1
TX003703,C0450,98.24,2024-03-21 17:41:42,Healthcare,Basic,25,"18,120.00",0,Low,0
TX002371,C0401,98.23,2024-03-25 15:03:16,Online Shopping,Standard,18,"68,786.00",0,Low,0
TX000835,C0142,98.23,2024-09-20 16:36:28,ATM Withdrawal,Student,53,"9,142.00",0,Low,0
TX000678,C0364,98.23,2024-12-11 20:53:24,Groceries,Standard,42,"54,163.00",0,Low,0
TX005950,C0130,98.2,2024-02-02 06:48:24,Entertainment,Standard,31,"61,544.00",0,Low,0
TX001226,C0170,98.18,2024-06-29 08:27:54,Clothing,Standard,28,"38,204.00",0,Low,0
TX006973,C0344,98.15,2024-12-26 05:43:23,Dining,Standard,31,"79,425.00",0,Low,0
TX001446,C0127,98.13,2024-10-23 04:43:10,Clothing,Standard,26,"54,634.00",0,Low,1
TX001052,C0485,98.11,2024-11-12 10:45:09,Fuel,Basic,28,"35,423.00",0,Low,0
TX002691,C0083,98.1,2024-01-24 07:31:07,Dining,Standard,55,"31,241.00",0,Low,0
TX002125,C0195,98.09,2024-04-10 06:43:43,Dining,Standard,40,"53,925.00",0,Low,0
TX007229,C0200,98.09,2024-10-30 17:03:16,Groceries,Standard,24,"53,789.00",0,Low,0
TX001919,C0209,98.04,2024-02-03 04:38:55,Groceries,Standard,44,"71,622.00",1,Low,1
TX000589,C0393,98.04,2024-05-18 07:56:46,Clothing,Student,22,"10,586.00",0,Low,0
TX004069,C0364,98.03,2024-09-14 23:28:47,Healthcare,Standard,42,"54,163.00",0,Low,0
TX001145,C0048,97.97,2024-05-15 01:39:54,Clothing,Student,50,"14,603.00",0,Low,1
TX006548,C0362,97.96,2024-09-30 02:35:54,Clothing,Premium,56,"102,570.00",0,Low,1
TX006687,C0167,97.91,2024-09-07 11:25:55,Online Shopping,Standard,47,"72,231.00",0,Low,0
TX002420,C0062,97.87,2024-07-21 13:02:02,Clothing,Basic,35,"33,654.00",0,Low,0
TX006715,C0472,97.82,2024-08-29 11:25:34,Online Shopping,Standard,18,"41,000.00",0,Low,0
TX002092,C0199,97.75,2024-12-18 18:36:44,Fuel,Premium,38,"111,979.00",0,Low,0
TX003618,C0269,97.74,2024-06-01 09:06:24,Clothing,Standard,32,"70,338.00",0,Low,0
TX005570,C0087,97.74,2024-10-25 11:55:46,Dining,Standard,48,"40,495.00",0,Low,0
TX007810,C0234,97.72,2024-06-24 23:27:43,Healthcare,Student,30,"16,315.00",0,Low,0
TX007656,C0314,97.7,2024-01-03 17:12:12,Groceries,Student,47,"21,998.00",0,Low,0
TX002805,C0412,97.65,2024-09-07 09:50:25,Healthcare,Standard,24,"54,863.00",0,Low,0
TX006850,C0292,97.62,2024-06-06 04:14:06,Electronics,Basic,32,"28,202.00",0,Low,1
TX004963,C0378,97.62,2024-09-02 07:30:45,Entertainment,Basic,40,"27,468.00",0,Low,0
TX002165,C0103,97.59,2024-11-12 20:42:14,Healthcare,Standard,33,"46,432.00",0,Low,0
TX005654,C0038,97.58,2024-03-05 04:46:31,ATM Withdrawal,Basic,18,"12,409.00",1,Low,1
TX002212,C0059,97.57,2024-08-13 19:04:30,Clothing,Basic,41,"29,342.00",0,Low,0
TX001683,C0470,97.53,2024-04-12 02:21:11,Clothing,Standard,31,"52,622.00",0,Low,1
TX000148,C0088,97.47,2024-09-23 10:11:46,Groceries,Student,41,"14,809.00",0,Low,0
TX007806,C0069,97.39,2024-08-19 21:41:46,Groceries,Premium,42,"87,307.00",0,Low,0
TX004392,C0415,97.27,2024-01-08 01:54:13,Groceries,Premium,41,"89,249.00",0,Low,1
TX001053,C0147,97.26,2024-07-09 07:54:45,Groceries,Standard,23,"71,180.00",0,Low,0
TX001896,C0453,97.24,2024-07-19 11:17:39,Clothing,Basic,26,"19,064.00",0,Low,0
TX000151,C0278,97.24,2024-12-29 05:30:30,Entertainment,Standard,30,"54,061.00",1,Low,0
TX001965,C0450,97.22,2024-09-02 19:51:31,Groceries,Basic,25,"18,120.00",0,Low,0
TX003438,C0490,97.17,2024-11-16 15:26:44,Fuel,Basic,48,"32,394.00",0,Low,0
TX001075,C0266,97.13,2024-09-13 03:35:15,Entertainment,Basic,23,"48,327.00",0,Low,1
TX000196,C0411,97.12,2024-11-10 09:25:05,Groceries,Standard,46,"55,422.00",0,Low,0
TX005027,C0349,97.11,2024-04-28 05:34:22,Entertainment,Basic,29,"24,805.00",0,Low,0
TX007182,C0171,97.11,2024-06-24 23:57:05,Clothing,Basic,27,"19,642.00",0,Low,0
TX004686,C0211,97.09,2024-04-27 01:40:05,Online Shopping,Student,44,"17,451.00",0,Low,1
TX002197,C0382,97.07,2024-05-04 07:35:32,Online Shopping,Standard,30,"60,899.00",1,Low,0
TX001483,C0162,97.05,2024-01-30 05:24:13,Healthcare,Standard,47,"72,590.00",0,Low,0
TX003332,C0264,97.02,2024-10-31 03:04:59,ATM Withdrawal,Standard,25,"50,127.00",0,Low,1
TX003844,C0389,97,2024-06-05 07:58:21,Groceries,Standard,49,"43,210.00",0,Low,0
TX001686,C0109,96.95,2024-02-13 08:47:04,Entertainment,Basic,41,"35,585.00",0,Low,0
TX004947,C0373,96.95,2024-07-18 18:42:44,Online Shopping,Premium,55,"67,934.00",0,Low,0
TX002742,C0465,96.94,2024-08-03 23:12:45,Online Shopping,Student,36,"14,938.00",0,Low,0
TX000076,C0011,96.89,2024-05-24 09:44:07,Online Shopping,Standard,32,"34,602.00",1,Low,0
TX003536,C0006,96.87,2024-02-11 14:50:40,Online Shopping,Standard,35,"49,099.00",0,Low,0
TX004150,C0087,96.85,2024-04-25 05:48:03,Clothing,Standard,48,"40,495.00",0,Low,0
TX001271,C0492,96.84,2024-06-09 09:20:05,Entertainment,Student,55,"21,246.00",0,Low,0
TX004497,C0386,96.83,2024-05-13 23:54:26,Online Shopping,Basic,39,"28,780.00",0,Low,0
TX000976,C0090,96.82,2024-05-29 00:40:18,ATM Withdrawal,Standard,44,"37,624.00",0,Low,1
TX002207,C0310,96.82,2024-12-09 12:24:40,Online Shopping,Standard,35,"55,608.00",0,Low,0
TX007902,C0181,96.79,2024-06-14 13:33:47,Online Shopping,Basic,45,"17,547.00",0,Low,0
TX000230,C0132,96.78,2024-12-16 16:25:23,ATM Withdrawal,Student,38,"15,480.00",0,Low,0
TX007174,C0489,96.75,2024-06-13 21:15:35,Clothing,Basic,58,"35,936.00",0,Low,0
TX002653,C0186,96.72,2024-04-23 02:47:03,Online Shopping,Student,46,"13,602.00",0,Low,1
TX007133,C0134,96.71,2024-01-10 22:01:10,Groceries,Basic,43,"21,817.00",0,Low,0
TX003329,C0223,96.68,2024-05-16 04:22:05,Clothing,Standard,46,"58,016.00",0,Low,1
TX006066,C0094,96.61,2024-10-03 10:14:46,Online Shopping,Student,34,"15,107.00",0,Low,0
TX003491,C0224,96.6,2024-12-26 13:03:16,Clothing,Basic,18,"38,405.00",0,Low,0
TX006023,C0292,96.53,2024-07-08 03:10:32,Online Shopping,Basic,32,"28,202.00",0,Low,1
TX006576,C0219,96.52,2024-10-04 23:17:59,Clothing,Basic,32,"31,203.00",0,Low,0
TX004921,C0357,96.5,2024-02-24 18:47:09,Entertainment,Basic,37,"14,050.00",0,Low,0
TX007413,C0389,96.5,2024-06-01 19:46:14,Clothing,Standard,49,"43,210.00",0,Low,0
TX004831,C0381,96.5,2024-09-16 21:17:15,Entertainment,Premium,27,"159,579.00",0,Low,0
TX003545,C0177,96.45,2024-01-17 17:00:58,Groceries,Standard,38,"56,152.00",0,Low,0
TX003697,C0371,96.41,2024-03-08 02:41:35,Healthcare,Standard,38,"53,331.00",0,Low,1
TX005538,C0222,96.35,2024-07-13 21:18:53,Clothing,Standard,18,"54,135.00",0,Low,0
TX004032,C0141,96.33,2024-07-29 23:10:02,Groceries,Basic,40,"20,193.00",0,Low,0
TX003655,C0140,96.32,2024-07-20 12:36:41,Healthcare,Basic,23,"42,591.00",0,Low,0
TX002559,C0043,96.3,2024-04-21 12:15:39,Entertainment,Standard,36,"58,657.00",1,Low,0
TX007866,C0286,96.24,2024-08-04 07:26:40,Dining,Basic,18,"41,136.00",0,Low,0
TX004787,C0029,96.23,2024-02-20 13:55:49,Healthcare,Basic,30,"39,560.00",0,Low,0
TX002053,C0082,96.23,2024-12-17 03:47:57,Clothing,Standard,42,"18,641.00",0,Low,1
TX007287,C0079,96.18,2024-08-21 22:51:52,Groceries,Standard,39,"48,307.00",0,Low,0
TX001091,C0166,96.11,2024-12-02 21:20:56,Online Shopping,Standard,42,"12,271.00",0,Low,0
TX002144,C0181,96.09,2024-03-23 10:30:34,Online Shopping,Basic,45,"17,547.00",0,Low,0
TX002597,C0038,96.08,2024-02-01 15:23:13,Online Shopping,Basic,18,"12,409.00",0,Low,0
TX006144,C0263,96.07,2024-08-28 08:52:58,Online Shopping,Student,18,"18,927.00",0,Low,0
TX002158,C0054,96.05,2024-10-13 07:08:11,Groceries,Basic,45,"31,946.00",0,Low,0
TX000615,C0008,96.02,2024-07-12 18:52:34,Online Shopping,Standard,47,"74,176.00",0,Low,0
TX002192,C0112,96.01,2024-07-01 18:56:43,Entertainment,Basic,37,"35,081.00",0,Low,0
TX004496,C0411,95.97,2024-04-06 02:56:22,Online Shopping,Standard,46,"55,422.00",0,Low,1
TX004242,C0191,95.97,2024-11-06 00:39:20,Groceries,Standard,32,"70,454.00",0,Low,1
TX001859,C0459,95.96,2024-11-08 11:50:36,Groceries,Premium,31,"72,704.00",0,Low,0
TX002615,C0490,95.95,2024-07-07 23:28:56,Online Shopping,Basic,48,"32,394.00",0,Low,0
TX006646,C0396,95.95,2024-08-22 22:19:18,Groceries,Basic,32,"49,943.00",0,Low,0
TX007938,C0413,95.93,2024-03-29 11:00:40,Groceries,Standard,19,"71,288.00",0,Low,0
TX003548,C0349,95.93,2024-09-18 15:39:34,Groceries,Basic,29,"24,805.00",0,Low,0
TX004776,C0215,95.9,2024-12-16 14:54:21,Groceries,Basic,34,"28,474.00",0,Low,0
TX003665,C0321,95.81,2024-10-02 14:44:36,Entertainment,Standard,39,"44,897.00",0,Low,0
TX002761,C0112,95.8,2024-07-12 09:10:29,Dining,Basic,37,"35,081.00",0,Low,0
TX003073,C0463,95.8,2024-10-25 17:13:46,Clothing,Student,29,"9,084.00",1,Low,0
TX007453,C0395,95.78,2024-05-18 07:21:48,Clothing,Student,52,"16,554.00",0,Low,0
TX001724,C0046,95.74,2024-12-18 23:32:21,Fuel,Premium,29,"116,173.00",0,Low,0
TX005893,C0391,95.73,2024-06-10 08:50:40,Online Shopping,Student,27,"8,000.00",0,Low,0
TX004793,C0035,95.72,2024-07-10 04:32:09,Dining,Standard,47,"46,672.00",0,Low,1
TX000858,C0016,95.71,2024-06-07 09:35:24,Clothing,Standard,31,"58,287.00",0,Low,0
TX007886,C0204,95.68,2024-06-10 02:27:15,Entertainment,Standard,50,"60,197.00",0,Low,1
TX002527,C0237,95.62,2024-06-05 19:40:24,Clothing,Basic,18,"42,909.00",0,Low,0
TX007015,C0167,95.58,2024-08-02 16:58:39,Fuel,Standard,47,"72,231.00",0,Low,0
TX004373,C0339,95.55,2024-04-05 23:42:25,Healthcare,Student,42,"11,785.00",0,Low,0
TX000736,C0001,95.55,2024-08-19 16:42:50,Entertainment,Basic,43,"28,663.00",0,Low,0
TX006779,C0414,95.5,2024-01-19 14:04:41,Clothing,Standard,53,"62,120.00",0,Low,0
TX000587,C0072,95.49,2024-06-18 14:50:46,Clothing,Standard,56,"82,014.00",0,Low,0
TX005812,C0241,95.48,2024-02-09 22:02:12,Entertainment,Premium,28,"125,684.00",0,Low,0
TX005349,C0010,95.47,2024-01-31 02:47:20,Groceries,Standard,44,"55,696.00",0,Low,1
TX007067,C0351,95.46,2024-09-19 19:29:36,Groceries,Standard,41,"55,511.00",0,Low,0
TX004080,C0146,95.43,2024-01-14 18:44:12,Groceries,Basic,47,"26,328.00",0,Low,0
TX005649,C0477,95.42,2024-10-20 21:08:46,Online Shopping,Basic,44,"19,024.00",0,Low,0
TX001735,C0163,95.27,2024-09-05 11:10:03,Online Shopping,Basic,51,"34,348.00",0,Low,0
TX007288,C0170,95.26,2024-12-10 05:19:48,Groceries,Standard,28,"38,204.00",0,Low,0
TX000496,C0065,95.25,2024-09-04 21:16:58,Clothing,Premium,47,"109,281.00",0,Low,0
TX007214,C0035,95.25,2024-09-09 12:33:45,Online Shopping,Standard,47,"46,672.00",0,Low,0
TX003893,C0030,95.15,2024-03-01 12:47:22,Groceries,Standard,34,"32,152.00",0,Low,0
TX000503,C0057,95.13,2024-05-23 19:37:02,Healthcare,Standard,27,"36,226.00",0,Low,0
TX003015,C0445,95.1,2024-11-23 19:34:03,Clothing,Student,22,"15,642.00",0,Low,0
TX001272,C0021,95.07,2024-07-09 19:16:22,Groceries,Student,55,"17,431.00",0,Low,0
TX000213,C0121,95.05,2024-06-15 01:52:23,Healthcare,Basic,47,"24,788.00",0,Low,1
TX001525,C0337,95.01,2024-05-21 06:00:34,Groceries,Standard,28,"53,675.00",0,Low,0
TX001035,C0343,94.98,2024-01-06 10:10:35,Entertainment,Standard,40,"63,534.00",0,Low,0
TX006281,C0154,94.97,2024-12-29 14:57:16,Entertainment,Basic,40,"41,040.00",0,Low,0
TX002167,C0085,94.96,2024-06-22 13:22:57,Entertainment,Basic,28,"36,286.00",0,Low,0
TX003124,C0038,94.96,2024-07-14 12:08:57,Online Shopping,Basic,18,"12,409.00",0,Low,0
TX001185,C0418,94.9,2024-01-16 10:34:04,Clothing,Standard,39,"63,367.00",0,Low,0
TX000561,C0044,94.86,2024-06-05 08:35:29,Online Shopping,Premium,34,"73,077.00",0,Low,0
TX003305,C0144,94.81,2024-11-26 21:59:57,Entertainment,Standard,40,"70,706.00",1,Low,0
TX000572,C0178,94.75,2024-06-07 22:52:02,Groceries,Standard,55,"35,755.00",0,Low,0
TX005823,C0316,94.72,2024-05-06 13:05:38,Groceries,Standard,38,"44,606.00",0,Low,0
TX006965,C0146,94.68,2024-10-03 07:43:32,Dining,Basic,47,"26,328.00",0,Low,0
TX002726,C0097,94.65,2024-03-06 11:03:23,Groceries,Premium,41,"82,584.00",0,Low,0
TX000033,C0368,94.59,2024-07-14 17:21:29,Fuel,Standard,38,"41,189.00",0,Low,0
TX005515,C0439,94.58,2024-01-30 08:48:05,Healthcare,Standard,18,"57,230.00",0,Low,0
TX001326,C0005,94.58,2024-02-17 19:59:22,Online Shopping,Basic,35,"32,949.00",0,Low,0
TX002454,C0427,94.52,2024-01-16 04:30:29,Groceries,Student,26,"14,718.00",0,Low,1
TX000392,C0408,94.5,2024-08-12 15:54:38,Clothing,Basic,36,"23,954.00",0,Low,0
TX003673,C0171,94.47,2024-03-09 05:54:53,Clothing,Basic,27,"19,642.00",0,Low,0
TX000229,C0381,94.42,2024-02-27 11:06:38,Groceries,Premium,27,"159,579.00",0,Low,0
TX007753,C0381,94.4,2024-12-05 00:28:04,Entertainment,Premium,27,"159,579.00",0,Low,1
TX000785,C0147,94.38,2024-04-09 19:12:07,Clothing,Standard,23,"71,180.00",0,Low,0
TX005731,C0082,94.34,2024-12-12 17:25:15,Groceries,Standard,42,"18,641.00",0,Low,0
TX001931,C0068,94.33,2024-09-29 05:14:50,Dining,Basic,50,"35,672.00",0,Low,0
TX004473,C0160,94.27,2024-10-03 04:40:13,Online Shopping,Standard,45,"44,925.00",0,Low,1
TX001744,C0024,94.2,2024-10-09 20:45:26,Clothing,Standard,20,"57,911.00",0,Low,0
TX006444,C0417,94.09,2024-11-16 00:25:42,Healthcare,Student,56,"20,560.00",0,Low,1
TX001470,C0173,94.08,2024-05-21 03:00:29,Online Shopping,Standard,37,"47,984.00",0,Low,1
TX005252,C0347,94.08,2024-07-19 08:14:01,Entertainment,Basic,20,"25,346.00",0,Low,0
TX004179,C0490,94.03,2024-09-03 16:06:51,Entertainment,Basic,48,"32,394.00",0,Low,0
TX003603,C0272,94.02,2024-08-15 19:42:29,Healthcare,Standard,20,"63,458.00",0,Low,0
TX001573,C0349,93.89,2024-06-13 05:46:35,Online Shopping,Basic,29,"24,805.00",0,Low,0
TX006971,C0017,93.86,2024-10-09 13:37:19,Healthcare,Standard,25,"58,740.00",0,Low,0
TX006755,C0311,93.85,2024-01-06 19:09:17,Entertainment,Basic,35,"24,384.00",0,Low,0
TX002326,C0320,93.85,2024-09-04 06:39:13,Fuel,Premium,36,"127,432.00",0,Low,0
TX003346,C0064,93.82,2024-09-22 15:48:27,Entertainment,Standard,23,"61,715.00",0,Low,0
TX004286,C0431,93.81,2024-02-29 03:06:55,Fuel,Student,23,"11,242.00",0,Low,1
TX001392,C0431,93.79,2024-01-02 22:00:01,Healthcare,Student,23,"11,242.00",0,Low,0
TX007250,C0045,93.76,2024-04-20 15:50:38,Groceries,Standard,20,"35,795.00",0,Low,0
TX005636,C0241,93.71,2024-04-10 21:29:48,Entertainment,Premium,28,"125,684.00",0,Low,0
TX006364,C0342,93.67,2024-02-02 23:04:59,Clothing,Standard,40,"46,696.00",0,Low,0
TX000685,C0131,93.65,2024-01-01 23:26:21,Dining,Standard,19,"55,570.00",0,Low,0
TX005078,C0334,93.63,2024-03-19 21:23:07,ATM Withdrawal,Basic,29,"47,684.00",1,Low,0
TX007495,C0336,93.58,2024-08-23 10:49:36,Clothing,Basic,36,"19,041.00",0,Low,0
TX002459,C0495,93.56,2024-10-29 23:25:10,Online Shopping,Basic,56,"33,679.00",0,Low,0
TX006833,C0308,93.55,2024-02-17 02:53:08,Online Shopping,Standard,30,"63,149.00",0,Low,1
TX006857,C0385,93.52,2024-01-18 00:53:05,Groceries,Standard,28,"57,003.00",0,Low,1
TX002054,C0324,93.52,2024-02-12 19:41:23,Fuel,Basic,63,"47,161.00",0,Low,0
TX003931,C0321,93.38,2024-05-08 19:23:11,Healthcare,Standard,39,"44,897.00",0,Low,0
TX002901,C0030,93.34,2024-10-18 01:08:32,Dining,Standard,34,"32,152.00",0,Low,1
TX001003,C0192,93.3,2024-07-17 17:31:15,Online Shopping,Basic,48,"31,910.00",0,Low,0
TX000231,C0020,93.24,2024-01-30 05:46:35,Online Shopping,Standard,21,"59,185.00",1,Low,0
TX003667,C0232,93.22,2024-08-08 05:40:11,Online Shopping,Standard,40,"43,685.00",0,Low,0
TX003005,C0346,93.19,2024-01-27 21:41:39,Groceries,Basic,40,"28,371.00",0,Low,0
TX002639,C0230,93.16,2024-01-25 15:35:07,Clothing,Standard,46,"37,804.00",0,Low,0
TX003323,C0179,93.09,2024-08-19 05:21:03,Clothing,Student,34,"18,985.00",0,Low,0
TX006938,C0325,93.08,2024-11-27 20:51:44,Groceries,Premium,25,"54,372.00",0,Low,0
TX006943,C0251,92.99,2024-09-12 14:35:05,Online Shopping,Standard,22,"38,555.00",0,Low,0
TX004031,C0164,92.94,2024-10-15 03:20:27,Clothing,Premium,28,"78,881.00",0,Low,1
TX004190,C0048,92.94,2024-11-13 02:24:54,Healthcare,Student,50,"14,603.00",0,Low,1
TX005121,C0464,92.93,2024-02-12 22:37:16,Online Shopping,Student,40,"15,733.00",0,Low,0
TX006635,C0171,92.89,2024-01-03 02:51:17,Clothing,Basic,27,"19,642.00",0,Low,1
TX005061,C0001,92.89,2024-01-12 09:04:36,Online Shopping,Basic,43,"28,663.00",0,Low,0
TX003737,C0494,92.89,2024-03-02 02:22:42,Groceries,Basic,27,"23,972.00",1,Low,1
TX006111,C0026,92.83,2024-05-09 12:14:37,Healthcare,Basic,39,"21,787.00",1,Low,0
TX004333,C0070,92.75,2024-06-11 08:50:29,Entertainment,Basic,30,"41,520.00",0,Low,0
TX001489,C0322,92.74,2024-05-08 07:33:05,ATM Withdrawal,Basic,45,"32,231.00",1,Low,0
TX002755,C0087,92.72,2024-12-13 02:40:28,Entertainment,Standard,48,"40,495.00",1,Low,1
TX007409,C0496,92.63,2024-04-30 20:50:02,Clothing,Basic,44,"24,578.00",0,Low,0
TX003723,C0218,92.63,2024-12-10 22:05:31,Entertainment,Standard,35,"62,435.00",0,Low,0
TX001742,C0182,92.57,2024-09-09 00:46:56,Groceries,Basic,27,"26,575.00",0,Low,1
TX002126,C0367,92.57,2024-12-22 18:43:08,Online Shopping,Student,40,"17,155.00",0,Low,0
TX000387,C0152,92.49,2024-02-16 11:02:28,Online Shopping,Premium,42,"42,708.00",0,Low,0
TX003381,C0110,92.47,2024-09-10 17:52:55,Entertainment,Student,37,"16,573.00",0,Low,0
TX002511,C0025,92.45,2024-07-07 04:46:26,Dining,Standard,31,"71,104.00",0,Low,1
TX004636,C0020,92.39,2024-10-25 06:09:40,Groceries,Standard,21,"59,185.00",0,Low,0
TX001158,C0007,92.35,2024-04-09 16:56:29,Healthcare,Premium,56,"90,862.00",1,Low,0
TX002250,C0096,92.27,2024-06-07 15:45:50,Dining,Standard,20,"24,373.00",0,Low,0
TX005520,C0026,92.24,2024-01-15 08:32:28,Groceries,Basic,39,"21,787.00",0,Low,0
TX005831,C0126,92.23,2024-08-23 07:19:37,Clothing,Standard,64,"46,394.00",0,Low,0
TX004499,C0057,92.22,2024-08-20 21:06:29,Entertainment,Standard,27,"36,226.00",0,Low,0
TX007221,C0327,92.22,2024-11-22 18:32:57,Clothing,Basic,51,"35,070.00",0,Low,0
TX000074,C0380,92.21,2024-04-24 20:34:41,Groceries,Basic,28,"31,133.00",1,Low,0
TX004058,C0136,92.21,2024-11-08 01:47:26,Entertainment,Basic,56,"16,651.00",0,Low,1
TX004193,C0099,92.18,2024-11-30 08:13:11,Entertainment,Basic,38,"21,987.00",0,Low,0
TX004045,C0220,92.16,2024-04-10 13:54:37,Online Shopping,Basic,38,"32,919.00",1,Low,0
TX001386,C0063,92.14,2024-04-14 17:03:48,Clothing,Student,24,"17,279.00",0,Low,0
TX006334,C0125,92.09,2024-04-03 14:28:21,Groceries,Standard,45,"62,842.00",0,Low,0
TX002279,C0175,92.06,2024-06-28 05:13:26,Healthcare,Premium,41,"88,592.00",0,Low,0
TX002915,C0185,91.99,2024-03-09 16:55:36,Groceries,Standard,35,"49,770.00",0,Low,0
TX006575,C0497,91.99,2024-08-11 17:16:50,Clothing,Basic,25,"46,107.00",0,Low,0
TX007009,C0368,91.97,2024-01-23 16:48:59,Groceries,Standard,38,"41,189.00",0,Low,0
TX001304,C0284,91.92,2024-09-26 15:39:58,Fuel,Basic,23,"21,171.00",0,Low,0
TX005886,C0074,91.91,2024-04-15 18:53:10,Entertainment,Basic,56,"18,553.00",0,Low,0
TX005287,C0322,91.91,2024-08-08 14:48:09,Fuel,Basic,45,"32,231.00",0,Low,0
TX000935,C0422,91.85,2024-07-15 21:12:43,Entertainment,Student,59,"13,779.00",0,Low,0
TX005531,C0435,91.81,2024-03-11 11:29:31,Online Shopping,Basic,56,"42,246.00",1,Low,0
TX000754,C0437,91.81,2024-07-06 19:51:47,Online Shopping,Standard,57,"51,798.00",1,Low,0
TX003334,C0095,91.79,2024-09-04 00:18:49,Online Shopping,Basic,33,"31,667.00",0,Low,1
TX004483,C0010,91.77,2024-04-17 13:41:59,Groceries,Standard,44,"55,696.00",0,Low,0
TX004165,C0372,91.72,2024-12-11 16:45:16,Healthcare,Basic,43,"22,768.00",0,Low,0
TX000384,C0057,91.64,2024-05-29 01:31:18,Dining,Standard,27,"36,226.00",0,Low,1
TX006254,C0048,91.61,2024-11-11 03:06:29,Groceries,Student,50,"14,603.00",1,Low,1
TX002107,C0109,91.59,2024-08-31 21:34:05,Fuel,Basic,41,"35,585.00",0,Low,0
TX004488,C0039,91.58,2024-09-24 07:50:42,Entertainment,Standard,22,"61,600.00",0,Low,0
TX005527,C0075,91.53,2024-01-31 23:23:43,Entertainment,Basic,18,"31,024.00",0,Low,0
TX001908,C0222,91.48,2024-07-24 22:07:04,Groceries,Standard,18,"54,135.00",0,Low,0
TX007339,C0147,91.48,2024-11-05 09:46:59,Online Shopping,Standard,23,"71,180.00",0,Low,0
TX002108,C0221,91.46,2024-10-05 23:36:29,Entertainment,Premium,65,"162,102.00",0,Low,0
TX003496,C0337,91.44,2024-11-06 22:23:28,Clothing,Standard,28,"53,675.00",0,Low,0
TX006802,C0042,91.37,2024-06-01 06:07:26,Clothing,Standard,40,"65,625.00",0,Low,0
TX001940,C0332,91.3,2024-01-12 13:59:50,Online Shopping,Basic,27,"28,823.00",0,Low,0
TX005090,C0190,91.29,2024-09-24 08:11:01,Dining,Student,19,"16,720.00",0,Low,0
TX007165,C0141,91.28,2024-08-20 01:35:57,Online Shopping,Basic,40,"20,193.00",1,Low,1
TX000755,C0302,91.21,2024-12-26 15:55:27,Entertainment,Basic,31,"34,419.00",0,Low,0
TX005235,C0407,91.17,2024-03-12 10:02:22,Dining,Standard,25,"52,375.00",0,Low,0
TX006770,C0016,91.08,2024-02-25 15:13:07,Entertainment,Standard,31,"58,287.00",0,Low,0
TX002466,C0108,91.05,2024-06-09 06:15:08,Groceries,Basic,40,"24,824.00",0,Low,0
TX002707,C0378,91.05,2024-11-10 23:15:13,Dining,Basic,40,"27,468.00",0,Low,0
TX000105,C0032,91.02,2024-04-07 09:23:19,Healthcare,Standard,60,"60,658.00",0,Low,0
TX007381,C0043,91.02,2024-04-23 18:12:06,Entertainment,Standard,36,"58,657.00",0,Low,0
TX002089,C0403,90.98,2024-09-06 23:15:22,Entertainment,Student,38,"16,069.00",0,Low,0
TX006128,C0417,90.94,2024-04-23 21:10:49,Clothing,Student,56,"20,560.00",0,Low,0
TX001267,C0497,90.9,2024-07-03 03:50:57,Fuel,Basic,25,"46,107.00",0,Low,1
TX000135,C0269,90.88,2024-02-01 06:19:27,Entertainment,Standard,32,"70,338.00",0,Low,0
TX000864,C0268,90.87,2024-11-25 17:59:41,Clothing,Premium,20,"40,638.00",0,Low,0
TX007726,C0140,90.81,2024-03-03 06:21:37,Groceries,Basic,23,"42,591.00",0,Low,0
TX001907,C0223,90.76,2024-01-29 12:10:47,Groceries,Standard,46,"58,016.00",0,Low,0
TX004068,C0071,90.71,2024-09-11 10:13:22,Clothing,Standard,42,"44,854.00",0,Low,0
TX000083,C0457,90.7,2024-08-01 08:58:23,Groceries,Basic,36,"34,331.00",0,Low,0
TX004847,C0260,90.68,2024-12-25 18:05:53,Groceries,Student,47,"19,039.00",0,Low,0
TX005229,C0343,90.65,2024-01-01 01:36:53,Dining,Standard,40,"63,534.00",0,Low,1
TX005830,C0212,90.65,2024-12-11 19:39:02,Clothing,Student,51,"10,786.00",0,Low,0
TX007117,C0051,90.62,2024-06-08 12:16:21,Clothing,Standard,41,"32,117.00",0,Low,0
TX005153,C0026,90.57,2024-09-01 20:49:24,Groceries,Basic,39,"21,787.00",0,Low,0
TX007230,C0031,90.56,2024-09-02 03:19:50,Clothing,Basic,30,"25,528.00",0,Low,1
TX003945,C0008,90.52,2024-02-13 04:34:21,Fuel,Standard,47,"74,176.00",0,Low,1
TX000854,C0120,90.5,2024-08-18 08:58:13,Groceries,Basic,47,"31,583.00",0,Low,0
TX004538,C0429,90.44,2024-01-30 04:25:17,Groceries,Basic,50,"30,515.00",0,Low,1
TX000258,C0216,90.43,2024-03-18 19:13:54,Clothing,Standard,47,"58,261.00",0,Low,0
TX000564,C0500,90.4,2024-05-04 13:11:06,Dining,Student,21,"15,738.00",0,Low,0
TX006624,C0324,90.36,2024-05-23 20:55:38,ATM Withdrawal,Basic,63,"47,161.00",0,Low,0
TX000673,C0428,90.33,2024-12-27 08:40:25,Entertainment,Standard,46,"62,297.00",0,Low,0
TX001371,C0391,90.32,2024-03-22 01:03:10,Online Shopping,Student,27,"8,000.00",0,Low,1
TX005203,C0173,90.31,2024-10-14 08:58:57,Entertainment,Standard,37,"47,984.00",0,Low,0
TX005370,C0143,90.26,2024-02-22 22:48:55,Dining,Basic,18,"31,795.00",0,Low,0
TX007819,C0131,90.23,2024-03-25 21:37:39,Fuel,Standard,19,"55,570.00",0,Low,0
TX007251,C0395,90.22,2024-09-19 00:00:41,Groceries,Student,52,"16,554.00",0,Low,1
TX000088,C0124,90.2,2024-07-04 23:27:01,Groceries,Standard,21,"61,362.00",0,Low,0
TX005391,C0008,90.19,2024-05-18 15:03:17,Online Shopping,Standard,47,"74,176.00",0,Low,0
TX002013,C0349,90.16,2024-12-09 16:17:49,Groceries,Basic,29,"24,805.00",0,Low,0
TX001730,C0470,90.13,2024-03-03 05:41:08,Entertainment,Standard,31,"52,622.00",0,Low,0
TX004791,C0270,90.11,2024-04-22 18:49:33,Dining,Standard,39,"91,596.00",0,Low,0
TX002654,C0185,90.08,2024-07-05 15:01:44,Dining,Standard,35,"49,770.00",0,Low,0
TX007773,C0270,90.02,2024-03-16 14:21:54,Dining,Standard,39,"91,596.00",0,Low,0
TX006847,C0221,89.97,2024-11-22 11:26:50,Entertainment,Premium,65,"162,102.00",0,Low,0
TX006396,C0120,89.95,2024-06-03 16:19:27,Groceries,Basic,47,"31,583.00",0,Low,0
TX001072,C0307,89.95,2024-06-14 14:32:49,Groceries,Standard,53,"56,834.00",0,Low,0
TX003343,C0268,89.95,2024-10-27 16:52:19,Groceries,Premium,20,"40,638.00",0,Low,0
TX001100,C0419,89.94,2024-07-23 23:29:49,Groceries,Standard,52,"55,155.00",0,Low,0
TX000036,C0223,89.93,2024-07-20 11:52:33,Online Shopping,Standard,46,"58,016.00",0,Low,0
TX000377,C0326,89.92,2024-08-30 10:43:19,Dining,Premium,23,"99,294.00",0,Low,0
TX000296,C0183,89.91,2024-07-20 08:43:13,Groceries,Premium,25,"135,022.00",0,Low,0
TX006490,C0034,89.85,2024-11-26 23:57:36,Healthcare,Standard,25,"54,013.00",0,Low,0
TX002913,C0204,89.83,2024-07-24 17:11:34,Dining,Standard,50,"60,197.00",0,Low,0
TX007980,C0417,89.82,2024-04-22 10:57:32,Online Shopping,Student,56,"20,560.00",0,Low,0
TX007172,C0355,89.81,2024-06-03 16:04:17,Clothing,Student,37,"16,323.00",0,Low,0
TX003868,C0497,89.77,2024-01-07 19:12:04,Groceries,Basic,25,"46,107.00",0,Low,0
TX007749,C0009,89.54,2024-01-20 03:09:27,Entertainment,Standard,32,"57,866.00",0,Low,1
TX002439,C0204,89.5,2024-10-04 18:51:21,Online Shopping,Standard,50,"60,197.00",0,Low,0
TX007686,C0103,89.5,2024-11-13 17:55:36,Entertainment,Standard,33,"46,432.00",0,Low,0
TX006368,C0478,89.48,2024-02-10 20:31:39,Dining,Premium,41,"41,593.00",0,Low,0
TX005211,C0232,89.48,2024-08-04 03:20:56,Fuel,Standard,40,"43,685.00",1,Low,1
TX003713,C0486,89.47,2024-01-04 05:07:13,Online Shopping,Basic,20,"26,096.00",0,Low,0
TX003233,C0343,89.45,2024-04-18 22:38:56,Dining,Standard,40,"63,534.00",0,Low,0
TX003967,C0283,89.43,2024-01-07 19:06:41,Online Shopping,Standard,57,"40,171.00",0,Low,0
TX000285,C0314,89.41,2024-06-27 07:32:20,Electronics,Student,47,"21,998.00",0,Low,0
TX007106,C0078,89.41,2024-10-14 03:59:30,Groceries,Student,34,"12,389.00",0,Low,1
TX000638,C0375,89.4,2024-01-06 03:56:22,Online Shopping,Standard,63,"71,369.00",0,Low,1
TX002031,C0327,89.37,2024-03-29 15:26:26,ATM Withdrawal,Basic,51,"35,070.00",0,Low,0
TX002375,C0057,89.33,2024-06-06 17:29:52,Clothing,Standard,27,"36,226.00",0,Low,0
TX002351,C0375,89.32,2024-06-15 04:42:49,Dining,Standard,63,"71,369.00",0,Low,1
TX007727,C0029,89.3,2024-01-07 14:15:33,Healthcare,Basic,30,"39,560.00",0,Low,0
TX004524,C0454,89.28,2024-02-06 01:04:53,Groceries,Standard,44,"51,628.00",0,Low,1
TX004389,C0302,89.28,2024-04-09 07:53:41,ATM Withdrawal,Basic,31,"34,419.00",0,Low,0
TX004222,C0364,89.27,2024-09-12 18:14:33,Groceries,Standard,42,"54,163.00",0,Low,0
TX001257,C0379,89.19,2024-10-22 13:59:14,Fuel,Standard,64,"73,196.00",0,Low,0
TX000021,C0491,89.14,2024-10-21 02:58:35,Healthcare,Student,37,"20,206.00",0,Low,1
TX002627,C0037,89.12,2024-12-22 20:37:30,Dining,Premium,40,"46,559.00",0,Low,0
TX000027,C0008,89.11,2024-02-03 20:27:12,Groceries,Standard,47,"74,176.00",0,Low,0
TX000970,C0190,89.09,2024-11-30 01:38:30,Groceries,Student,19,"16,720.00",0,Low,1
TX004241,C0263,89.09,2024-12-29 09:07:15,Groceries,Student,18,"18,927.00",0,Low,0
TX001146,C0160,89.08,2024-09-20 09:10:50,Entertainment,Standard,45,"44,925.00",0,Low,0
TX003852,C0452,89.07,2024-09-24 12:50:30,Entertainment,Standard,49,"69,014.00",0,Low,0
TX007796,C0353,89.06,2024-11-06 10:04:25,Fuel,Standard,48,"58,506.00",0,Low,0
TX001986,C0093,89.01,2024-09-27 07:08:23,Groceries,Premium,29,"83,371.00",0,Low,0
TX002868,C0416,89.01,2024-11-18 21:33:21,Entertainment,Premium,29,"114,532.00",0,Low,0
TX005005,C0443,89,2024-06-28 18:20:20,Groceries,Premium,18,"78,354.00",0,Low,0
TX001040,C0177,88.95,2024-01-20 03:00:55,Groceries,Standard,38,"56,152.00",0,Low,1
TX002173,C0342,88.91,2024-01-13 00:13:10,Healthcare,Standard,40,"46,696.00",0,Low,1
TX002403,C0014,88.89,2024-04-18 13:37:00,Clothing,Student,18,"23,653.00",0,Low,0
TX005803,C0198,88.89,2024-10-22 05:03:06,Dining,Standard,39,"55,779.00",0,Low,0
TX007311,C0231,88.88,2024-01-28 04:05:51,Healthcare,Premium,29,"99,079.00",0,Low,1
TX007651,C0310,88.87,2024-12-08 18:59:28,Electronics,Standard,35,"55,608.00",0,Low,0
TX005136,C0458,88.84,2024-05-03 15:21:09,Groceries,Basic,25,"36,073.00",0,Low,0
TX007895,C0085,88.81,2024-10-03 23:35:56,Fuel,Basic,28,"36,286.00",0,Low,0
TX003736,C0188,88.81,2024-12-12 02:20:07,Dining,Standard,37,"86,151.00",0,Low,1
TX007094,C0119,88.79,2024-03-11 05:39:29,Groceries,Standard,51,"81,039.00",0,Low,0
TX004719,C0275,88.78,2024-02-21 14:12:12,Groceries,Student,26,"18,035.00",0,Low,0
TX000302,C0116,88.77,2024-07-18 03:22:15,Groceries,Standard,41,"57,963.00",0,Low,1
TX002838,C0413,88.7,2024-01-24 12:46:30,Fuel,Standard,19,"71,288.00",0,Low,0
TX001295,C0214,88.69,2024-05-23 01:33:06,Healthcare,Standard,45,"83,710.00",0,Low,1
TX001687,C0343,88.69,2024-12-21 21:43:31,Entertainment,Standard,40,"63,534.00",0,Low,0
TX002683,C0348,88.67,2024-02-16 07:54:43,Entertainment,Basic,21,"21,881.00",0,Low,0
TX001933,C0252,88.61,2024-01-17 12:44:19,ATM Withdrawal,Standard,49,"33,399.00",0,Low,0
TX002702,C0023,88.6,2024-07-28 11:28:18,Clothing,Basic,38,"26,428.00",0,Low,0
TX000670,C0134,88.59,2024-06-13 10:30:24,Clothing,Basic,43,"21,817.00",0,Low,0
TX004859,C0292,88.57,2024-09-28 00:01:06,Clothing,Basic,32,"28,202.00",0,Low,1
TX001454,C0265,88.56,2024-12-06 16:19:47,Healthcare,Student,34,"8,000.00",0,Low,0
TX004030,C0288,88.54,2024-09-15 20:08:37,Clothing,Premium,45,"42,884.00",0,Low,0
TX007489,C0342,88.5,2024-01-30 17:07:53,Fuel,Standard,40,"46,696.00",0,Low,0
TX005621,C0079,88.5,2024-12-12 20:36:39,Fuel,Standard,39,"48,307.00",0,Low,0
TX000879,C0417,88.48,2024-02-22 05:42:40,Entertainment,Student,56,"20,560.00",0,Low,0
TX002432,C0082,88.38,2024-06-29 15:56:09,Online Shopping,Standard,42,"18,641.00",0,Low,0
TX000945,C0283,88.35,2024-05-03 15:08:44,Groceries,Standard,57,"40,171.00",0,Low,0
TX007738,C0171,88.32,2024-01-13 13:44:12,Groceries,Basic,27,"19,642.00",0,Low,0
TX000427,C0417,88.3,2024-08-27 11:04:05,Clothing,Student,56,"20,560.00",0,Low,0
TX001129,C0122,88.29,2024-04-07 14:50:31,ATM Withdrawal,Basic,27,"26,128.00",0,Low,0
TX001814,C0226,88.26,2024-06-23 06:26:56,Fuel,Premium,51,"125,610.00",0,Low,0
TX000625,C0366,88.23,2024-07-14 14:10:06,ATM Withdrawal,Student,33,"15,304.00",0,Low,0
TX000543,C0116,88.22,2024-02-09 10:56:42,Clothing,Standard,41,"57,963.00",0,Low,0
TX006508,C0250,88.19,2024-09-17 10:49:05,Healthcare,Standard,42,"55,233.00",0,Low,0
TX001125,C0375,88.17,2024-08-22 14:02:40,Dining,Standard,63,"71,369.00",0,Low,0
TX003084,C0204,88.16,2024-11-24 15:59:10,Fuel,Standard,50,"60,197.00",0,Low,0
TX001372,C0365,88.1,2024-06-13 15:52:52,Groceries,Student,46,"17,233.00",0,Low,0
TX003557,C0254,88.1,2024-09-18 15:03:43,Dining,Standard,50,"42,295.00",0,Low,0
TX007512,C0305,88.07,2024-05-24 12:05:01,Dining,Standard,37,"56,878.00",0,Low,0
TX001498,C0451,88.07,2024-08-20 16:36:35,Groceries,Basic,37,"9,568.00",0,Low,0
TX002531,C0288,88.05,2024-05-03 06:44:06,Groceries,Premium,45,"42,884.00",0,Low,0
TX003291,C0424,88.04,2024-08-01 00:06:49,Entertainment,Premium,49,"84,390.00",0,Low,1
TX004923,C0249,88.02,2024-03-06 06:52:22,Online Shopping,Basic,59,"28,615.00",0,Low,0
TX006632,C0256,88.02,2024-06-14 17:31:34,Clothing,Standard,32,"22,699.00",0,Low,0
TX006827,C0145,88.02,2024-10-18 21:51:15,Clothing,Basic,41,"43,471.00",0,Low,0
TX007994,C0146,88.02,2024-12-12 04:42:49,Groceries,Basic,47,"26,328.00",0,Low,1
TX002301,C0314,88,2024-08-19 04:01:25,Dining,Student,47,"21,998.00",0,Low,1
TX002382,C0033,87.94,2024-03-16 02:40:19,Fuel,Standard,37,"78,482.00",0,Low,1
TX006453,C0110,87.94,2024-06-14 10:34:22,Groceries,Student,37,"16,573.00",0,Low,0
TX002824,C0499,87.93,2024-10-20 10:08:08,Entertainment,Standard,27,"49,520.00",0,Low,0
TX005230,C0463,87.92,2024-02-23 13:18:50,Entertainment,Student,29,"9,084.00",0,Low,0
TX000211,C0462,87.91,2024-04-06 19:10:43,Groceries,Premium,38,"101,754.00",0,Low,0
TX004875,C0187,87.87,2024-01-18 23:49:41,Healthcare,Premium,43,"80,350.00",0,Low,0
TX007544,C0314,87.86,2024-01-14 23:20:41,Fuel,Student,47,"21,998.00",0,Low,0
TX006188,C0459,87.84,2024-01-28 22:17:28,Clothing,Premium,31,"72,704.00",0,Low,0
TX002545,C0409,87.81,2024-12-15 16:21:29,Entertainment,Standard,39,"63,047.00",0,Low,0
TX004236,C0315,87.78,2024-12-16 02:08:08,Entertainment,Basic,53,"20,049.00",0,Low,1
TX006321,C0214,87.74,2024-05-12 23:02:45,Entertainment,Standard,45,"83,710.00",0,Low,0
TX005470,C0015,87.74,2024-08-10 18:14:40,Dining,Premium,18,"80,766.00",0,Low,0
TX002121,C0271,87.72,2024-01-03 09:55:27,Entertainment,Basic,55,"41,074.00",0,Low,0
TX002760,C0495,87.69,2024-02-07 22:35:36,Clothing,Basic,56,"33,679.00",0,Low,0
TX001603,C0338,87.69,2024-08-28 10:29:59,Groceries,Premium,34,"167,391.00",0,Low,0
TX007782,C0362,87.66,2024-05-22 01:16:30,Clothing,Premium,56,"102,570.00",0,Low,1
TX005155,C0014,87.66,2024-12-21 09:27:12,Dining,Student,18,"23,653.00",1,Low,0
TX003391,C0049,87.61,2024-09-19 08:23:31,Online Shopping,Standard,42,"82,699.00",0,Low,0
TX001471,C0480,87.61,2024-12-21 09:49:06,Healthcare,Standard,51,"51,860.00",0,Low,0
TX003429,C0112,87.59,2024-02-04 16:11:11,Clothing,Basic,37,"35,081.00",0,Low,0
TX005384,C0260,87.59,2024-02-12 08:06:38,Clothing,Student,47,"19,039.00",0,Low,0
TX000725,C0066,87.59,2024-12-13 00:53:16,Healthcare,Basic,54,"40,633.00",0,Low,1
TX005789,C0370,87.58,2024-09-05 06:47:10,Healthcare,Basic,28,"18,690.00",0,Low,0
TX005651,C0192,87.54,2024-01-16 19:27:40,Dining,Basic,48,"31,910.00",0,Low,0
TX005979,C0391,87.52,2024-02-13 13:32:48,Dining,Student,27,"8,000.00",0,Low,0
TX001252,C0397,87.49,2024-06-17 21:21:14,Entertainment,Student,18,"14,975.00",0,Low,0
TX001626,C0394,87.46,2024-01-22 20:50:17,Groceries,Standard,59,"22,706.00",0,Low,0
TX002147,C0279,87.45,2024-08-26 14:43:29,ATM Withdrawal,Premium,38,"67,381.00",0,Low,0
TX004430,C0195,87.45,2024-12-24 11:20:05,Groceries,Standard,40,"53,925.00",0,Low,0
TX007119,C0332,87.43,2024-11-09 18:31:12,Fuel,Basic,27,"28,823.00",0,Low,0
TX000189,C0473,87.28,2024-03-10 10:13:48,Dining,Basic,19,"26,453.00",0,Low,0
TX006990,C0211,87.27,2024-08-17 03:02:25,Healthcare,Student,44,"17,451.00",0,Low,1
TX003251,C0214,87.26,2024-09-20 06:26:26,Fuel,Standard,45,"83,710.00",0,Low,0
TX002563,C0434,87.21,2024-09-13 20:23:41,Entertainment,Basic,46,"34,799.00",0,Low,0
TX002938,C0182,87.18,2024-11-10 03:27:52,Dining,Basic,27,"26,575.00",1,Low,1
TX002233,C0123,87.17,2024-02-03 23:14:34,Groceries,Basic,54,"27,437.00",0,Low,0
TX002266,C0073,87.17,2024-05-02 04:17:21,Fuel,Standard,37,"54,397.00",0,Low,1
TX001935,C0184,87.15,2024-01-24 06:32:12,Clothing,Basic,43,"36,801.00",0,Low,0
TX003609,C0286,87.15,2024-12-15 18:56:23,Clothing,Basic,18,"41,136.00",0,Low,0
TX004693,C0115,87.14,2024-06-10 09:45:37,Groceries,Premium,35,"129,521.00",0,Low,0
TX007998,C0476,87.13,2024-01-22 12:40:58,Online Shopping,Standard,35,"80,675.00",0,Low,0
TX005666,C0093,87.12,2024-04-29 00:55:05,Online Shopping,Premium,29,"83,371.00",1,Low,1
TX002117,C0494,87.02,2024-08-31 08:46:17,Online Shopping,Basic,27,"23,972.00",0,Low,0
TX004131,C0389,87.01,2024-11-15 18:45:01,Fuel,Standard,49,"43,210.00",0,Low,0
TX003766,C0076,86.98,2024-06-07 01:17:57,Online Shopping,Standard,47,"44,784.00",0,Low,1
TX004801,C0500,86.98,2024-07-22 10:18:03,Online Shopping,Student,21,"15,738.00",0,Low,0
TX002754,C0165,86.96,2024-11-16 04:15:35,Groceries,Standard,49,"66,575.00",0,Low,1
TX002494,C0083,86.96,2024-12-28 06:10:45,Dining,Standard,55,"31,241.00",0,Low,0
TX005925,C0198,86.93,2024-05-16 02:00:03,Fuel,Standard,39,"55,779.00",0,Low,1
TX004110,C0457,86.93,2024-09-25 23:28:03,Clothing,Basic,36,"34,331.00",0,Low,0
TX000030,C0038,86.91,2024-08-08 08:38:24,Entertainment,Basic,18,"12,409.00",0,Low,0
TX005494,C0500,86.91,2024-12-09 01:37:15,Online Shopping,Student,21,"15,738.00",0,Low,1
TX005107,C0232,86.88,2024-02-01 18:47:05,Clothing,Standard,40,"43,685.00",0,Low,0
TX003012,C0426,86.88,2024-05-17 01:00:39,Clothing,Student,54,"17,118.00",0,Low,1
TX005190,C0168,86.88,2024-10-16 05:41:42,Clothing,Student,60,"8,041.00",0,Low,0
TX000354,C0069,86.85,2024-02-12 02:23:37,Fuel,Premium,42,"87,307.00",0,Low,1
TX003765,C0184,86.79,2024-08-18 00:42:11,Entertainment,Basic,43,"36,801.00",0,Low,1
TX001025,C0301,86.78,2024-02-23 20:34:28,Clothing,Standard,28,"54,705.00",0,Low,0
TX003456,C0106,86.78,2024-08-03 14:58:21,Online Shopping,Basic,42,"37,397.00",0,Low,0
TX003597,C0423,86.78,2024-09-13 01:05:24,Healthcare,Basic,35,"25,123.00",0,Low,1
TX004867,C0377,86.77,2024-01-16 11:33:48,Groceries,Premium,48,"57,230.00",0,Low,0
TX004948,C0172,86.77,2024-08-14 05:09:01,Healthcare,Standard,28,"72,412.00",0,Low,0
TX004026,C0363,86.73,2024-04-13 09:24:57,Dining,Basic,36,"24,359.00",1,Low,0
TX006610,C0197,86.71,2024-11-21 04:14:09,Entertainment,Standard,27,"65,914.00",0,Low,1
TX004916,C0019,86.7,2024-05-18 22:07:02,Clothing,Premium,27,"87,141.00",0,Low,0
TX002996,C0413,86.7,2024-06-28 23:23:53,Groceries,Standard,19,"71,288.00",0,Low,0
TX007279,C0374,86.7,2024-09-04 11:05:36,Dining,Basic,49,"39,888.00",0,Low,0
TX003013,C0332,86.66,2024-09-24 04:11:21,Entertainment,Basic,27,"28,823.00",0,Low,1
TX005878,C0061,86.65,2024-06-16 04:26:12,Groceries,Premium,32,"100,281.00",0,Low,1
TX000307,C0303,86.62,2024-04-22 12:20:35,Entertainment,Premium,46,"96,717.00",0,Low,0
TX001002,C0397,86.61,2024-09-07 06:33:32,Online Shopping,Student,18,"14,975.00",0,Low,0
TX003292,C0299,86.61,2024-12-10 16:04:35,Fuel,Standard,47,"31,105.00",0,Low,0
TX007456,C0097,86.6,2024-12-07 16:21:34,Healthcare,Premium,41,"82,584.00",0,Low,0
TX003525,C0246,86.59,2024-09-02 02:06:55,Healthcare,Basic,33,"41,005.00",0,Low,1
TX007082,C0478,86.55,2024-12-15 16:46:34,Entertainment,Premium,41,"41,593.00",0,Low,0
TX000519,C0059,86.54,2024-01-08 01:47:51,Online Shopping,Basic,41,"29,342.00",1,Low,1
TX004736,C0376,86.53,2024-11-11 11:06:45,Healthcare,Premium,28,"108,274.00",0,Low,0
TX005506,C0409,86.51,2024-12-07 06:58:10,Clothing,Standard,39,"63,047.00",0,Low,0
TX000103,C0483,86.47,2024-09-05 19:46:58,Healthcare,Basic,18,"25,155.00",0,Low,0
TX006867,C0471,86.42,2024-06-15 20:30:29,Groceries,Standard,34,"54,590.00",0,Low,0
TX003579,C0399,86.36,2024-02-16 20:37:27,Online Shopping,Basic,36,"30,654.00",0,Low,0
TX002043,C0346,86.36,2024-03-09 16:18:37,Healthcare,Basic,40,"28,371.00",0,Low,0
TX002594,C0304,86.31,2024-05-30 06:34:43,Healthcare,Basic,45,"40,913.00",0,Low,0
TX007748,C0146,86.26,2024-04-22 12:55:13,Healthcare,Basic,47,"26,328.00",0,Low,0
TX007582,C0449,86.26,2024-10-08 02:20:53,Groceries,Standard,31,"69,243.00",0,Low,1
TX005201,C0419,86.25,2024-10-13 06:35:25,Healthcare,Standard,52,"55,155.00",0,Low,0
TX005890,C0377,86.2,2024-02-23 16:27:04,Fuel,Premium,48,"57,230.00",1,Low,0
TX001153,C0167,86.2,2024-09-02 23:57:57,Fuel,Standard,47,"72,231.00",0,Low,0
TX004529,C0206,86.19,2024-09-12 23:30:38,Clothing,Standard,26,"11,556.00",0,Low,0
TX001283,C0483,86.17,2024-09-04 14:36:11,ATM Withdrawal,Basic,18,"25,155.00",0,Low,0
TX007258,C0166,86.16,2024-03-17 07:35:46,Groceries,Standard,42,"12,271.00",0,Low,0
TX004449,C0381,86.11,2024-04-10 18:38:10,Groceries,Premium,27,"159,579.00",0,Low,0
TX000522,C0192,86.11,2024-05-07 17:39:09,Dining,Basic,48,"31,910.00",0,Low,0
TX000526,C0448,86.11,2024-10-02 07:04:58,Healthcare,Standard,26,"72,859.00",0,Low,0
TX000787,C0334,86.09,2024-12-23 18:56:34,Entertainment,Basic,29,"47,684.00",0,Low,0
TX000273,C0188,86.08,2024-08-30 03:17:06,Dining,Standard,37,"86,151.00",0,Low,1
TX007736,C0032,86.06,2024-05-10 16:50:31,ATM Withdrawal,Standard,60,"60,658.00",0,Low,0
TX007256,C0238,86.06,2024-11-26 03:29:11,Fuel,Standard,40,"61,803.00",0,Low,1
TX003938,C0335,86.05,2024-03-01 10:42:25,Online Shopping,Standard,49,"46,637.00",0,Low,0
TX006184,C0436,86.05,2024-09-04 21:49:48,Clothing,Standard,38,"73,281.00",0,Low,0
TX002404,C0215,86.04,2024-08-12 06:53:03,Entertainment,Basic,34,"28,474.00",0,Low,0
TX006984,C0412,86.02,2024-06-14 09:34:08,Entertainment,Standard,24,"54,863.00",0,Low,0
TX002613,C0179,86.01,2024-08-28 07:37:51,Groceries,Student,34,"18,985.00",0,Low,0
TX007680,C0022,85.99,2024-11-28 10:53:52,Healthcare,Student,35,"15,746.00",0,Low,0
TX007855,C0058,85.96,2024-05-19 05:48:59,Fuel,Student,34,"20,775.00",0,Low,0
TX004161,C0125,85.96,2024-06-22 22:37:32,Healthcare,Standard,45,"62,842.00",0,Low,0
TX001256,C0309,85.95,2024-06-13 03:40:02,Clothing,Basic,44,"30,390.00",0,Low,1
TX002787,C0495,85.93,2024-09-25 09:41:28,Groceries,Basic,56,"33,679.00",0,Low,0
TX002895,C0429,85.93,2024-10-24 22:39:28,Groceries,Basic,50,"30,515.00",1,Low,0
TX005385,C0426,85.92,2024-03-02 04:10:46,Online Shopping,Student,54,"17,118.00",0,Low,1
TX002533,C0176,85.91,2024-07-25 15:24:17,Groceries,Standard,47,"62,155.00",0,Low,0
TX006641,C0221,85.91,2024-09-25 00:38:21,Groceries,Premium,65,"162,102.00",1,Low,1
TX004303,C0164,85.87,2024-12-09 06:13:51,Entertainment,Premium,28,"78,881.00",0,Low,0
TX005620,C0264,85.84,2024-07-01 11:00:56,Dining,Standard,25,"50,127.00",0,Low,0
TX002725,C0336,85.82,2024-11-25 05:00:11,Groceries,Basic,36,"19,041.00",0,Low,0
TX005664,C0056,85.81,2024-04-28 21:00:00,Online Shopping,Standard,49,"60,280.00",0,Low,0
TX003937,C0405,85.79,2024-02-20 17:21:44,Dining,Basic,32,"24,655.00",0,Low,0
TX003886,C0059,85.77,2024-07-05 07:12:32,Clothing,Basic,41,"29,342.00",0,Low,0
TX000949,C0362,85.77,2024-12-18 18:32:30,Groceries,Premium,56,"102,570.00",0,Low,0
TX001611,C0056,85.75,2024-08-22 03:08:04,Clothing,Standard,49,"60,280.00",0,Low,1
TX005418,C0279,85.71,2024-03-12 03:32:56,Healthcare,Premium,38,"67,381.00",0,Low,1
TX006218,C0254,85.64,2024-08-28 22:17:18,Fuel,Standard,50,"42,295.00",1,Low,0
TX006380,C0189,85.63,2024-04-30 04:32:40,Entertainment,Premium,27,"101,458.00",1,Low,1
TX005827,C0477,85.62,2024-01-23 23:26:15,Groceries,Basic,44,"19,024.00",0,Low,0
TX004250,C0141,85.59,2024-09-09 01:09:29,Dining,Basic,40,"20,193.00",0,Low,1
TX007561,C0449,85.58,2024-10-12 20:12:12,Dining,Standard,31,"69,243.00",0,Low,0
TX005438,C0493,85.53,2024-08-20 21:36:21,Groceries,Basic,38,"30,256.00",0,Low,0
TX001333,C0070,85.47,2024-06-08 18:01:08,Online Shopping,Basic,30,"41,520.00",0,Low,0
TX006723,C0168,85.45,2024-06-15 01:47:01,Groceries,Student,60,"8,041.00",0,Low,1
TX006125,C0275,85.44,2024-02-12 05:43:48,Groceries,Student,26,"18,035.00",0,Low,0
TX005560,C0237,85.43,2024-01-17 17:13:22,Dining,Basic,18,"42,909.00",0,Low,0
TX007497,C0412,85.38,2024-06-30 23:37:44,Groceries,Standard,24,"54,863.00",0,Low,0
TX000844,C0196,85.31,2024-11-06 21:27:50,Groceries,Student,42,"14,851.00",0,Low,0
TX005569,C0172,85.3,2024-08-03 17:31:55,Clothing,Standard,28,"72,412.00",0,Low,0
TX006060,C0324,85.27,2024-02-17 12:42:42,Entertainment,Basic,63,"47,161.00",0,Low,0
TX006471,C0431,85.24,2024-10-16 07:32:47,Clothing,Student,23,"11,242.00",0,Low,0
TX007177,C0077,85.24,2024-10-29 17:17:48,Dining,Standard,39,"67,609.00",0,Low,0
TX005866,C0477,85.22,2024-07-24 07:23:17,Healthcare,Basic,44,"19,024.00",0,Low,0
TX005940,C0097,85.2,2024-02-20 22:36:46,Online Shopping,Premium,41,"82,584.00",0,Low,0
TX002729,C0317,85.18,2024-12-14 05:44:08,Healthcare,Premium,46,"68,447.00",0,Low,0
TX007280,C0373,85.16,2024-12-28 01:29:37,Online Shopping,Premium,55,"67,934.00",1,Low,1
TX006421,C0426,85.13,2024-05-21 19:00:21,Entertainment,Student,54,"17,118.00",0,Low,0
TX006408,C0018,85.12,2024-08-29 17:04:38,Clothing,Student,41,"21,309.00",0,Low,0
TX002101,C0279,85.08,2024-07-16 21:07:07,Groceries,Premium,38,"67,381.00",0,Low,0
TX006376,C0410,85.08,2024-11-18 20:47:17,Groceries,Premium,44,"63,045.00",0,Low,0
TX002765,C0247,85.08,2024-12-29 21:21:47,Groceries,Standard,32,"52,749.00",0,Low,0
TX005363,C0009,85.06,2024-04-05 08:34:21,Groceries,Standard,32,"57,866.00",0,Low,0
TX002141,C0441,85.06,2024-05-28 04:48:00,Fuel,Basic,42,"25,092.00",0,Low,1
TX001227,C0124,85.06,2024-10-02 08:56:43,Online Shopping,Standard,21,"61,362.00",0,Low,0
TX006835,C0296,85.03,2024-08-09 02:21:40,Clothing,Student,29,"9,663.00",0,Low,1
TX004754,C0088,85.02,2024-05-01 18:04:11,Online Shopping,Student,41,"14,809.00",0,Low,0
TX007652,C0036,85,2024-08-02 10:25:46,Entertainment,Standard,23,"83,217.00",0,Low,0
TX007777,C0062,84.94,2024-03-19 00:42:45,Groceries,Basic,35,"33,654.00",0,Low,1
TX004216,C0483,84.94,2024-03-27 13:20:20,Groceries,Basic,18,"25,155.00",0,Low,0
TX006992,C0076,84.94,2024-08-05 09:00:30,Groceries,Standard,47,"44,784.00",0,Low,0
TX005015,C0387,84.94,2024-10-18 20:11:01,Online Shopping,Student,42,"17,832.00",0,Low,0
TX003159,C0415,84.88,2024-10-27 17:58:20,Groceries,Premium,41,"89,249.00",0,Low,0
TX000624,C0454,84.86,2024-02-13 15:17:58,Fuel,Standard,44,"51,628.00",0,Low,0
TX005013,C0123,84.83,2024-02-13 01:01:45,Healthcare,Basic,54,"27,437.00",0,Low,1
TX005131,C0118,84.8,2024-09-14 02:08:18,Dining,Premium,23,"69,324.00",1,Low,1
TX004981,C0085,84.76,2024-09-10 12:51:58,Online Shopping,Basic,28,"36,286.00",0,Low,0
TX000480,C0061,84.76,2024-10-06 10:36:30,Online Shopping,Premium,32,"100,281.00",0,Low,0
TX003378,C0407,84.74,2024-07-18 18:11:37,Healthcare,Standard,25,"52,375.00",0,Low,0
TX007321,C0410,84.6,2024-05-02 00:29:24,Groceries,Premium,44,"63,045.00",0,Low,1
TX000523,C0243,84.6,2024-08-25 07:15:44,Dining,Standard,44,"63,961.00",0,Low,0
TX001569,C0079,84.6,2024-10-27 12:27:11,Online Shopping,Standard,39,"48,307.00",0,Low,0
TX003125,C0176,84.58,2024-05-05 12:17:38,Groceries,Standard,47,"62,155.00",0,Low,0
TX005308,C0433,84.57,2024-09-09 00:45:21,Dining,Student,34,"10,161.00",0,Low,1
TX007505,C0249,84.53,2024-05-26 08:17:15,Groceries,Basic,59,"28,615.00",0,Low,0
TX007201,C0181,84.53,2024-12-15 10:58:27,Online Shopping,Basic,45,"17,547.00",0,Low,0
TX005474,C0035,84.52,2024-10-07 13:52:34,ATM Withdrawal,Standard,47,"46,672.00",0,Low,0
TX000157,C0003,84.51,2024-05-03 09:37:46,Healthcare,Standard,45,"73,097.00",0,Low,0
TX000339,C0350,84.51,2024-06-17 00:15:22,Clothing,Basic,35,"20,208.00",0,Low,1
TX006705,C0150,84.5,2024-02-09 06:51:28,Clothing,Student,41,"18,534.00",0,Low,0
TX004049,C0429,84.47,2024-10-13 01:59:11,Groceries,Basic,50,"30,515.00",0,Low,1
TX004127,C0452,84.46,2024-04-17 09:38:45,Groceries,Standard,49,"69,014.00",0,Low,0
TX007817,C0204,84.45,2024-08-02 10:13:28,Dining,Standard,50,"60,197.00",0,Low,0
TX007295,C0016,84.35,2024-06-19 07:17:59,ATM Withdrawal,Standard,31,"58,287.00",0,Low,0
TX003469,C0469,84.32,2024-05-30 02:51:00,Dining,Premium,31,"125,897.00",0,Low,1
TX002392,C0478,84.27,2024-11-10 20:41:46,Online Shopping,Premium,41,"41,593.00",0,Low,0
TX000398,C0391,84.23,2024-07-30 16:40:00,Dining,Student,27,"8,000.00",0,Low,0
TX006795,C0068,84.18,2024-06-27 02:01:01,Entertainment,Basic,50,"35,672.00",0,Low,1
TX007115,C0342,84.17,2024-11-10 14:53:42,Groceries,Standard,40,"46,696.00",0,Low,0
TX000662,C0227,84.16,2024-04-20 21:35:56,Entertainment,Basic,38,"35,109.00",0,Low,0
TX005744,C0318,84.12,2024-11-15 01:59:00,Clothing,Standard,34,"68,423.00",0,Low,1
TX000356,C0320,84.11,2024-03-06 04:15:14,Groceries,Premium,36,"127,432.00",0,Low,1
TX000241,C0359,84.11,2024-06-02 00:24:36,Groceries,Standard,41,"73,415.00",0,Low,1
TX006187,C0410,84.09,2024-02-05 03:52:57,Clothing,Premium,44,"63,045.00",0,Low,1
TX001206,C0154,84.08,2024-04-23 06:00:18,Online Shopping,Basic,40,"41,040.00",0,Low,0
TX004311,C0356,84.05,2024-01-10 14:57:23,Groceries,Premium,25,"115,005.00",0,Low,0
TX002898,C0139,84.03,2024-12-29 16:23:39,Groceries,Student,47,"13,067.00",0,Low,0
TX006922,C0118,83.99,2024-01-23 10:27:45,Groceries,Premium,23,"69,324.00",0,Low,0
TX007610,C0397,83.99,2024-11-12 10:26:09,Groceries,Student,18,"14,975.00",0,Low,0
TX002541,C0419,83.93,2024-02-15 08:19:03,ATM Withdrawal,Standard,52,"55,155.00",0,Low,0
TX007386,C0051,83.92,2024-11-19 02:32:38,Online Shopping,Standard,41,"32,117.00",0,Low,1
TX003187,C0450,83.88,2024-03-05 19:37:59,Dining,Basic,25,"18,120.00",0,Low,0
TX001398,C0480,83.87,2024-07-11 15:16:42,Groceries,Standard,51,"51,860.00",0,Low,0
TX007330,C0471,83.8,2024-10-10 03:33:55,Online Shopping,Standard,34,"54,590.00",0,Low,1
TX004029,C0355,83.77,2024-03-09 23:49:26,Clothing,Student,37,"16,323.00",0,Low,0
TX005556,C0035,83.74,2024-02-21 16:19:57,Online Shopping,Standard,47,"46,672.00",0,Low,0
TX003692,C0310,83.73,2024-07-28 00:39:01,Online Shopping,Standard,35,"55,608.00",0,Low,1
TX002604,C0174,83.72,2024-02-21 00:54:44,Clothing,Standard,42,"60,197.00",0,Low,1
TX001440,C0232,83.71,2024-10-23 22:20:15,Healthcare,Standard,40,"43,685.00",0,Low,0
TX004095,C0440,83.65,2024-01-13 06:25:04,Groceries,Standard,37,"49,943.00",0,Low,0
TX006489,C0280,83.62,2024-08-16 17:15:20,Healthcare,Student,33,"13,877.00",0,Low,0
TX005369,C0272,83.57,2024-01-31 19:21:24,Clothing,Standard,20,"63,458.00",0,Low,0
TX000848,C0002,83.55,2024-04-25 13:57:06,Groceries,Basic,36,"31,173.00",0,Low,0
TX003271,C0222,83.54,2024-03-07 02:45:00,ATM Withdrawal,Standard,18,"54,135.00",0,Low,1
TX005980,C0105,83.54,2024-04-11 04:25:16,Clothing,Standard,36,"75,990.00",0,Low,1
TX002426,C0058,83.54,2024-05-11 01:10:59,Healthcare,Student,34,"20,775.00",0,Low,1
TX000203,C0420,83.51,2024-11-05 18:34:28,Groceries,Basic,38,"19,505.00",0,Low,0
TX001944,C0274,83.51,2024-12-23 02:11:58,Entertainment,Basic,38,"36,827.00",1,Low,1
TX001131,C0188,83.5,2024-09-13 11:38:28,Clothing,Standard,37,"86,151.00",0,Low,0
TX005071,C0012,83.48,2024-04-24 19:00:53,Online Shopping,Standard,32,"66,193.00",0,Low,0
TX006434,C0477,83.48,2024-10-06 20:39:01,Groceries,Basic,44,"19,024.00",0,Low,0
TX002736,C0150,83.47,2024-01-03 21:48:35,Entertainment,Student,41,"18,534.00",0,Low,0
TX002034,C0468,83.45,2024-12-02 14:42:02,Online Shopping,Basic,47,"22,215.00",0,Low,0
TX004602,C0397,83.43,2024-01-08 22:06:14,Groceries,Student,18,"14,975.00",0,Low,0
TX006165,C0134,83.41,2024-08-22 23:57:40,Groceries,Basic,43,"21,817.00",0,Low,0
TX002153,C0318,83.38,2024-01-21 11:34:00,Entertainment,Standard,34,"68,423.00",0,Low,0
TX003242,C0321,83.37,2024-04-19 01:24:36,Clothing,Standard,39,"44,897.00",0,Low,1
TX003265,C0043,83.36,2024-11-26 21:10:19,Entertainment,Standard,36,"58,657.00",0,Low,0
TX000881,C0445,83.33,2024-04-02 16:50:29,Dining,Student,22,"15,642.00",0,Low,0
TX004457,C0374,83.29,2024-05-15 13:27:08,Clothing,Basic,49,"39,888.00",0,Low,0
TX004701,C0440,83.27,2024-02-11 00:22:35,Online Shopping,Standard,37,"49,943.00",0,Low,1
TX002203,C0039,83.22,2024-04-09 18:20:41,Groceries,Standard,22,"61,600.00",0,Low,0
TX006405,C0472,83.2,2024-12-18 21:12:47,Groceries,Standard,18,"41,000.00",0,Low,0
TX003111,C0413,83.17,2024-10-14 02:11:00,Entertainment,Standard,19,"71,288.00",0,Low,1
TX003522,C0412,83.13,2024-04-21 04:16:41,Groceries,Standard,24,"54,863.00",0,Low,1
TX005800,C0435,83.13,2024-08-14 15:31:59,ATM Withdrawal,Basic,56,"42,246.00",0,Low,0
TX000429,C0007,83.12,2024-10-01 02:26:55,Clothing,Premium,56,"90,862.00",1,Low,1
TX006282,C0405,83.06,2024-05-26 17:45:34,Entertainment,Basic,32,"24,655.00",0,Low,0
TX002195,C0206,83.03,2024-06-08 12:53:35,Groceries,Standard,26,"11,556.00",0,Low,0
TX004644,C0129,82.97,2024-10-10 18:11:13,Groceries,Basic,39,"43,820.00",0,Low,0
TX007550,C0087,82.94,2024-09-06 11:48:16,Fuel,Standard,48,"40,495.00",0,Low,0
TX006474,C0089,82.92,2024-09-25 08:06:27,Dining,Standard,31,"54,945.00",0,Low,0
TX005553,C0200,82.91,2024-07-30 11:04:06,Online Shopping,Standard,24,"53,789.00",0,Low,0
TX002341,C0002,82.88,2024-07-01 16:04:48,Groceries,Basic,36,"31,173.00",0,Low,0
TX003998,C0013,82.85,2024-01-15 05:57:37,Groceries,Standard,40,"64,682.00",1,Low,0
TX007302,C0350,82.85,2024-06-12 20:01:36,Online Shopping,Basic,35,"20,208.00",0,Low,0
TX004420,C0260,82.84,2024-02-14 12:22:59,Groceries,Student,47,"19,039.00",0,Low,0
TX007334,C0399,82.82,2024-07-30 07:27:57,Entertainment,Basic,36,"30,654.00",0,Low,0
TX006733,C0080,82.82,2024-11-14 03:21:15,Dining,Basic,18,"14,883.00",0,Low,1
TX007701,C0049,82.76,2024-04-28 23:52:30,Dining,Standard,42,"82,699.00",0,Low,0
TX002650,C0063,82.73,2024-07-14 20:18:28,Entertainment,Student,24,"17,279.00",0,Low,0
TX002587,C0318,82.71,2024-07-12 15:15:09,Groceries,Standard,34,"68,423.00",0,Low,0
TX005378,C0079,82.69,2024-08-20 17:09:14,Groceries,Standard,39,"48,307.00",0,Low,0
TX004444,C0084,82.68,2024-03-20 11:49:30,Dining,Standard,31,"66,406.00",0,Low,0
TX002181,C0239,82.63,2024-01-29 01:58:20,Online Shopping,Standard,30,"51,337.00",0,Low,1
TX001218,C0399,82.56,2024-03-27 05:42:54,Online Shopping,Basic,36,"30,654.00",0,Low,0
TX004733,C0052,82.49,2024-04-09 00:40:44,Online Shopping,Basic,33,"24,464.00",0,Low,1
TX006016,C0320,82.47,2024-04-19 21:23:36,Groceries,Premium,36,"127,432.00",0,Low,0
TX003064,C0110,82.43,2024-10-01 13:34:47,Online Shopping,Student,37,"16,573.00",0,Low,0
TX005694,C0069,82.42,2024-10-15 04:25:53,Groceries,Premium,42,"87,307.00",0,Low,1
TX006207,C0304,82.41,2024-01-12 23:51:06,Dining,Basic,45,"40,913.00",0,Low,0
TX002961,C0348,82.34,2024-02-16 11:34:18,Healthcare,Basic,21,"21,881.00",0,Low,0
TX005183,C0177,82.34,2024-08-08 14:53:47,Dining,Standard,38,"56,152.00",0,Low,0
TX000518,C0444,82.3,2024-01-30 21:29:54,Dining,Student,36,"15,681.00",0,Low,0
TX006868,C0372,82.28,2024-11-03 04:23:22,Clothing,Basic,43,"22,768.00",0,Low,1
TX005462,C0382,82.18,2024-05-19 17:19:09,Groceries,Standard,30,"60,899.00",0,Low,0
TX001872,C0489,82.18,2024-12-14 05:20:42,Clothing,Basic,58,"35,936.00",0,Low,0
TX006429,C0057,82.16,2024-03-17 18:59:08,Groceries,Standard,27,"36,226.00",0,Low,0
TX005819,C0470,82.14,2024-04-17 00:09:51,Entertainment,Standard,31,"52,622.00",0,Low,1
TX001477,C0358,82.14,2024-09-22 09:13:56,Entertainment,Student,34,"16,496.00",0,Low,0
TX006194,C0140,82.13,2024-06-27 22:35:35,Clothing,Basic,23,"42,591.00",0,Low,0
TX004649,C0326,82.12,2024-02-24 14:19:15,Fuel,Premium,23,"99,294.00",0,Low,0
TX003784,C0010,82.11,2024-08-29 03:56:05,Groceries,Standard,44,"55,696.00",0,Low,1
TX001804,C0045,82.1,2024-05-30 20:31:11,Entertainment,Standard,20,"35,795.00",0,Low,0
TX003420,C0192,82.05,2024-04-18 01:09:15,Dining,Basic,48,"31,910.00",0,Low,1
TX003676,C0481,82,2024-05-17 16:15:23,Online Shopping,Standard,36,"44,963.00",0,Low,0
TX001926,C0156,82,2024-06-17 18:26:02,Clothing,Student,29,"16,583.00",0,Low,0
TX006764,C0246,81.95,2024-03-10 16:24:38,Groceries,Basic,33,"41,005.00",0,Low,0
TX000795,C0102,81.94,2024-04-10 19:55:38,Clothing,Basic,32,"35,126.00",0,Low,0
TX006430,C0180,81.94,2024-11-20 22:33:40,Clothing,Standard,70,"47,593.00",0,Low,0
TX006987,C0419,81.94,2024-12-26 23:38:26,Fuel,Standard,52,"55,155.00",0,Low,0
TX004272,C0151,81.93,2024-06-26 22:26:42,Groceries,Standard,41,"64,784.00",0,Low,0
TX001349,C0417,81.92,2024-06-17 12:18:59,Groceries,Student,56,"20,560.00",0,Low,0
TX004822,C0337,81.92,2024-07-25 23:17:50,Groceries,Standard,28,"53,675.00",0,Low,0
TX005140,C0319,81.92,2024-09-03 13:20:39,Fuel,Basic,41,"27,640.00",0,Low,0
TX007043,C0167,81.91,2024-01-15 16:52:17,Clothing,Standard,47,"72,231.00",0,Low,0
TX006716,C0232,81.89,2024-03-06 12:52:38,Online Shopping,Standard,40,"43,685.00",0,Low,0
TX006290,C0472,81.89,2024-10-19 10:23:11,Dining,Standard,18,"41,000.00",0,Low,0
TX002634,C0445,81.87,2024-09-06 06:34:20,Fuel,Student,22,"15,642.00",0,Low,0
TX002075,C0237,81.86,2024-05-31 02:01:41,Dining,Basic,18,"42,909.00",0,Low,1
TX006647,C0004,81.85,2024-04-27 22:58:35,Groceries,Student,56,"11,732.00",0,Low,0
TX003689,C0493,81.84,2024-08-12 16:43:55,Groceries,Basic,38,"30,256.00",0,Low,0
TX000284,C0030,81.83,2024-04-06 08:29:56,Groceries,Standard,34,"32,152.00",0,Low,0
TX007933,C0190,81.81,2024-09-08 07:10:01,Healthcare,Student,19,"16,720.00",0,Low,0
TX003997,C0462,81.8,2024-08-12 09:11:38,Entertainment,Premium,38,"101,754.00",0,Low,0
TX004172,C0237,81.79,2024-03-16 11:22:50,Entertainment,Basic,18,"42,909.00",0,Low,0
TX004745,C0358,81.79,2024-11-12 08:55:45,Fuel,Student,34,"16,496.00",0,Low,0
TX002365,C0126,81.76,2024-12-25 02:58:05,Clothing,Standard,64,"46,394.00",0,Low,1
TX006664,C0427,81.74,2024-06-28 03:48:10,Entertainment,Student,26,"14,718.00",0,Low,1
TX000137,C0258,81.73,2024-01-26 06:18:05,Clothing,Standard,29,"35,153.00",0,Low,0
TX002179,C0499,81.73,2024-09-17 03:21:06,Fuel,Standard,27,"49,520.00",0,Low,1
TX001771,C0162,81.72,2024-03-16 15:45:12,Dining,Standard,47,"72,590.00",0,Low,0
TX001765,C0181,81.67,2024-03-30 23:30:27,Healthcare,Basic,45,"17,547.00",0,Low,0
TX001922,C0333,81.61,2024-06-14 12:04:01,Healthcare,Basic,38,"37,711.00",1,Low,0
TX001773,C0134,81.6,2024-04-25 17:16:36,Entertainment,Basic,43,"21,817.00",0,Low,0
TX005415,C0246,81.6,2024-09-30 10:02:10,Entertainment,Basic,33,"41,005.00",0,Low,0
TX006108,C0019,81.58,2024-06-09 11:28:21,Groceries,Premium,27,"87,141.00",0,Low,0
TX001298,C0250,81.55,2024-04-22 23:56:14,Healthcare,Standard,42,"55,233.00",0,Low,0
TX004143,C0461,81.54,2024-01-10 23:35:31,Online Shopping,Standard,61,"46,806.00",0,Low,0
TX003787,C0152,81.51,2024-02-19 18:42:05,Healthcare,Premium,42,"42,708.00",0,Low,0
TX007653,C0439,81.5,2024-07-02 09:40:52,Clothing,Standard,18,"57,230.00",1,Low,0
TX002289,C0032,81.5,2024-09-05 19:48:09,Groceries,Standard,60,"60,658.00",0,Low,0
TX004137,C0193,81.42,2024-10-08 00:54:45,Groceries,Premium,40,"82,228.00",0,Low,1
TX002270,C0340,81.38,2024-02-19 16:27:01,Healthcare,Premium,31,"139,173.00",0,Low,0
TX007584,C0458,81.35,2024-03-17 11:57:44,Entertainment,Basic,25,"36,073.00",0,Low,0
TX006247,C0246,81.34,2024-11-28 07:00:28,Clothing,Basic,33,"41,005.00",0,Low,0
TX006393,C0408,81.29,2024-05-16 18:24:56,Fuel,Basic,36,"23,954.00",0,Low,0
TX002778,C0209,81.24,2024-01-28 07:30:54,Groceries,Standard,44,"71,622.00",0,Low,0
TX005099,C0441,81.21,2024-09-21 11:14:19,Online Shopping,Basic,42,"25,092.00",0,Low,0
TX005576,C0417,81.13,2024-06-04 13:36:44,Online Shopping,Student,56,"20,560.00",0,Low,0
TX005732,C0283,81.06,2024-02-18 10:33:25,Groceries,Standard,57,"40,171.00",0,Low,0
TX003474,C0447,81.06,2024-09-04 10:39:26,Online Shopping,Student,42,"16,747.00",0,Low,0
TX000317,C0240,81.03,2024-05-28 07:51:57,Healthcare,Student,48,"18,856.00",0,Low,0
TX005109,C0468,81.02,2024-01-17 20:11:03,Clothing,Basic,47,"22,215.00",0,Low,0
TX001635,C0024,80.97,2024-12-22 00:16:38,Entertainment,Standard,20,"57,911.00",0,Low,1
TX002896,C0271,80.96,2024-11-30 19:11:35,Entertainment,Basic,55,"41,074.00",0,Low,0
TX000578,C0268,80.94,2024-06-25 11:26:17,Online Shopping,Premium,20,"40,638.00",0,Low,0
TX004727,C0220,80.93,2024-10-15 01:17:28,Dining,Basic,38,"32,919.00",0,Low,1
TX000869,C0050,80.92,2024-02-23 03:11:29,Groceries,Basic,18,"21,439.00",0,Low,1
TX007354,C0097,80.91,2024-08-06 20:17:04,Groceries,Premium,41,"82,584.00",0,Low,0
TX005430,C0223,80.87,2024-04-13 09:40:54,Groceries,Standard,46,"58,016.00",0,Low,0
TX006738,C0027,80.86,2024-03-03 16:24:06,Groceries,Student,24,"15,531.00",0,Low,0
TX003663,C0190,80.84,2024-09-14 04:33:02,Groceries,Student,19,"16,720.00",0,Low,1
TX000505,C0330,80.82,2024-01-10 21:24:50,Dining,Standard,45,"53,052.00",0,Low,0
TX003021,C0104,80.8,2024-12-09 23:47:39,Groceries,Standard,28,"63,588.00",0,Low,0
TX000871,C0255,80.75,2024-07-25 13:31:47,Fuel,Basic,19,"22,068.00",0,Low,0
TX000474,C0490,80.71,2024-03-16 11:52:09,Groceries,Basic,48,"32,394.00",0,Low,0
TX003181,C0068,80.66,2024-07-03 08:54:25,Dining,Basic,50,"35,672.00",0,Low,0
TX006311,C0371,80.62,2024-09-27 21:44:31,Groceries,Standard,38,"53,331.00",0,Low,0
TX005040,C0136,80.6,2024-08-23 15:54:48,Fuel,Basic,56,"16,651.00",0,Low,0
TX005920,C0340,80.6,2024-11-27 13:59:43,Groceries,Premium,31,"139,173.00",0,Low,0
TX001871,C0159,80.58,2024-10-02 02:54:29,Entertainment,Basic,23,"25,597.00",0,Low,1
TX000489,C0177,80.52,2024-07-18 08:07:08,Groceries,Standard,38,"56,152.00",0,Low,0
TX005479,C0358,80.51,2024-02-07 16:47:42,Fuel,Student,34,"16,496.00",0,Low,0
TX002661,C0363,80.5,2024-09-05 14:02:52,Dining,Basic,36,"24,359.00",0,Low,0
TX003779,C0073,80.49,2024-04-19 23:49:55,Dining,Standard,37,"54,397.00",0,Low,0
TX000926,C0194,80.49,2024-04-22 18:15:07,Entertainment,Basic,23,"28,429.00",0,Low,0
TX000165,C0108,80.47,2024-11-09 18:24:21,Online Shopping,Basic,40,"24,824.00",0,Low,0
TX004656,C0188,80.46,2024-08-05 05:21:28,Groceries,Standard,37,"86,151.00",0,Low,0
TX003029,C0222,80.45,2024-09-20 13:03:13,Clothing,Standard,18,"54,135.00",0,Low,0
TX007058,C0166,80.44,2024-02-14 15:35:32,Online Shopping,Standard,42,"12,271.00",0,Low,0
TX005660,C0209,80.44,2024-08-04 08:06:37,Entertainment,Standard,44,"71,622.00",0,Low,0
TX004005,C0063,80.44,2024-10-29 01:05:26,Online Shopping,Student,24,"17,279.00",0,Low,1
TX006745,C0420,80.41,2024-08-13 18:03:16,Dining,Basic,38,"19,505.00",0,Low,0
TX002823,C0354,80.39,2024-06-17 15:29:55,Healthcare,Student,36,"8,776.00",0,Low,0
TX005862,C0381,80.3,2024-04-25 13:38:32,Healthcare,Premium,27,"159,579.00",0,Low,0
TX006252,C0071,80.28,2024-04-29 00:47:00,Entertainment,Standard,42,"44,854.00",0,Low,1
TX001575,C0274,80.27,2024-05-05 17:56:58,Clothing,Basic,38,"36,827.00",0,Low,0
TX006166,C0400,80.27,2024-05-26 02:03:47,Clothing,Standard,52,"53,516.00",0,Low,1
TX004586,C0206,80.2,2024-03-19 02:00:37,Dining,Standard,26,"11,556.00",1,Low,1
TX000003,C0152,80.11,2024-04-10 09:15:24,Online Shopping,Premium,42,"42,708.00",0,Low,0
TX007500,C0159,80.09,2024-05-16 11:10:39,Online Shopping,Basic,23,"25,597.00",0,Low,0
TX000242,C0405,80.09,2024-08-01 00:58:09,Groceries,Basic,32,"24,655.00",1,Low,1
TX003256,C0430,80.07,2024-05-21 17:17:17,Clothing,Standard,18,"25,368.00",0,Low,0
TX006463,C0436,80.06,2024-01-31 00:21:09,Online Shopping,Standard,38,"73,281.00",0,Low,1
TX003710,C0006,80.05,2024-12-29 18:29:17,Groceries,Standard,35,"49,099.00",0,Low,0
TX006044,C0429,80.03,2024-06-24 00:34:46,Dining,Basic,50,"30,515.00",0,Low,1
TX001509,C0053,79.95,2024-05-13 17:02:14,Clothing,Basic,29,"29,635.00",0,Low,0
TX003497,C0497,79.88,2024-11-13 08:04:51,ATM Withdrawal,Basic,25,"46,107.00",0,Low,0
TX000675,C0395,79.85,2024-08-14 16:11:57,Dining,Student,52,"16,554.00",0,Low,0
TX005489,C0179,79.81,2024-04-07 05:59:00,Clothing,Student,34,"18,985.00",0,Low,0
TX006877,C0018,79.78,2024-08-17 22:09:09,Entertainment,Student,41,"21,309.00",0,Low,0
TX007985,C0422,79.77,2024-09-11 03:44:03,Entertainment,Student,59,"13,779.00",0,Low,1
TX000932,C0257,79.76,2024-09-29 19:55:56,Online Shopping,Basic,53,"24,888.00",0,Low,0
TX007096,C0198,79.75,2024-07-29 13:15:17,Groceries,Standard,39,"55,779.00",0,Low,0
TX004848,C0001,79.75,2024-11-12 12:03:00,Fuel,Basic,43,"28,663.00",0,Low,0
TX003830,C0372,79.74,2024-04-30 18:15:14,Fuel,Basic,43,"22,768.00",0,Low,0
TX002978,C0295,79.74,2024-12-24 13:38:44,Groceries,Standard,42,"56,580.00",0,Low,0
TX002019,C0228,79.73,2024-05-17 09:47:28,Clothing,Standard,25,"37,854.00",0,Low,0
TX006702,C0446,79.68,2024-01-18 10:05:58,Groceries,Student,46,"15,012.00",0,Low,0
TX001384,C0328,79.67,2024-10-15 20:29:39,Groceries,Standard,47,"61,206.00",0,Low,0
TX002558,C0273,79.65,2024-05-24 15:57:07,Groceries,Premium,51,"107,842.00",0,Low,0
TX007873,C0397,79.64,2024-09-20 09:51:43,Groceries,Student,18,"14,975.00",0,Low,0
TX001397,C0114,79.64,2024-09-22 10:34:36,Fuel,Basic,67,"25,718.00",0,Low,0
TX006090,C0157,79.64,2024-09-22 22:08:01,Groceries,Student,60,"16,976.00",0,Low,0
TX006116,C0092,79.64,2024-12-25 09:12:27,ATM Withdrawal,Basic,49,"37,018.00",0,Low,0
TX005293,C0152,79.63,2024-05-09 16:29:28,Groceries,Premium,42,"42,708.00",0,Low,0
TX006698,C0246,79.63,2024-11-25 13:26:08,Entertainment,Basic,33,"41,005.00",0,Low,0
TX006979,C0335,79.61,2024-01-18 10:08:23,Dining,Standard,49,"46,637.00",0,Low,0
TX003446,C0278,79.57,2024-11-06 11:52:58,Dining,Standard,30,"54,061.00",0,Low,0
TX007112,C0451,79.55,2024-08-09 12:02:53,Entertainment,Basic,37,"9,568.00",0,Low,0
TX007036,C0035,79.55,2024-12-10 14:02:57,Online Shopping,Standard,47,"46,672.00",0,Low,0
TX003137,C0365,79.53,2024-04-30 23:53:17,Dining,Student,46,"17,233.00",0,Low,0
TX002792,C0234,79.52,2024-10-11 16:14:52,Clothing,Student,30,"16,315.00",1,Low,0
TX000270,C0082,79.49,2024-01-03 20:31:49,Dining,Standard,42,"18,641.00",0,Low,0
TX003881,C0237,79.45,2024-03-22 12:09:58,Fuel,Basic,18,"42,909.00",0,Low,0
TX000977,C0295,79.44,2024-02-21 00:26:47,Healthcare,Standard,42,"56,580.00",0,Low,1
TX002180,C0420,79.41,2024-05-25 09:04:23,Entertainment,Basic,38,"19,505.00",0,Low,0
TX006055,C0352,79.39,2024-03-22 03:51:17,Clothing,Standard,55,"43,450.00",0,Low,1
TX007118,C0067,79.39,2024-05-31 10:50:35,Entertainment,Basic,37,"31,572.00",0,Low,0
TX004927,C0229,79.34,2024-10-07 13:12:08,Healthcare,Basic,29,"43,067.00",0,Low,0
TX006209,C0424,79.33,2024-11-10 00:45:35,ATM Withdrawal,Premium,49,"84,390.00",0,Low,1
TX001963,C0245,79.32,2024-01-09 07:09:41,Dining,Standard,23,"50,536.00",0,Low,0
TX004116,C0376,79.32,2024-05-07 01:18:51,Fuel,Premium,28,"108,274.00",0,Low,1
TX007745,C0417,79.3,2024-09-18 11:45:19,Clothing,Student,56,"20,560.00",0,Low,0
TX003592,C0315,79.28,2024-02-18 16:20:14,Clothing,Basic,53,"20,049.00",0,Low,0
TX004061,C0171,79.27,2024-06-12 00:10:16,Groceries,Basic,27,"19,642.00",0,Low,1
TX007533,C0129,79.23,2024-03-26 08:00:14,Dining,Basic,39,"43,820.00",0,Low,0
TX000049,C0324,79.18,2024-08-20 00:35:44,Groceries,Basic,63,"47,161.00",0,Low,1
TX007506,C0091,79.18,2024-12-02 05:34:57,Groceries,Student,39,"21,013.00",0,Low,0
TX003565,C0013,79.17,2024-08-28 08:04:50,Entertainment,Standard,40,"64,682.00",0,Low,0
TX003154,C0414,79.16,2024-04-08 08:07:08,Clothing,Standard,53,"62,120.00",0,Low,0
TX006559,C0228,79.16,2024-07-02 20:49:16,Groceries,Standard,25,"37,854.00",0,Low,0
TX000529,C0277,79.14,2024-01-08 10:31:44,Groceries,Standard,40,"56,563.00",0,Low,0
TX000278,C0366,79.12,2024-07-20 22:14:20,Clothing,Student,33,"15,304.00",0,Low,0
TX005691,C0487,79.1,2024-05-05 09:43:32,Entertainment,Standard,30,"87,359.00",0,Low,0
TX006904,C0354,79.07,2024-06-02 22:17:11,Healthcare,Student,36,"8,776.00",0,Low,0
TX001337,C0154,79.06,2024-06-11 03:10:50,Groceries,Basic,40,"41,040.00",0,Low,1
TX000737,C0456,79.03,2024-06-28 11:31:04,Dining,Standard,28,"27,970.00",1,Low,0
TX004816,C0320,79.03,2024-10-11 08:59:06,Groceries,Premium,36,"127,432.00",0,Low,0
TX003259,C0404,79.02,2024-07-27 19:05:30,Groceries,Student,38,"16,286.00",0,Low,0
TX000257,C0003,78.99,2024-01-27 17:45:50,Clothing,Standard,45,"73,097.00",0,Low,0
TX000024,C0261,78.98,2024-02-26 18:00:01,Entertainment,Basic,26,"24,494.00",0,Low,0
TX001481,C0145,78.96,2024-07-18 02:21:20,Groceries,Basic,41,"43,471.00",1,Low,1
TX004973,C0022,78.95,2024-04-19 05:49:10,Groceries,Student,35,"15,746.00",0,Low,0
TX001846,C0025,78.89,2024-11-06 15:16:59,Groceries,Standard,31,"71,104.00",0,Low,0
TX005998,C0097,78.8,2024-02-19 10:57:25,Groceries,Premium,41,"82,584.00",0,Low,0
TX003813,C0368,78.8,2024-02-28 17:57:36,Groceries,Standard,38,"41,189.00",0,Low,0
TX007240,C0020,78.78,2024-06-17 21:11:11,Dining,Standard,21,"59,185.00",0,Low,0
TX003532,C0247,78.76,2024-08-14 05:04:47,Fuel,Standard,32,"52,749.00",0,Low,0
TX001191,C0321,78.74,2024-09-15 23:12:39,Entertainment,Standard,39,"44,897.00",0,Low,0
TX000750,C0021,78.72,2024-04-24 19:10:13,Online Shopping,Student,55,"17,431.00",0,Low,0
TX005472,C0492,78.7,2024-06-28 14:25:18,Fuel,Student,55,"21,246.00",0,Low,0
TX000111,C0233,78.6,2024-11-15 16:28:18,Groceries,Basic,38,"29,486.00",0,Low,0
TX003412,C0031,78.59,2024-02-24 10:30:20,Groceries,Basic,30,"25,528.00",0,Low,0
TX002288,C0100,78.58,2024-07-18 03:42:38,Groceries,Standard,35,"50,783.00",0,Low,1
TX007200,C0313,78.56,2024-08-10 19:30:03,Groceries,Basic,47,"18,779.00",0,Low,0
TX001467,C0398,78.55,2024-11-20 15:54:06,Entertainment,Standard,54,"67,577.00",0,Low,0
TX001401,C0214,78.52,2024-04-19 22:05:04,Groceries,Standard,45,"83,710.00",0,Low,0
TX007609,C0483,78.49,2024-08-09 20:39:16,Groceries,Basic,18,"25,155.00",0,Low,0
TX006333,C0392,78.47,2024-08-23 19:20:01,Dining,Premium,43,"105,239.00",0,Low,0
TX005806,C0472,78.46,2024-11-21 13:04:19,Groceries,Standard,18,"41,000.00",0,Low,0
TX002998,C0401,78.43,2024-07-18 07:10:11,Online Shopping,Standard,18,"68,786.00",0,Low,0
TX001080,C0201,78.41,2024-03-19 11:36:07,Dining,Basic,42,"30,629.00",0,Low,0
TX005224,C0352,78.39,2024-02-03 01:04:08,Healthcare,Standard,55,"43,450.00",0,Low,1
TX007813,C0126,78.39,2024-08-01 12:55:24,Clothing,Standard,64,"46,394.00",0,Low,0
TX005571,C0041,78.37,2024-02-08 19:27:40,Entertainment,Standard,46,"39,681.00",0,Low,0
TX001507,C0221,78.36,2024-01-25 12:57:51,Groceries,Premium,65,"162,102.00",0,Low,0
TX007785,C0255,78.36,2024-10-24 12:08:37,Dining,Basic,19,"22,068.00",0,Low,0
TX001186,C0176,78.35,2024-01-07 20:10:33,Fuel,Standard,47,"62,155.00",0,Low,0
TX006638,C0166,78.33,2024-12-13 01:50:55,Entertainment,Standard,42,"12,271.00",0,Low,1
TX006782,C0206,78.32,2024-09-17 06:41:35,Fuel,Standard,26,"11,556.00",0,Low,0
TX006266,C0011,78.31,2024-09-03 09:58:29,Groceries,Standard,32,"34,602.00",0,Low,0
TX001473,C0045,78.3,2024-06-30 14:18:17,Healthcare,Standard,20,"35,795.00",0,Low,0
TX001943,C0089,78.3,2024-10-06 12:39:01,Clothing,Standard,31,"54,945.00",0,Low,0
TX004332,C0038,78.29,2024-04-09 10:21:01,Clothing,Basic,18,"12,409.00",0,Low,0
TX004514,C0334,78.29,2024-04-27 17:58:34,Clothing,Basic,29,"47,684.00",0,Low,0
TX005533,C0176,78.29,2024-08-04 10:12:07,Groceries,Standard,47,"62,155.00",0,Low,0
TX001865,C0102,78.26,2024-03-08 10:40:59,Online Shopping,Basic,32,"35,126.00",0,Low,0
TX000220,C0243,78.24,2024-04-18 07:09:37,Clothing,Standard,44,"63,961.00",0,Low,0
TX005357,C0329,78.21,2024-02-10 17:10:22,Clothing,Basic,45,"28,517.00",1,Low,0
TX003234,C0425,78.2,2024-02-09 10:59:44,Clothing,Standard,45,"55,849.00",0,Low,0
TX006071,C0149,78.19,2024-01-22 15:09:48,Clothing,Student,44,"14,309.00",0,Low,0
TX006834,C0445,78.16,2024-03-13 19:28:54,Online Shopping,Student,22,"15,642.00",0,Low,0
TX001050,C0420,78.15,2024-01-16 19:52:39,Groceries,Basic,38,"19,505.00",0,Low,0
TX005128,C0197,78.14,2024-05-07 20:47:12,Groceries,Standard,27,"65,914.00",0,Low,0
TX007468,C0276,78.14,2024-12-03 07:36:06,Dining,Standard,43,"59,217.00",0,Low,0
TX000155,C0353,78.13,2024-02-14 03:59:48,Online Shopping,Standard,48,"58,506.00",1,Low,1
TX002030,C0093,78.11,2024-02-18 22:39:08,Groceries,Premium,29,"83,371.00",0,Low,0
TX000281,C0152,78.08,2024-09-18 22:16:57,Healthcare,Premium,42,"42,708.00",0,Low,0
TX002411,C0029,78.05,2024-07-05 10:49:33,Groceries,Basic,30,"39,560.00",0,Low,0
TX003857,C0227,78.04,2024-07-20 08:38:42,Dining,Basic,38,"35,109.00",0,Low,0
TX003735,C0247,78.02,2024-07-06 13:43:03,Groceries,Standard,32,"52,749.00",0,Low,0
TX000055,C0119,78.01,2024-08-24 12:47:23,Entertainment,Standard,51,"81,039.00",0,Low,0
TX004814,C0244,78,2024-12-06 15:16:12,Clothing,Premium,48,"111,035.00",0,Low,0
TX007441,C0235,77.96,2024-03-13 04:56:49,Dining,Basic,63,"32,570.00",0,Low,1
TX005960,C0413,77.92,2024-07-21 03:52:27,Fuel,Standard,19,"71,288.00",0,Low,1
TX003337,C0366,77.9,2024-09-10 03:16:36,Healthcare,Student,33,"15,304.00",1,Low,1
TX007380,C0281,77.89,2024-01-23 01:54:09,Clothing,Premium,39,"39,211.00",0,Low,1
TX004331,C0403,77.89,2024-07-16 07:31:02,Groceries,Student,38,"16,069.00",0,Low,0
TX003727,C0058,77.88,2024-11-28 15:18:09,Dining,Student,34,"20,775.00",0,Low,0
TX007160,C0296,77.84,2024-07-21 11:14:14,Clothing,Student,29,"9,663.00",0,Low,0
TX007682,C0021,77.82,2024-07-26 13:04:11,Fuel,Student,55,"17,431.00",0,Low,0
TX007245,C0409,77.81,2024-04-12 14:44:17,Online Shopping,Standard,39,"63,047.00",0,Low,0
TX003666,C0107,77.81,2024-07-18 12:20:54,Clothing,Premium,60,"91,788.00",1,Low,0
TX006493,C0018,77.8,2024-09-12 23:02:51,Fuel,Student,41,"21,309.00",0,Low,0
TX005254,C0245,77.77,2024-09-13 17:22:55,Dining,Standard,23,"50,536.00",0,Low,0
TX004475,C0089,77.75,2024-06-09 03:10:39,Clothing,Standard,31,"54,945.00",0,Low,1
TX005787,C0305,77.73,2024-05-08 17:45:15,Groceries,Standard,37,"56,878.00",0,Low,0
TX005417,C0060,77.73,2024-08-02 21:13:29,Groceries,Student,49,"19,469.00",0,Low,0
TX000350,C0035,77.69,2024-05-25 21:10:57,Fuel,Standard,47,"46,672.00",0,Low,0
TX004895,C0222,77.61,2024-06-13 13:45:36,Entertainment,Standard,18,"54,135.00",0,Low,0
TX006854,C0095,77.59,2024-04-04 02:31:19,Fuel,Basic,33,"31,667.00",0,Low,1
TX005297,C0241,77.59,2024-11-05 02:00:07,Clothing,Premium,28,"125,684.00",0,Low,1
TX003806,C0340,77.57,2024-04-21 05:05:40,Online Shopping,Premium,31,"139,173.00",0,Low,0
TX001213,C0051,77.56,2024-11-26 15:52:59,Groceries,Standard,41,"32,117.00",0,Low,0
TX002618,C0390,77.55,2024-04-17 20:56:54,Entertainment,Premium,31,"50,063.00",0,Low,0
TX003940,C0022,77.55,2024-08-22 20:51:30,ATM Withdrawal,Student,35,"15,746.00",0,Low,0
TX007739,C0337,77.55,2024-09-03 09:23:11,Groceries,Standard,28,"53,675.00",0,Low,0
TX003601,C0473,77.53,2024-08-18 21:25:46,Entertainment,Basic,19,"26,453.00",0,Low,0
TX004781,C0235,77.49,2024-02-25 18:04:57,Groceries,Basic,63,"32,570.00",0,Low,0
TX003061,C0156,77.49,2024-03-23 13:52:56,Dining,Student,29,"16,583.00",0,Low,0
TX006928,C0329,77.43,2024-08-18 12:52:56,Clothing,Basic,45,"28,517.00",0,Low,0
TX003840,C0277,77.41,2024-08-01 05:19:43,Fuel,Standard,40,"56,563.00",0,Low,0
TX005240,C0088,77.4,2024-04-21 03:51:32,Entertainment,Student,41,"14,809.00",0,Low,1
TX003873,C0005,77.39,2024-08-03 08:43:05,Entertainment,Basic,35,"32,949.00",0,Low,0
TX000584,C0164,77.37,2024-02-01 15:10:01,Groceries,Premium,28,"78,881.00",0,Low,0
TX004503,C0015,77.32,2024-11-08 17:49:28,Healthcare,Premium,18,"80,766.00",0,Low,0
TX003812,C0183,77.3,2024-07-06 01:57:41,Groceries,Premium,25,"135,022.00",0,Low,1
TX004206,C0332,77.3,2024-09-11 20:37:20,Groceries,Basic,27,"28,823.00",0,Low,0
TX001224,C0125,77.29,2024-03-05 15:48:00,Groceries,Standard,45,"62,842.00",0,Low,0
TX005892,C0023,77.29,2024-11-27 00:16:32,Online Shopping,Basic,38,"26,428.00",1,Low,1
TX000283,C0076,77.28,2024-08-19 11:55:28,Clothing,Standard,47,"44,784.00",0,Low,0
TX006901,C0436,77.28,2024-08-30 17:21:30,Dining,Standard,38,"73,281.00",0,Low,0
TX005204,C0046,77.27,2024-07-17 18:03:19,Online Shopping,Premium,29,"116,173.00",0,Low,0
TX001756,C0156,77.25,2024-11-28 22:12:27,Clothing,Student,29,"16,583.00",0,Low,0
TX007687,C0047,77.21,2024-04-09 22:16:48,Groceries,Premium,32,"109,506.00",0,Low,0
TX007982,C0176,77.17,2024-10-24 23:34:15,Groceries,Standard,47,"62,155.00",0,Low,0
TX003983,C0303,77.16,2024-09-21 07:52:34,Groceries,Premium,46,"96,717.00",0,Low,0
TX004858,C0467,77.14,2024-08-11 04:46:57,Clothing,Basic,45,"30,956.00",0,Low,1
TX004073,C0125,77.12,2024-02-03 05:56:09,Entertainment,Standard,45,"62,842.00",0,Low,0
TX002305,C0189,77.11,2024-10-15 00:18:44,Clothing,Premium,27,"101,458.00",0,Low,1
TX006152,C0318,77.09,2024-01-24 14:51:47,Groceries,Standard,34,"68,423.00",0,Low,0
TX002900,C0430,77.08,2024-11-04 23:23:04,Entertainment,Standard,18,"25,368.00",0,Low,0
TX006285,C0377,77.05,2024-02-03 13:33:02,Healthcare,Premium,48,"57,230.00",0,Low,0
TX000837,C0309,76.96,2024-08-26 23:53:03,Dining,Basic,44,"30,390.00",0,Low,0
TX003075,C0388,76.93,2024-07-14 11:06:22,Clothing,Basic,60,"37,653.00",0,Low,0
TX005465,C0144,76.83,2024-12-14 19:06:21,Fuel,Standard,40,"70,706.00",0,Low,0
TX002191,C0025,76.8,2024-09-21 07:40:22,Entertainment,Standard,31,"71,104.00",0,Low,0
TX000449,C0313,76.75,2024-10-30 03:47:09,Entertainment,Basic,47,"18,779.00",0,Low,1
TX004010,C0337,76.73,2024-05-15 04:30:23,Clothing,Standard,28,"53,675.00",0,Low,1
TX006445,C0229,76.67,2024-10-26 09:18:49,Fuel,Basic,29,"43,067.00",0,Low,0
TX001836,C0278,76.65,2024-11-16 00:16:12,Clothing,Standard,30,"54,061.00",0,Low,1
TX001034,C0174,76.61,2024-01-10 09:50:02,Entertainment,Standard,42,"60,197.00",0,Low,0
TX005535,C0054,76.58,2024-01-23 23:48:55,Groceries,Basic,45,"31,946.00",0,Low,0
TX003891,C0188,76.55,2024-10-21 09:17:27,Clothing,Standard,37,"86,151.00",0,Low,0
TX005219,C0064,76.55,2024-10-24 03:13:28,Groceries,Standard,23,"61,715.00",0,Low,1
TX006778,C0403,76.54,2024-10-31 08:25:31,Groceries,Student,38,"16,069.00",0,Low,0
TX000227,C0132,76.42,2024-07-02 12:58:09,Groceries,Student,38,"15,480.00",0,Low,0
TX001031,C0008,76.39,2024-04-01 11:43:50,Clothing,Standard,47,"74,176.00",0,Low,0
TX003189,C0061,76.38,2024-08-02 05:04:15,Dining,Premium,32,"100,281.00",0,Low,0
TX006607,C0284,76.36,2024-03-02 10:15:51,Online Shopping,Basic,23,"21,171.00",0,Low,0
TX007598,C0271,76.33,2024-10-11 04:54:58,Groceries,Basic,55,"41,074.00",0,Low,1
TX003004,C0064,76.28,2024-02-29 08:52:15,Clothing,Standard,23,"61,715.00",0,Low,0
TX002287,C0271,76.26,2024-08-04 03:54:31,Groceries,Basic,55,"41,074.00",0,Low,1
TX007199,C0297,76.22,2024-06-06 15:59:27,Groceries,Standard,48,"45,979.00",0,Low,0
TX006956,C0196,76.19,2024-05-02 02:09:28,Healthcare,Student,42,"14,851.00",0,Low,1
TX000641,C0269,76.18,2024-12-21 14:49:24,Groceries,Standard,32,"70,338.00",0,Low,0
TX006317,C0397,76.16,2024-06-07 07:25:35,Clothing,Student,18,"14,975.00",0,Low,0
TX005735,C0032,76.11,2024-02-03 02:47:25,Dining,Standard,60,"60,658.00",0,Low,1
TX000921,C0076,76.03,2024-08-28 14:25:49,Healthcare,Standard,47,"44,784.00",0,Low,0
TX003773,C0290,76.01,2024-08-01 17:55:34,Groceries,Student,30,"18,763.00",0,Low,0
TX006967,C0057,75.98,2024-01-11 04:19:37,Dining,Standard,27,"36,226.00",0,Low,1
TX006058,C0472,75.94,2024-03-23 16:47:31,Groceries,Standard,18,"41,000.00",0,Low,0
TX005877,C0379,75.93,2024-02-23 01:33:46,Groceries,Standard,64,"73,196.00",0,Low,1
TX007755,C0462,75.91,2024-03-28 01:36:47,Healthcare,Premium,38,"101,754.00",0,Low,1
TX004290,C0461,75.89,2024-04-07 15:03:29,Dining,Standard,61,"46,806.00",0,Low,0
TX005216,C0134,75.86,2024-12-14 21:32:20,Entertainment,Basic,43,"21,817.00",0,Low,0
TX000634,C0016,75.84,2024-02-06 16:36:31,Online Shopping,Standard,31,"58,287.00",1,Low,0
TX003218,C0203,75.84,2024-06-03 16:32:51,Healthcare,Basic,50,"37,330.00",0,Low,0
TX003458,C0463,75.83,2024-09-04 14:43:25,Dining,Student,29,"9,084.00",0,Low,0
TX001864,C0052,75.78,2024-09-01 06:40:52,Online Shopping,Basic,33,"24,464.00",1,Low,0
TX005976,C0287,75.77,2024-06-28 12:55:32,Clothing,Standard,36,"68,774.00",0,Low,0
TX001336,C0147,75.76,2024-03-27 16:45:52,Dining,Standard,23,"71,180.00",0,Low,0
TX004225,C0239,75.69,2024-04-12 01:33:16,Groceries,Standard,30,"51,337.00",0,Low,1
TX002327,C0446,75.69,2024-05-25 20:39:05,Online Shopping,Student,46,"15,012.00",0,Low,0
TX001632,C0013,75.67,2024-09-19 04:51:31,Clothing,Standard,40,"64,682.00",0,Low,1
TX001133,C0354,75.66,2024-05-04 00:51:50,Groceries,Student,36,"8,776.00",0,Low,1
TX000807,C0468,75.65,2024-07-15 13:57:57,Clothing,Basic,47,"22,215.00",0,Low,0
TX005995,C0126,75.59,2024-01-22 08:33:03,Clothing,Standard,64,"46,394.00",0,Low,0
TX004292,C0021,75.58,2024-04-09 00:08:00,Healthcare,Student,55,"17,431.00",1,Low,1
TX000610,C0040,75.57,2024-03-21 21:11:04,Groceries,Basic,40,"25,983.00",0,Low,0
TX006567,C0445,75.55,2024-01-17 02:51:37,Groceries,Student,22,"15,642.00",0,Low,1
TX004145,C0490,75.53,2024-01-25 15:46:31,Clothing,Basic,48,"32,394.00",0,Low,0
TX004992,C0119,75.53,2024-09-08 08:36:41,Entertainment,Standard,51,"81,039.00",1,Low,0
TX004422,C0019,75.5,2024-03-31 20:54:37,Clothing,Premium,27,"87,141.00",0,Low,0
TX000353,C0499,75.5,2024-12-08 19:43:02,Groceries,Standard,27,"49,520.00",0,Low,0
TX000536,C0214,75.49,2024-10-06 22:01:38,Clothing,Standard,45,"83,710.00",0,Low,0
TX001857,C0351,75.48,2024-10-03 09:47:48,Groceries,Standard,41,"55,511.00",0,Low,0
TX004204,C0064,75.45,2024-03-04 19:15:04,Fuel,Standard,23,"61,715.00",0,Low,0
TX003772,C0025,75.44,2024-10-02 22:12:53,Fuel,Standard,31,"71,104.00",0,Low,0
TX007083,C0108,75.43,2024-11-20 20:46:41,Groceries,Basic,40,"24,824.00",0,Low,0
TX005996,C0444,75.41,2024-04-26 16:24:23,Dining,Student,36,"15,681.00",0,Low,0
TX005070,C0306,75.41,2024-09-14 10:07:54,Dining,Standard,39,"48,558.00",0,Low,0
TX004448,C0096,75.4,2024-03-02 02:04:36,Clothing,Standard,20,"24,373.00",0,Low,1
TX001407,C0320,75.33,2024-11-26 09:05:12,Groceries,Premium,36,"127,432.00",0,Low,0
TX005922,C0438,75.3,2024-02-24 00:00:23,Healthcare,Standard,21,"77,360.00",0,Low,1
TX003217,C0014,75.25,2024-08-22 14:24:18,ATM Withdrawal,Student,18,"23,653.00",0,Low,0
TX002498,C0309,75.23,2024-04-01 03:10:21,Groceries,Basic,44,"30,390.00",0,Low,1
TX004648,C0340,75.22,2024-07-16 01:47:03,Clothing,Premium,31,"139,173.00",0,Low,1
TX005990,C0090,75.21,2024-02-13 15:33:11,Groceries,Standard,44,"37,624.00",0,Low,0
TX005159,C0216,75.21,2024-10-23 16:34:29,Entertainment,Standard,47,"58,261.00",0,Low,0
TX006980,C0288,75.2,2024-08-25 14:25:50,Groceries,Premium,45,"42,884.00",0,Low,0
TX005501,C0007,75.18,2024-01-02 04:58:20,Fuel,Premium,56,"90,862.00",0,Low,1
TX006983,C0271,75.18,2024-09-25 22:52:55,Clothing,Basic,55,"41,074.00",0,Low,0
TX002556,C0248,75.18,2024-11-25 21:17:25,Fuel,Student,30,"15,502.00",0,Low,0
TX000235,C0154,75.14,2024-03-26 20:23:10,Groceries,Basic,40,"41,040.00",0,Low,0
TX007267,C0072,75.12,2024-07-25 11:35:37,Clothing,Standard,56,"82,014.00",0,Low,0
TX003246,C0193,75.12,2024-10-20 23:33:54,Clothing,Premium,40,"82,228.00",0,Low,0
TX000891,C0301,75.11,2024-08-21 05:06:10,Fuel,Standard,28,"54,705.00",0,Low,0
TX003855,C0149,75.09,2024-05-10 22:34:35,Groceries,Student,44,"14,309.00",0,Low,0
TX007224,C0394,75.05,2024-07-15 10:01:53,Clothing,Standard,59,"22,706.00",0,Low,0
TX003487,C0295,75,2024-09-03 20:20:57,Groceries,Standard,42,"56,580.00",0,Low,0
TX000706,C0075,74.98,2024-04-22 06:40:46,Clothing,Basic,18,"31,024.00",0,Low,0
TX001913,C0008,74.91,2024-02-24 16:42:24,Entertainment,Standard,47,"74,176.00",0,Low,0
TX002303,C0270,74.9,2024-08-28 09:53:15,Entertainment,Standard,39,"91,596.00",0,Low,0
TX007156,C0479,74.87,2024-04-08 05:50:21,Healthcare,Student,74,"20,884.00",0,Low,0
TX004050,C0346,74.87,2024-06-25 02:25:03,Entertainment,Basic,40,"28,371.00",0,Low,1
TX007665,C0109,74.87,2024-07-29 06:55:22,Groceries,Basic,41,"35,585.00",0,Low,0
TX001813,C0098,74.84,2024-11-16 14:46:50,Clothing,Basic,41,"24,544.00",0,Low,0
TX003287,C0026,74.83,2024-04-17 07:53:16,Dining,Basic,39,"21,787.00",0,Low,0
TX004834,C0475,74.83,2024-06-28 09:03:48,Dining,Premium,57,"84,811.00",0,Low,0
TX007398,C0230,74.83,2024-11-09 10:13:52,Groceries,Standard,46,"37,804.00",0,Low,0
TX005395,C0366,74.81,2024-11-13 15:37:58,Dining,Student,33,"15,304.00",0,Low,0
TX000145,C0463,74.78,2024-06-03 10:41:18,Groceries,Student,29,"9,084.00",0,Low,0
TX003257,C0142,74.77,2024-01-13 21:23:40,Clothing,Student,53,"9,142.00",0,Low,0
TX002373,C0097,74.77,2024-03-08 07:47:51,Entertainment,Premium,41,"82,584.00",0,Low,0
TX007377,C0412,74.77,2024-06-11 06:54:32,Groceries,Standard,24,"54,863.00",0,Low,0
TX007724,C0144,74.76,2024-10-26 10:56:16,Dining,Standard,40,"70,706.00",0,Low,0
TX006909,C0471,74.71,2024-06-16 10:40:36,Entertainment,Standard,34,"54,590.00",0,Low,0
TX002241,C0051,74.71,2024-11-26 09:37:06,Entertainment,Standard,41,"32,117.00",0,Low,0
TX007183,C0474,74.66,2024-08-06 05:19:17,Online Shopping,Standard,54,"41,727.00",0,Low,0
TX005867,C0198,74.63,2024-01-13 15:52:35,Entertainment,Standard,39,"55,779.00",0,Low,0
TX007717,C0002,74.63,2024-09-30 06:24:07,Clothing,Basic,36,"31,173.00",0,Low,0
TX005883,C0476,74.61,2024-04-30 22:01:06,Groceries,Standard,35,"80,675.00",0,Low,0
TX005178,C0028,74.59,2024-06-22 11:55:44,Online Shopping,Basic,42,"24,399.00",0,Low,0
TX000774,C0443,74.58,2024-07-20 01:20:58,Fuel,Premium,18,"78,354.00",0,Low,1
TX000963,C0177,74.58,2024-10-27 04:22:32,Clothing,Standard,38,"56,152.00",0,Low,1
TX002728,C0213,74.56,2024-12-24 05:11:07,Groceries,Standard,49,"45,643.00",0,Low,0
TX004794,C0286,74.55,2024-02-19 08:48:42,Groceries,Basic,18,"41,136.00",0,Low,0
TX001604,C0399,74.55,2024-09-20 00:44:34,Online Shopping,Basic,36,"30,654.00",0,Low,1
TX007868,C0255,74.54,2024-12-06 02:40:44,Healthcare,Basic,19,"22,068.00",0,Low,1
TX006469,C0164,74.51,2024-11-05 03:22:24,Entertainment,Premium,28,"78,881.00",0,Low,1
TX000861,C0369,74.51,2024-11-14 11:47:38,Groceries,Student,39,"15,677.00",0,Low,0
TX007268,C0165,74.45,2024-09-06 01:40:49,Clothing,Standard,49,"66,575.00",0,Low,1
TX002311,C0339,74.38,2024-12-01 22:38:07,Entertainment,Student,42,"11,785.00",0,Low,0
TX000488,C0086,74.36,2024-09-29 20:14:14,Clothing,Standard,31,"61,381.00",0,Low,0
TX000727,C0424,74.35,2024-09-02 09:11:12,Groceries,Premium,49,"84,390.00",0,Low,0
TX004706,C0268,74.29,2024-10-26 08:22:24,Healthcare,Premium,20,"40,638.00",0,Low,0
TX000425,C0196,74.27,2024-06-29 10:44:38,Entertainment,Student,42,"14,851.00",0,Low,0
TX005891,C0187,74.25,2024-07-25 07:25:41,Entertainment,Premium,43,"80,350.00",0,Low,0
TX003913,C0223,74.23,2024-01-17 22:47:31,Fuel,Standard,46,"58,016.00",0,Low,0
TX003026,C0443,74.22,2024-03-16 00:37:19,Clothing,Premium,18,"78,354.00",0,Low,1
TX005132,C0338,74.19,2024-04-13 09:25:30,Clothing,Premium,34,"167,391.00",0,Low,0
TX005169,C0338,74.19,2024-08-13 04:24:45,Online Shopping,Premium,34,"167,391.00",0,Low,1
TX004645,C0337,74.17,2024-05-19 14:35:08,Clothing,Standard,28,"53,675.00",0,Low,0
TX001343,C0070,74.15,2024-10-22 03:32:42,Clothing,Basic,30,"41,520.00",0,Low,1
TX003641,C0313,74.12,2024-09-26 21:57:14,Dining,Basic,47,"18,779.00",0,Low,0
TX001900,C0086,74.1,2024-03-20 17:17:08,Entertainment,Standard,31,"61,381.00",0,Low,0
TX001785,C0012,74.09,2024-04-16 00:21:54,Groceries,Standard,32,"66,193.00",0,Low,1
TX005115,C0482,74.09,2024-11-21 15:06:27,Entertainment,Basic,26,"38,319.00",0,Low,0
TX003724,C0177,74.08,2024-05-20 20:16:23,ATM Withdrawal,Standard,38,"56,152.00",0,Low,0
TX006700,C0090,74.04,2024-07-09 22:17:11,Dining,Standard,44,"37,624.00",0,Low,0
TX003238,C0182,74.04,2024-11-10 10:39:59,Fuel,Basic,27,"26,575.00",0,Low,0
TX001001,C0039,74.03,2024-02-06 06:20:47,Healthcare,Standard,22,"61,600.00",0,Low,0
TX003315,C0432,74,2024-04-09 20:06:14,Fuel,Standard,18,"52,838.00",0,Low,0
TX001137,C0156,74,2024-05-26 06:52:15,Entertainment,Student,29,"16,583.00",0,Low,0
TX007948,C0016,73.99,2024-04-02 19:33:47,Healthcare,Standard,31,"58,287.00",0,Low,0
TX002442,C0266,73.99,2024-07-15 05:27:05,Dining,Basic,23,"48,327.00",0,Low,0
TX000775,C0091,73.98,2024-07-20 13:43:20,Groceries,Student,39,"21,013.00",0,Low,0
TX001055,C0412,73.98,2024-12-17 20:52:09,Online Shopping,Standard,24,"54,863.00",0,Low,0
TX004151,C0270,73.97,2024-12-14 17:42:15,Fuel,Standard,39,"91,596.00",0,Low,0
TX000599,C0454,73.96,2024-01-04 16:55:25,Dining,Standard,44,"51,628.00",0,Low,0
TX004941,C0190,73.96,2024-08-02 22:26:02,Healthcare,Student,19,"16,720.00",0,Low,0
TX006930,C0283,73.96,2024-08-29 00:46:04,Clothing,Standard,57,"40,171.00",0,Low,1
TX000894,C0424,73.92,2024-11-04 12:51:44,Online Shopping,Premium,49,"84,390.00",1,Low,0
TX005381,C0258,73.91,2024-05-05 22:51:47,Groceries,Standard,29,"35,153.00",1,Low,0
TX004408,C0459,73.91,2024-10-15 20:52:49,Online Shopping,Premium,31,"72,704.00",0,Low,0
TX003758,C0388,73.85,2024-01-20 19:23:17,Groceries,Basic,60,"37,653.00",0,Low,0
TX005872,C0219,73.85,2024-02-29 08:21:18,Entertainment,Basic,32,"31,203.00",0,Low,0
TX004295,C0027,73.85,2024-05-12 13:19:26,Groceries,Student,24,"15,531.00",0,Low,0
TX000338,C0113,73.85,2024-10-25 01:17:55,Online Shopping,Premium,38,"121,486.00",0,Low,1
TX004270,C0101,73.83,2024-05-09 14:45:18,Dining,Student,21,"22,190.00",0,Low,0
TX007906,C0491,73.78,2024-02-19 21:06:34,Online Shopping,Student,37,"20,206.00",0,Low,0
TX005433,C0434,73.77,2024-02-03 13:24:20,Dining,Basic,46,"34,799.00",0,Low,0
TX006870,C0486,73.77,2024-02-08 15:36:45,Clothing,Basic,20,"26,096.00",0,Low,0
TX004201,C0209,73.74,2024-07-02 09:40:58,Online Shopping,Standard,44,"71,622.00",0,Low,0
TX002944,C0062,73.7,2024-04-20 03:27:45,Clothing,Basic,35,"33,654.00",0,Low,1
TX004900,C0255,73.7,2024-06-14 23:01:29,Groceries,Basic,19,"22,068.00",0,Low,0
TX000407,C0182,73.69,2024-01-31 22:48:32,Fuel,Basic,27,"26,575.00",0,Low,0
TX003468,C0219,73.69,2024-02-11 05:19:56,Online Shopping,Basic,32,"31,203.00",0,Low,0
TX001270,C0383,73.69,2024-06-08 18:45:44,Entertainment,Standard,18,"57,880.00",0,Low,0
TX000185,C0320,73.58,2024-05-26 22:57:44,Clothing,Premium,36,"127,432.00",0,Low,0
TX001758,C0175,73.57,2024-05-09 07:33:14,Groceries,Premium,41,"88,592.00",0,Low,0
TX001845,C0026,73.46,2024-12-08 13:47:23,Entertainment,Basic,39,"21,787.00",0,Low,0
TX001608,C0177,73.45,2024-10-28 05:04:10,Online Shopping,Standard,38,"56,152.00",0,Low,0
TX007355,C0358,73.43,2024-08-28 19:10:57,Clothing,Student,34,"16,496.00",0,Low,0
TX002346,C0485,73.43,2024-12-17 00:44:09,Groceries,Basic,28,"35,423.00",0,Low,1
TX006951,C0486,73.42,2024-10-12 06:29:33,Dining,Basic,20,"26,096.00",0,Low,0
TX005525,C0284,73.4,2024-08-18 04:12:19,Fuel,Basic,23,"21,171.00",0,Low,1
TX003183,C0029,73.39,2024-02-15 05:07:34,Fuel,Basic,30,"39,560.00",0,Low,0
TX002798,C0047,73.37,2024-07-14 14:41:56,Entertainment,Premium,32,"109,506.00",0,Low,0
TX000663,C0189,73.35,2024-12-28 18:43:21,Dining,Premium,27,"101,458.00",0,Low,0
TX006594,C0396,73.3,2024-12-29 05:58:02,Groceries,Basic,32,"49,943.00",0,Low,0
TX007369,C0111,73.28,2024-01-25 15:41:22,Entertainment,Standard,18,"68,427.00",0,Low,0
TX001811,C0489,73.28,2024-05-28 12:30:33,Groceries,Basic,58,"35,936.00",0,Low,0
TX001818,C0124,73.28,2024-08-23 18:03:56,Dining,Standard,21,"61,362.00",0,Low,0
TX007564,C0385,73.27,2024-07-30 16:23:42,Groceries,Standard,28,"57,003.00",0,Low,0
TX007027,C0402,73.18,2024-02-16 09:36:21,Online Shopping,Basic,30,"27,677.00",0,Low,0
TX002006,C0456,73.18,2024-12-12 05:02:14,Online Shopping,Standard,28,"27,970.00",0,Low,0
TX003473,C0201,73.16,2024-09-14 04:01:02,Clothing,Basic,42,"30,629.00",0,Low,1
TX007712,C0359,73.13,2024-05-24 18:52:01,Groceries,Standard,41,"73,415.00",0,Low,0
TX007061,C0463,73.13,2024-06-01 09:57:30,Dining,Student,29,"9,084.00",0,Low,0
TX002770,C0134,73.1,2024-07-08 17:05:26,Healthcare,Basic,43,"21,817.00",0,Low,0
TX005557,C0379,73.09,2024-08-26 15:33:51,Groceries,Standard,64,"73,196.00",0,Low,0
TX002706,C0319,73.05,2024-01-17 01:46:19,Entertainment,Basic,41,"27,640.00",0,Low,1
TX002441,C0387,73.04,2024-04-10 07:42:41,Fuel,Student,42,"17,832.00",0,Low,0
TX006959,C0457,73.02,2024-02-15 23:48:34,Online Shopping,Basic,36,"34,331.00",0,Low,0
TX003816,C0089,73.02,2024-03-11 22:17:51,Clothing,Standard,31,"54,945.00",0,Low,0
TX005111,C0481,72.94,2024-08-28 12:42:08,Groceries,Standard,36,"44,963.00",0,Low,0
TX005106,C0137,72.92,2024-08-04 21:57:33,Clothing,Premium,28,"101,976.00",0,Low,0
TX002992,C0265,72.9,2024-05-20 20:48:32,Entertainment,Student,34,"8,000.00",0,Low,0
TX005546,C0059,72.88,2024-02-13 03:19:08,Fuel,Basic,41,"29,342.00",0,Low,1
TX005508,C0408,72.86,2024-09-05 20:52:51,Dining,Basic,36,"23,954.00",0,Low,0
TX004537,C0417,72.84,2024-11-20 18:21:42,Groceries,Student,56,"20,560.00",0,Low,0
TX005160,C0233,72.83,2024-12-01 16:28:33,Online Shopping,Basic,38,"29,486.00",0,Low,0
TX006588,C0336,72.79,2024-02-24 05:55:05,Online Shopping,Basic,36,"19,041.00",0,Low,0
TX007733,C0389,72.79,2024-10-05 17:02:24,Healthcare,Standard,49,"43,210.00",0,Low,0
TX004366,C0159,72.78,2024-05-30 06:48:22,Groceries,Basic,23,"25,597.00",0,Low,0
TX006310,C0223,72.72,2024-12-17 04:08:44,Fuel,Standard,46,"58,016.00",0,Low,1
TX001249,C0165,72.71,2024-11-08 04:22:11,Fuel,Standard,49,"66,575.00",0,Low,1
TX002920,C0116,72.7,2024-06-28 00:13:22,Dining,Standard,41,"57,963.00",0,Low,1
TX005963,C0079,72.7,2024-10-31 14:57:58,Clothing,Standard,39,"48,307.00",0,Low,0
TX001778,C0033,72.66,2024-02-14 11:37:01,Clothing,Standard,37,"78,482.00",0,Low,0
TX006521,C0127,72.63,2024-05-29 02:40:16,Groceries,Standard,26,"54,634.00",0,Low,1
TX001682,C0440,72.63,2024-10-06 00:10:48,Groceries,Standard,37,"49,943.00",0,Low,1
TX004903,C0257,72.63,2024-11-27 02:44:35,Dining,Basic,53,"24,888.00",0,Low,1
TX004732,C0443,72.61,2024-05-21 20:31:53,Entertainment,Premium,18,"78,354.00",0,Low,0
TX000102,C0405,72.61,2024-09-20 01:31:23,Entertainment,Basic,32,"24,655.00",0,Low,1
TX000613,C0220,72.6,2024-07-31 06:25:36,Fuel,Basic,38,"32,919.00",0,Low,0
TX006223,C0276,72.58,2024-07-03 22:33:39,Healthcare,Standard,43,"59,217.00",0,Low,0
TX006701,C0049,72.55,2024-04-17 20:25:08,Groceries,Standard,42,"82,699.00",0,Low,0
TX007235,C0066,72.49,2024-05-10 15:46:47,Entertainment,Basic,54,"40,633.00",0,Low,0
TX002286,C0474,72.49,2024-07-24 19:19:49,Groceries,Standard,54,"41,727.00",0,Low,0
TX001731,C0337,72.49,2024-08-17 14:15:40,Healthcare,Standard,28,"53,675.00",0,Low,0
TX006330,C0330,72.47,2024-03-15 07:10:06,Healthcare,Standard,45,"53,052.00",0,Low,0
TX001244,C0224,72.47,2024-06-13 22:45:55,Clothing,Basic,18,"38,405.00",0,Low,0
TX006390,C0051,72.4,2024-04-02 19:43:11,Dining,Standard,41,"32,117.00",0,Low,0
TX005828,C0022,72.39,2024-11-14 04:54:46,Online Shopping,Student,35,"15,746.00",0,Low,1
TX003866,C0345,72.36,2024-01-28 21:48:37,Clothing,Student,32,"13,483.00",1,Low,0
TX003268,C0296,72.34,2024-11-04 13:52:21,Entertainment,Student,29,"9,663.00",0,Low,0
TX001956,C0285,72.31,2024-05-06 22:27:51,Groceries,Basic,63,"31,439.00",0,Low,0
TX002419,C0218,72.29,2024-12-30 23:07:12,Groceries,Standard,35,"62,435.00",1,Low,0
TX004347,C0126,72.28,2024-06-10 06:41:46,Clothing,Standard,64,"46,394.00",0,Low,0
TX001667,C0455,72.28,2024-08-26 19:19:04,Fuel,Standard,31,"37,448.00",0,Low,0
TX000467,C0445,72.24,2024-03-25 09:51:02,Groceries,Student,22,"15,642.00",0,Low,0
TX000745,C0409,72.23,2024-04-15 04:47:16,Groceries,Standard,39,"63,047.00",0,Low,1
TX001200,C0344,72.22,2024-02-02 04:01:03,Groceries,Standard,31,"79,425.00",0,Low,1
TX005609,C0050,72.22,2024-10-21 16:55:38,Entertainment,Basic,18,"21,439.00",0,Low,0
TX003145,C0369,72.18,2024-04-12 07:50:12,Fuel,Student,39,"15,677.00",0,Low,0
TX001162,C0321,72.16,2024-04-13 09:14:20,Groceries,Standard,39,"44,897.00",0,Low,0
TX000013,C0139,72.15,2024-01-10 16:27:18,Dining,Student,47,"13,067.00",0,Low,0
TX001171,C0476,72.1,2024-03-18 02:24:34,Groceries,Standard,35,"80,675.00",0,Low,1
TX002710,C0153,72.1,2024-05-19 18:54:00,Groceries,Student,29,"20,906.00",0,Low,0
TX004006,C0491,72.03,2024-11-23 09:26:52,Groceries,Student,37,"20,206.00",0,Low,0
TX000057,C0255,72.02,2024-03-03 11:10:28,Groceries,Basic,19,"22,068.00",0,Low,0
TX001024,C0417,72.02,2024-04-29 22:10:54,Online Shopping,Student,56,"20,560.00",0,Low,0
TX007953,C0012,72,2024-10-08 09:42:58,Entertainment,Standard,32,"66,193.00",0,Low,0
TX000166,C0367,71.99,2024-01-26 20:42:37,Online Shopping,Student,40,"17,155.00",0,Low,0
TX004243,C0367,71.99,2024-07-07 16:58:51,Groceries,Student,40,"17,155.00",0,Low,0
TX006009,C0041,71.97,2024-03-07 21:14:53,Entertainment,Standard,46,"39,681.00",0,Low,0
TX001734,C0138,71.96,2024-02-23 22:30:54,Dining,Student,34,"17,588.00",0,Low,0
TX001518,C0403,71.86,2024-07-12 06:04:06,Dining,Student,38,"16,069.00",0,Low,0
TX007141,C0211,71.85,2024-02-14 03:39:52,Groceries,Student,44,"17,451.00",0,Low,1
TX004477,C0012,71.85,2024-09-08 13:49:47,Dining,Standard,32,"66,193.00",0,Low,0
TX006543,C0169,71.84,2024-11-27 12:03:52,Healthcare,Standard,35,"49,563.00",0,Low,0
TX006643,C0182,71.82,2024-07-26 17:49:40,Entertainment,Basic,27,"26,575.00",0,Low,0
TX005394,C0191,71.81,2024-02-22 23:30:45,Dining,Standard,32,"70,454.00",0,Low,0
TX004869,C0156,71.81,2024-07-08 07:50:06,Entertainment,Student,29,"16,583.00",0,Low,0
TX004851,C0178,71.79,2024-06-16 00:05:36,Dining,Standard,55,"35,755.00",0,Low,1
TX001868,C0188,71.77,2024-03-31 12:53:32,Groceries,Standard,37,"86,151.00",0,Low,0
TX002751,C0457,71.75,2024-03-26 01:03:36,Clothing,Basic,36,"34,331.00",0,Low,1
TX005410,C0074,71.73,2024-04-07 11:41:21,Groceries,Basic,56,"18,553.00",0,Low,0
TX005265,C0343,71.73,2024-07-17 23:14:26,Entertainment,Standard,40,"63,534.00",0,Low,0
TX001704,C0488,71.71,2024-08-11 18:28:36,Groceries,Student,25,"12,577.00",0,Low,0
TX006400,C0070,71.67,2024-12-07 23:52:38,Dining,Basic,30,"41,520.00",0,Low,0
TX001476,C0123,71.58,2024-10-19 10:03:26,Online Shopping,Basic,54,"27,437.00",0,Low,0
TX004065,C0045,71.54,2024-05-26 04:54:48,Entertainment,Standard,20,"35,795.00",0,Low,1
TX005611,C0498,71.53,2024-09-09 17:03:32,Clothing,Basic,35,"31,092.00",0,Low,0
TX000287,C0117,71.52,2024-11-04 19:52:06,Clothing,Basic,37,"46,602.00",0,Low,0
TX001503,C0382,71.51,2024-02-22 02:44:53,Groceries,Standard,30,"60,899.00",0,Low,1
TX001279,C0092,71.5,2024-10-15 01:37:40,Dining,Basic,49,"37,018.00",0,Low,1
TX000320,C0399,71.49,2024-12-05 09:45:27,Dining,Basic,36,"30,654.00",0,Low,0
TX004376,C0288,71.43,2024-10-06 01:21:19,Dining,Premium,45,"42,884.00",0,Low,1
TX001609,C0198,71.41,2024-01-11 08:33:06,Groceries,Standard,39,"55,779.00",0,Low,0
TX004357,C0298,71.41,2024-12-02 13:29:39,Entertainment,Standard,41,"59,796.00",0,Low,0
TX001078,C0051,71.4,2024-10-07 16:06:48,Clothing,Standard,41,"32,117.00",0,Low,0
TX002980,C0314,71.4,2024-11-19 03:24:19,Groceries,Student,47,"21,998.00",0,Low,1
TX003045,C0318,71.39,2024-03-03 08:29:23,Dining,Standard,34,"68,423.00",0,Low,0
TX000052,C0169,71.37,2024-03-17 11:16:53,Dining,Standard,35,"49,563.00",0,Low,0
TX001095,C0296,71.36,2024-02-05 05:54:15,Groceries,Student,29,"9,663.00",1,Low,0
TX005600,C0317,71.36,2024-10-10 20:18:57,Fuel,Premium,46,"68,447.00",0,Low,0
TX004123,C0401,71.28,2024-04-05 07:18:06,Groceries,Standard,18,"68,786.00",0,Low,0
TX000035,C0337,71.27,2024-05-18 03:57:40,Clothing,Standard,28,"53,675.00",0,Low,1
TX001161,C0056,71.24,2024-06-05 22:02:36,Healthcare,Standard,49,"60,280.00",0,Low,0
TX007920,C0275,71.21,2024-08-02 17:35:12,Groceries,Student,26,"18,035.00",0,Low,0
TX000360,C0405,71.19,2024-06-07 14:46:42,Groceries,Basic,32,"24,655.00",0,Low,0
TX007881,C0299,71.19,2024-10-12 04:05:27,Online Shopping,Standard,47,"31,105.00",0,Low,1
TX007562,C0209,71.17,2024-05-27 09:23:08,Online Shopping,Standard,44,"71,622.00",0,Low,0
TX000141,C0436,71.16,2024-06-22 11:28:25,Entertainment,Standard,38,"73,281.00",0,Low,0
TX007631,C0079,71.15,2024-08-28 17:49:56,Clothing,Standard,39,"48,307.00",0,Low,0
TX007750,C0062,71.13,2024-01-02 16:52:18,Clothing,Basic,35,"33,654.00",0,Low,0
TX003274,C0156,71.11,2024-04-04 09:47:24,Groceries,Student,29,"16,583.00",0,Low,0
TX006063,C0117,71.11,2024-10-13 04:06:01,Entertainment,Basic,37,"46,602.00",1,Low,1
TX006142,C0373,71.06,2024-02-08 09:18:20,Clothing,Premium,55,"67,934.00",0,Low,0
TX007996,C0425,71.02,2024-10-24 05:53:06,Entertainment,Standard,45,"55,849.00",0,Low,0
TX006944,C0455,71,2024-06-11 20:36:57,Dining,Standard,31,"37,448.00",0,Low,0
TX004987,C0167,70.99,2024-02-09 21:29:15,Dining,Standard,47,"72,231.00",0,Low,0
TX007797,C0092,70.99,2024-03-03 13:58:54,Healthcare,Basic,49,"37,018.00",0,Low,0
TX005590,C0003,70.98,2024-02-21 13:14:03,Clothing,Standard,45,"73,097.00",0,Low,0
TX003935,C0182,70.98,2024-08-08 12:53:17,Fuel,Basic,27,"26,575.00",0,Low,0
TX005824,C0099,70.95,2024-06-11 00:12:50,Entertainment,Basic,38,"21,987.00",1,Low,1
TX007260,C0214,70.95,2024-10-26 17:02:29,Dining,Standard,45,"83,710.00",0,Low,0
TX006178,C0026,70.94,2024-02-06 08:31:32,Dining,Basic,39,"21,787.00",0,Low,0
TX004899,C0181,70.9,2024-03-14 16:55:27,Online Shopping,Basic,45,"17,547.00",0,Low,0
TX002633,C0258,70.88,2024-05-13 09:00:47,Dining,Standard,29,"35,153.00",0,Low,0
TX006961,C0307,70.85,2024-04-13 15:12:28,Dining,Standard,53,"56,834.00",0,Low,0
TX004743,C0396,70.84,2024-02-06 08:31:42,Dining,Basic,32,"49,943.00",0,Low,0
TX002058,C0058,70.83,2024-08-08 14:33:26,Groceries,Student,34,"20,775.00",1,Low,0
TX003631,C0180,70.81,2024-04-14 14:45:07,Groceries,Standard,70,"47,593.00",0,Low,0
TX005613,C0079,70.79,2024-08-21 12:52:23,Online Shopping,Standard,39,"48,307.00",0,Low,0
TX004676,C0188,70.73,2024-09-25 12:26:58,Clothing,Standard,37,"86,151.00",0,Low,0
TX000604,C0387,70.72,2024-10-03 17:31:20,Groceries,Student,42,"17,832.00",0,Low,0
TX002564,C0212,70.71,2024-01-01 09:30:57,Dining,Student,51,"10,786.00",0,Low,0
TX002708,C0052,70.68,2024-03-30 06:16:14,Entertainment,Basic,33,"24,464.00",0,Low,0
TX002140,C0290,70.68,2024-05-16 03:55:54,Groceries,Student,30,"18,763.00",0,Low,1
TX001649,C0293,70.67,2024-02-28 06:58:08,Clothing,Basic,30,"34,400.00",1,Low,0
TX007893,C0474,70.66,2024-05-19 05:13:59,Entertainment,Standard,54,"41,727.00",0,Low,0
TX001895,C0046,70.66,2024-05-31 18:48:27,Groceries,Premium,29,"116,173.00",0,Low,0
TX005035,C0388,70.65,2024-04-30 15:18:35,Clothing,Basic,60,"37,653.00",0,Low,0
TX003899,C0090,70.65,2024-12-19 05:21:48,Groceries,Standard,44,"37,624.00",0,Low,0
TX005874,C0437,70.64,2024-12-01 23:00:05,Groceries,Standard,57,"51,798.00",0,Low,0
TX002352,C0451,70.63,2024-03-16 12:09:27,Entertainment,Basic,37,"9,568.00",0,Low,0
TX002335,C0089,70.62,2024-07-30 21:20:24,Clothing,Standard,31,"54,945.00",0,Low,0
TX003151,C0499,70.61,2024-12-21 14:09:43,Dining,Standard,27,"49,520.00",0,Low,0
TX006998,C0129,70.58,2024-09-17 17:42:52,Healthcare,Basic,39,"43,820.00",0,Low,0
TX002646,C0335,70.55,2024-07-01 21:11:20,Online Shopping,Standard,49,"46,637.00",0,Low,0
TX007910,C0030,70.54,2024-01-05 16:25:41,Healthcare,Standard,34,"32,152.00",0,Low,0
TX004246,C0063,70.54,2024-04-19 12:17:57,Clothing,Student,24,"17,279.00",0,Low,0
TX003848,C0112,70.54,2024-09-27 00:47:24,Groceries,Basic,37,"35,081.00",0,Low,1
TX000174,C0144,70.51,2024-10-13 09:15:58,Dining,Standard,40,"70,706.00",0,Low,0
TX004114,C0006,70.51,2024-10-29 20:44:22,Entertainment,Standard,35,"49,099.00",0,Low,0
TX004092,C0453,70.49,2024-08-27 18:18:20,Clothing,Basic,26,"19,064.00",0,Low,0
TX003905,C0445,70.43,2024-01-23 22:39:49,Dining,Student,22,"15,642.00",0,Low,0
TX000508,C0368,70.43,2024-06-17 12:28:42,Online Shopping,Standard,38,"41,189.00",0,Low,0
TX000337,C0107,70.42,2024-03-22 04:31:09,Clothing,Premium,60,"91,788.00",0,Low,1
TX000199,C0112,70.38,2024-12-30 17:42:51,Dining,Basic,37,"35,081.00",0,Low,0
TX005167,C0440,70.36,2024-03-22 16:26:21,Fuel,Standard,37,"49,943.00",0,Low,0
TX005626,C0361,70.33,2024-03-27 00:11:51,Online Shopping,Student,44,"21,690.00",0,Low,1
TX002149,C0069,70.23,2024-10-04 05:58:19,Groceries,Premium,42,"87,307.00",0,Low,0
TX005974,C0314,70.21,2024-11-21 19:56:02,Groceries,Student,47,"21,998.00",0,Low,0
TX006862,C0092,70.2,2024-07-07 02:47:38,Online Shopping,Basic,49,"37,018.00",0,Low,1
TX004409,C0348,70.17,2024-04-30 12:58:41,Groceries,Basic,21,"21,881.00",0,Low,0
TX007862,C0383,70.15,2024-08-19 13:03:16,Clothing,Standard,18,"57,880.00",0,Low,0
TX004837,C0001,70.13,2024-01-12 18:19:51,Dining,Basic,43,"28,663.00",0,Low,0
TX003814,C0129,70.12,2024-03-21 14:06:09,Dining,Basic,39,"43,820.00",0,Low,0
TX003213,C0170,70.11,2024-04-02 02:56:24,Groceries,Standard,28,"38,204.00",0,Low,1
TX004580,C0283,70.1,2024-05-15 16:15:46,Groceries,Standard,57,"40,171.00",0,Low,0
TX006629,C0105,70.07,2024-01-30 14:06:50,Entertainment,Standard,36,"75,990.00",0,Low,0
TX007428,C0123,70.06,2024-03-15 22:34:16,Dining,Basic,54,"27,437.00",0,Low,0
TX001638,C0273,70.06,2024-07-24 00:03:52,Groceries,Premium,51,"107,842.00",0,Low,1
TX001428,C0327,70.05,2024-12-24 01:54:19,Clothing,Basic,51,"35,070.00",0,Low,1
TX004084,C0221,70.04,2024-07-09 04:00:30,Online Shopping,Premium,65,"162,102.00",0,Low,1
TX003986,C0020,70.03,2024-08-03 13:37:15,Clothing,Standard,21,"59,185.00",0,Low,0
TX000950,C0449,70.03,2024-11-09 22:49:53,Groceries,Standard,31,"69,243.00",1,Low,0
TX003826,C0214,70.01,2024-01-25 14:05:51,Entertainment,Standard,45,"83,710.00",0,Low,0
TX001854,C0360,69.98,2024-09-25 20:46:21,Fuel,Basic,28,"20,322.00",0,Low,0
TX003380,C0395,69.93,2024-02-25 21:23:36,Dining,Student,52,"16,554.00",0,Low,0
TX003262,C0417,69.91,2024-03-22 03:54:05,Groceries,Student,56,"20,560.00",0,Low,1
TX004248,C0380,69.9,2024-07-26 06:13:49,Dining,Basic,28,"31,133.00",0,Low,0
TX006654,C0215,69.88,2024-12-18 05:49:55,Entertainment,Basic,34,"28,474.00",0,Low,0
TX005214,C0489,69.86,2024-10-27 00:55:18,Clothing,Basic,58,"35,936.00",0,Low,1
TX005014,C0367,69.85,2024-11-05 13:05:28,Dining,Student,40,"17,155.00",0,Low,0
TX003389,C0039,69.82,2024-10-30 04:31:04,Fuel,Standard,22,"61,600.00",0,Low,1
TX001535,C0052,69.82,2024-11-07 06:45:29,Entertainment,Basic,33,"24,464.00",1,Low,0
TX000259,C0229,69.81,2024-04-06 19:09:20,Groceries,Basic,29,"43,067.00",0,Low,0
TX002111,C0368,69.8,2024-03-25 11:21:23,Clothing,Standard,38,"41,189.00",0,Low,0
TX007374,C0099,69.78,2024-04-03 13:03:58,Fuel,Basic,38,"21,987.00",0,Low,0
TX003386,C0056,69.78,2024-04-08 12:59:59,Groceries,Standard,49,"60,280.00",0,Low,0
TX005217,C0151,69.77,2024-01-26 09:45:46,Entertainment,Standard,41,"64,784.00",0,Low,0
TX000956,C0424,69.75,2024-10-15 14:22:26,Groceries,Premium,49,"84,390.00",0,Low,0
TX003801,C0175,69.72,2024-02-14 23:32:23,Dining,Premium,41,"88,592.00",0,Low,0
TX000907,C0232,69.68,2024-09-07 07:36:12,Groceries,Standard,40,"43,685.00",0,Low,0
TX000831,C0161,69.64,2024-11-15 01:54:27,Clothing,Premium,26,"89,233.00",0,Low,1
TX000773,C0407,69.63,2024-02-27 19:23:33,Dining,Standard,25,"52,375.00",0,Low,0
TX007158,C0108,69.63,2024-09-03 09:51:12,Dining,Basic,40,"24,824.00",0,Low,0
TX003964,C0445,69.62,2024-12-15 18:10:04,Clothing,Student,22,"15,642.00",0,Low,0
TX003114,C0077,69.61,2024-06-02 03:38:31,Clothing,Standard,39,"67,609.00",1,Low,1
TX001521,C0313,69.6,2024-04-01 02:35:53,Healthcare,Basic,47,"18,779.00",0,Low,1
TX003738,C0083,69.59,2024-12-15 00:58:46,Entertainment,Standard,55,"31,241.00",0,Low,1
TX005935,C0391,69.58,2024-04-15 08:26:02,Groceries,Student,27,"8,000.00",0,Low,0
TX002724,C0295,69.58,2024-07-02 05:52:43,Groceries,Standard,42,"56,580.00",0,Low,0
TX001399,C0022,69.53,2024-02-10 13:59:48,Groceries,Student,35,"15,746.00",1,Low,0
TX002560,C0377,69.53,2024-09-12 07:06:23,Dining,Premium,48,"57,230.00",0,Low,0
TX000606,C0259,69.52,2024-08-23 18:06:33,Fuel,Standard,43,"79,630.00",0,Low,0
TX001774,C0391,69.48,2024-05-07 07:30:56,Entertainment,Student,27,"8,000.00",1,Low,0
TX000802,C0387,69.47,2024-04-18 23:20:57,Fuel,Student,42,"17,832.00",0,Low,0
TX001515,C0437,69.47,2024-05-15 18:50:13,Groceries,Standard,57,"51,798.00",0,Low,0
TX002704,C0277,69.38,2024-03-24 08:49:21,Dining,Standard,40,"56,563.00",1,Low,0
TX003372,C0126,69.36,2024-08-29 14:51:23,Groceries,Standard,64,"46,394.00",0,Low,0
TX000555,C0066,69.36,2024-11-06 08:34:07,Groceries,Basic,54,"40,633.00",0,Low,0
TX002712,C0311,69.36,2024-12-05 20:57:44,Dining,Basic,35,"24,384.00",0,Low,0
TX004772,C0011,69.35,2024-11-23 11:15:20,Groceries,Standard,32,"34,602.00",0,Low,0
TX005401,C0099,69.34,2024-09-06 05:59:47,Groceries,Basic,38,"21,987.00",0,Low,0
TX002264,C0169,69.34,2024-10-20 11:42:35,Dining,Standard,35,"49,563.00",0,Low,0
TX006021,C0130,69.3,2024-10-27 12:14:16,Online Shopping,Standard,31,"61,544.00",1,Low,0
TX004282,C0285,69.27,2024-08-18 09:57:18,Groceries,Basic,63,"31,439.00",0,Low,0
TX003991,C0242,69.27,2024-11-09 18:01:23,Groceries,Premium,36,"53,171.00",0,Low,0
TX003626,C0424,69.26,2024-02-23 01:03:43,Dining,Premium,49,"84,390.00",0,Low,1
TX004965,C0068,69.26,2024-09-09 09:39:33,Online Shopping,Basic,50,"35,672.00",0,Low,0
TX001728,C0280,69.26,2024-09-20 07:27:53,Clothing,Student,33,"13,877.00",0,Low,0
TX007397,C0188,69.24,2024-10-31 20:07:56,Clothing,Standard,37,"86,151.00",0,Low,0
TX004874,C0251,69.21,2024-08-18 04:28:52,Dining,Standard,22,"38,555.00",0,Low,1
TX006942,C0246,69.21,2024-12-01 23:08:49,Entertainment,Basic,33,"41,005.00",0,Low,0
TX005558,C0387,69.18,2024-06-20 23:53:02,Clothing,Student,42,"17,832.00",0,Low,0
TX000683,C0226,69.15,2024-03-04 10:36:24,ATM Withdrawal,Premium,51,"125,610.00",0,Low,0
TX002662,C0310,69.14,2024-01-25 03:10:05,Entertainment,Standard,35,"55,608.00",1,Low,1
TX004037,C0421,69.13,2024-04-25 07:17:56,Online Shopping,Standard,62,"39,023.00",0,Low,0
TX004660,C0364,69.13,2024-05-23 22:15:51,Clothing,Standard,42,"54,163.00",0,Low,0
TX002079,C0197,69.08,2024-04-05 04:22:52,Groceries,Standard,27,"65,914.00",1,Low,1
TX003519,C0053,69.05,2024-02-03 04:14:41,Fuel,Basic,29,"29,635.00",0,Low,1
TX000295,C0350,69.05,2024-09-27 13:10:57,Groceries,Basic,35,"20,208.00",0,Low,0
TX002492,C0452,68.99,2024-10-13 18:39:12,Healthcare,Standard,49,"69,014.00",0,Low,0
TX004535,C0217,68.93,2024-03-17 04:32:44,Groceries,Premium,28,"116,102.00",0,Low,1
TX004155,C0251,68.93,2024-03-31 14:44:11,Fuel,Standard,22,"38,555.00",0,Low,0
TX006415,C0304,68.93,2024-12-15 20:18:59,Groceries,Basic,45,"40,913.00",0,Low,0
TX005317,C0407,68.91,2024-02-02 06:47:24,Groceries,Standard,25,"52,375.00",0,Low,0
TX005696,C0448,68.88,2024-08-11 04:59:09,Entertainment,Standard,26,"72,859.00",0,Low,1
TX004224,C0431,68.88,2024-11-07 19:53:47,Clothing,Student,23,"11,242.00",0,Low,0
TX005631,C0189,68.87,2024-10-04 19:29:00,Clothing,Premium,27,"101,458.00",0,Low,0
TX001374,C0048,68.83,2024-01-10 17:37:51,Dining,Student,50,"14,603.00",0,Low,0
TX002860,C0025,68.83,2024-03-30 17:04:28,Groceries,Standard,31,"71,104.00",0,Low,0
TX005017,C0266,68.83,2024-05-31 03:00:01,Groceries,Basic,23,"48,327.00",0,Low,1
TX006509,C0255,68.82,2024-03-10 13:10:00,Dining,Basic,19,"22,068.00",0,Low,0
TX001036,C0158,68.77,2024-10-15 08:15:56,Entertainment,Standard,43,"58,910.00",0,Low,0
TX007894,C0146,68.77,2024-11-07 17:24:35,Groceries,Basic,47,"26,328.00",0,Low,0
TX005876,C0492,68.71,2024-07-01 06:53:31,Groceries,Student,55,"21,246.00",0,Low,0
TX005412,C0308,68.71,2024-08-26 20:02:49,Groceries,Standard,30,"63,149.00",0,Low,0
TX004606,C0133,68.7,2024-07-21 02:05:21,Groceries,Standard,25,"64,202.00",0,Low,1
TX004704,C0039,68.7,2024-12-04 06:09:07,Clothing,Standard,22,"61,600.00",0,Low,0
TX003992,C0146,68.69,2024-07-03 02:11:22,Entertainment,Basic,47,"26,328.00",0,Low,1
TX000588,C0055,68.68,2024-08-10 18:30:20,Healthcare,Standard,50,"51,381.00",0,Low,0
TX002806,C0152,68.68,2024-10-28 15:08:50,Clothing,Premium,42,"42,708.00",0,Low,0
TX007798,C0052,68.65,2024-12-16 01:08:38,Groceries,Basic,33,"24,464.00",0,Low,1
TX001202,C0067,68.61,2024-03-29 19:27:08,Clothing,Basic,37,"31,572.00",0,Low,0
TX007216,C0376,68.58,2024-01-01 17:56:10,Groceries,Premium,28,"108,274.00",1,Low,0
TX000681,C0213,68.57,2024-08-29 01:21:01,Groceries,Standard,49,"45,643.00",0,Low,1
TX003421,C0486,68.54,2024-06-18 11:04:10,Clothing,Basic,20,"26,096.00",0,Low,0
TX001567,C0204,68.54,2024-07-10 21:05:38,Healthcare,Standard,50,"60,197.00",0,Low,0
TX003436,C0223,68.53,2024-06-08 18:22:45,Online Shopping,Standard,46,"58,016.00",0,Low,0
TX006193,C0049,68.51,2024-08-29 15:56:12,Clothing,Standard,42,"82,699.00",0,Low,0
TX005854,C0056,68.49,2024-04-14 02:45:36,Groceries,Standard,49,"60,280.00",0,Low,1
TX000849,C0361,68.49,2024-09-19 07:57:52,Clothing,Student,44,"21,690.00",0,Low,0
TX001997,C0255,68.46,2024-08-06 05:45:31,Groceries,Basic,19,"22,068.00",0,Low,0
TX007966,C0412,68.46,2024-08-28 08:20:16,Dining,Standard,24,"54,863.00",0,Low,0
TX006555,C0355,68.44,2024-12-19 08:11:11,Entertainment,Student,37,"16,323.00",1,Low,0
TX001026,C0090,68.42,2024-11-24 16:39:06,Dining,Standard,44,"37,624.00",0,Low,0
TX007834,C0231,68.4,2024-12-11 05:52:41,Online Shopping,Premium,29,"99,079.00",0,Low,0
TX006565,C0108,68.35,2024-02-21 18:07:50,Dining,Basic,40,"24,824.00",1,Low,0
TX006933,C0063,68.34,2024-05-26 17:32:40,Fuel,Student,24,"17,279.00",0,Low,0
TX004267,C0349,68.33,2024-08-24 22:23:13,Clothing,Basic,29,"24,805.00",0,Low,0
TX001606,C0141,68.31,2024-11-03 12:33:46,Entertainment,Basic,40,"20,193.00",0,Low,0
TX001493,C0184,68.27,2024-12-30 07:47:57,Groceries,Basic,43,"36,801.00",0,Low,0
TX002000,C0216,68.23,2024-04-20 03:27:23,Dining,Standard,47,"58,261.00",1,Low,1
TX001974,C0484,68.22,2024-02-11 04:31:08,Dining,Standard,40,"82,390.00",0,Low,1
TX002316,C0168,68.22,2024-11-22 20:35:35,Groceries,Student,60,"8,041.00",0,Low,0
TX001752,C0230,68.21,2024-08-29 17:06:24,Entertainment,Standard,46,"37,804.00",0,Low,0
TX005355,C0244,68.21,2024-11-09 02:50:22,Dining,Premium,48,"111,035.00",0,Low,1
TX002268,C0070,68.19,2024-11-09 17:17:39,Groceries,Basic,30,"41,520.00",0,Low,0
TX003019,C0016,68.16,2024-06-25 04:46:27,Online Shopping,Standard,31,"58,287.00",0,Low,1
TX001387,C0294,68.15,2024-10-29 20:42:41,Clothing,Basic,48,"22,253.00",0,Low,0
TX001560,C0290,68.11,2024-10-20 08:04:36,Clothing,Student,30,"18,763.00",0,Low,0
TX005498,C0191,68.09,2024-10-12 01:00:30,Groceries,Standard,32,"70,454.00",1,Low,1
TX005094,C0284,67.99,2024-11-14 04:57:32,Groceries,Basic,23,"21,171.00",0,Low,1
TX006126,C0273,67.98,2024-04-13 12:26:10,Groceries,Premium,51,"107,842.00",0,Low,0
TX006626,C0033,67.97,2024-12-13 04:41:09,Clothing,Standard,37,"78,482.00",0,Low,1
TX005051,C0015,67.95,2024-09-21 14:41:09,Dining,Premium,18,"80,766.00",0,Low,0
TX006236,C0044,67.9,2024-01-10 19:38:33,Dining,Premium,34,"73,077.00",0,Low,0
TX006526,C0088,67.9,2024-11-27 04:11:43,Dining,Student,41,"14,809.00",0,Low,1
TX002479,C0283,67.88,2024-01-22 15:58:28,Dining,Standard,57,"40,171.00",0,Low,0
TX003952,C0145,67.84,2024-02-28 20:31:02,Dining,Basic,41,"43,471.00",0,Low,0
TX006309,C0446,67.84,2024-03-18 17:27:59,Groceries,Student,46,"15,012.00",0,Low,0
TX001975,C0495,67.83,2024-10-22 11:01:43,Dining,Basic,56,"33,679.00",0,Low,0
TX000058,C0370,67.82,2024-09-23 03:09:02,Groceries,Basic,28,"18,690.00",0,Low,1
TX003699,C0344,67.79,2024-07-03 09:01:46,Fuel,Standard,31,"79,425.00",0,Low,0
TX003847,C0363,67.73,2024-03-21 20:33:54,Groceries,Basic,36,"24,359.00",0,Low,0
TX001648,C0140,67.73,2024-11-11 20:05:37,Groceries,Basic,23,"42,591.00",0,Low,0
TX004308,C0146,67.67,2024-01-24 06:49:17,Groceries,Basic,47,"26,328.00",0,Low,0
TX006507,C0186,67.59,2024-02-13 06:10:05,Fuel,Student,46,"13,602.00",0,Low,0
TX005435,C0236,67.59,2024-08-27 15:51:51,Online Shopping,Standard,45,"61,328.00",1,Low,0
TX000342,C0493,67.57,2024-03-24 01:44:11,Online Shopping,Basic,38,"30,256.00",0,Low,1
TX002530,C0416,67.53,2024-10-29 08:17:24,Groceries,Premium,29,"114,532.00",0,Low,0
TX006335,C0307,67.52,2024-08-07 10:47:40,Clothing,Standard,53,"56,834.00",0,Low,0
TX004364,C0490,67.43,2024-01-03 15:13:46,Healthcare,Basic,48,"32,394.00",0,Low,0
TX007289,C0123,67.42,2024-01-19 22:19:05,Groceries,Basic,54,"27,437.00",0,Low,0
TX000940,C0401,67.37,2024-04-03 19:03:28,Online Shopping,Standard,18,"68,786.00",0,Low,0
TX002909,C0224,67.37,2024-11-29 14:27:53,Healthcare,Basic,18,"38,405.00",0,Low,0
TX001978,C0427,67.36,2024-11-18 13:42:28,Groceries,Student,26,"14,718.00",0,Low,0
TX004625,C0075,67.33,2024-09-08 16:51:11,Fuel,Basic,18,"31,024.00",0,Low,0
TX000461,C0403,67.25,2024-01-29 06:45:15,ATM Withdrawal,Student,38,"16,069.00",0,Low,0
TX007012,C0027,67.25,2024-06-11 20:23:50,Clothing,Student,24,"15,531.00",0,Low,0
TX001124,C0429,67.25,2024-08-11 22:54:06,Groceries,Basic,50,"30,515.00",0,Low,0
TX007757,C0143,67.24,2024-06-02 21:56:26,Dining,Basic,18,"31,795.00",0,Low,0
TX005101,C0179,67.24,2024-09-17 11:48:50,Online Shopping,Student,34,"18,985.00",0,Low,0
TX002922,C0049,67.22,2024-03-25 21:46:50,Entertainment,Standard,42,"82,699.00",0,Low,0
TX003694,C0233,67.21,2024-10-13 04:06:55,Dining,Basic,38,"29,486.00",0,Low,1
TX001329,C0020,67.21,2024-10-30 10:34:57,Groceries,Standard,21,"59,185.00",0,Low,0
TX003290,C0364,67.21,2024-11-12 05:36:21,Entertainment,Standard,42,"54,163.00",0,Low,0
TX002318,C0193,67.14,2024-08-20 22:27:36,Fuel,Premium,40,"82,228.00",0,Low,0
TX002201,C0374,67.14,2024-10-09 08:20:27,Clothing,Basic,49,"39,888.00",0,Low,0
TX001592,C0139,67.14,2024-11-04 18:22:45,Entertainment,Student,47,"13,067.00",0,Low,0
TX002257,C0378,67.13,2024-08-04 17:44:38,Clothing,Basic,40,"27,468.00",0,Low,0
TX006798,C0325,67.12,2024-06-03 00:45:35,Fuel,Premium,25,"54,372.00",0,Low,1
TX003788,C0005,67.1,2024-05-22 17:05:41,Groceries,Basic,35,"32,949.00",0,Low,0
TX001838,C0017,67.07,2024-07-26 07:20:45,Groceries,Standard,25,"58,740.00",0,Low,0
TX000006,C0148,67.07,2024-09-03 23:53:15,Clothing,Basic,22,"29,691.00",0,Low,0
TX006446,C0226,67.06,2024-10-27 21:45:05,Groceries,Premium,51,"125,610.00",0,Low,0
TX000169,C0229,67.01,2024-03-19 04:42:51,Healthcare,Basic,29,"43,067.00",0,Low,1
TX006227,C0183,66.98,2024-08-13 04:23:29,Dining,Premium,25,"135,022.00",0,Low,1
TX001090,C0093,66.96,2024-02-25 17:07:01,Online Shopping,Premium,29,"83,371.00",0,Low,0
TX004587,C0335,66.95,2024-10-06 11:36:14,Electronics,Standard,49,"46,637.00",0,Low,0
TX007095,C0162,66.9,2024-08-13 19:50:51,Dining,Standard,47,"72,590.00",0,Low,0
TX003390,C0028,66.89,2024-02-08 07:02:55,Groceries,Basic,42,"24,399.00",0,Low,0
TX006925,C0042,66.88,2024-08-22 03:14:24,Dining,Standard,40,"65,625.00",0,Low,1
TX007589,C0464,66.86,2024-02-16 20:18:28,Clothing,Student,40,"15,733.00",0,Low,0
TX002579,C0299,66.81,2024-04-24 08:57:32,Dining,Standard,47,"31,105.00",0,Low,0
TX000275,C0403,66.79,2024-02-19 00:23:24,Groceries,Student,38,"16,069.00",0,Low,1
TX003685,C0342,66.79,2024-02-26 02:26:29,Groceries,Standard,40,"46,696.00",0,Low,1
TX006085,C0082,66.79,2024-12-09 18:33:43,Dining,Standard,42,"18,641.00",0,Low,0
TX006936,C0019,66.78,2024-04-21 01:52:10,Groceries,Premium,27,"87,141.00",0,Low,1
TX005456,C0325,66.78,2024-11-25 17:42:34,Online Shopping,Premium,25,"54,372.00",0,Low,0
TX004247,C0488,66.72,2024-07-24 04:19:58,Groceries,Student,25,"12,577.00",0,Low,1
TX007570,C0495,66.71,2024-05-25 02:08:46,Fuel,Basic,56,"33,679.00",0,Low,1
TX007231,C0075,66.67,2024-09-02 08:52:27,Groceries,Basic,18,"31,024.00",0,Low,0
TX000019,C0028,66.67,2024-10-22 10:36:38,Entertainment,Basic,42,"24,399.00",0,Low,0
TX007127,C0004,66.66,2024-02-02 17:08:46,Clothing,Student,56,"11,732.00",0,Low,0
TX006861,C0021,66.66,2024-09-08 21:35:15,Entertainment,Student,55,"17,431.00",0,Low,0
TX002921,C0313,66.65,2024-02-02 22:39:16,Entertainment,Basic,47,"18,779.00",0,Low,0
TX001928,C0070,66.65,2024-09-20 23:56:00,Dining,Basic,30,"41,520.00",0,Low,0
TX006851,C0378,66.64,2024-08-13 09:51:04,Online Shopping,Basic,40,"27,468.00",0,Low,0
TX007329,C0453,66.63,2024-12-10 09:28:36,Fuel,Basic,26,"19,064.00",0,Low,0
TX005627,C0354,66.62,2024-02-12 21:22:06,Entertainment,Student,36,"8,776.00",1,Low,0
TX001627,C0175,66.59,2024-06-09 10:56:39,Dining,Premium,41,"88,592.00",0,Low,0
TX006898,C0493,66.54,2024-05-15 22:32:32,Groceries,Basic,38,"30,256.00",1,Low,0
TX007617,C0490,66.54,2024-07-26 20:57:05,Healthcare,Basic,48,"32,394.00",0,Low,0
TX001070,C0202,66.54,2024-12-29 00:56:20,Entertainment,Premium,44,"30,053.00",0,Low,1
TX002261,C0081,66.52,2024-12-12 07:41:36,Fuel,Standard,35,"48,215.00",0,Low,0
TX003584,C0328,66.49,2024-05-20 09:38:40,Online Shopping,Standard,47,"61,206.00",1,Low,0
TX001781,C0007,66.47,2024-12-23 18:12:22,Healthcare,Premium,56,"90,862.00",0,Low,0
TX006245,C0180,66.44,2024-08-24 13:12:19,Groceries,Standard,70,"47,593.00",0,Low,0
TX000020,C0051,66.42,2024-01-03 08:55:44,Dining,Standard,41,"32,117.00",0,Low,0
TX006392,C0294,66.41,2024-06-27 23:32:28,Fuel,Basic,48,"22,253.00",0,Low,0
TX006360,C0240,66.4,2024-11-24 17:02:09,Clothing,Student,48,"18,856.00",0,Low,0
TX007674,C0181,66.38,2024-10-22 15:27:59,Dining,Basic,45,"17,547.00",0,Low,0
TX004076,C0483,66.37,2024-06-07 21:54:22,Groceries,Basic,18,"25,155.00",0,Low,0
TX001708,C0356,66.36,2024-04-19 05:17:34,Groceries,Premium,25,"115,005.00",0,Low,0
TX006726,C0299,66.35,2024-04-06 18:03:05,Entertainment,Standard,47,"31,105.00",0,Low,0
TX005662,C0462,66.33,2024-03-13 13:03:44,Clothing,Premium,38,"101,754.00",0,Low,0
TX006191,C0108,66.29,2024-10-16 08:19:37,Groceries,Basic,40,"24,824.00",0,Low,0
TX005147,C0439,66.28,2024-11-01 04:53:15,Clothing,Standard,18,"57,230.00",0,Low,1
TX004669,C0275,66.25,2024-02-17 14:05:11,Groceries,Student,26,"18,035.00",0,Low,0
TX001478,C0016,66.24,2024-01-29 19:24:02,Entertainment,Standard,31,"58,287.00",0,Low,0
TX001408,C0126,66.22,2024-08-05 19:26:02,Dining,Standard,64,"46,394.00",0,Low,0
TX004122,C0299,66.2,2024-07-28 20:10:58,Groceries,Standard,47,"31,105.00",0,Low,0
TX005354,C0088,66.19,2024-04-12 13:18:50,Dining,Student,41,"14,809.00",0,Low,0
TX005761,C0295,66.15,2024-01-30 13:12:04,Online Shopping,Standard,42,"56,580.00",0,Low,0
TX006375,C0129,66.1,2024-04-01 21:50:18,Clothing,Basic,39,"43,820.00",0,Low,0
TX001303,C0008,66.1,2024-10-29 13:40:50,Groceries,Standard,47,"74,176.00",0,Low,0
TX002296,C0043,66.06,2024-09-09 21:14:13,Dining,Standard,36,"58,657.00",0,Low,0
TX005213,C0409,66.05,2024-07-21 14:34:05,Fuel,Standard,39,"63,047.00",0,Low,0
TX000143,C0050,66.04,2024-04-06 17:53:45,Entertainment,Basic,18,"21,439.00",0,Low,0
TX004782,C0367,66.03,2024-12-20 05:54:20,Fuel,Student,40,"17,155.00",0,Low,0
TX003247,C0143,66.02,2024-10-19 20:42:23,Dining,Basic,18,"31,795.00",0,Low,0
TX005584,C0209,66,2024-11-01 07:06:04,Fuel,Standard,44,"71,622.00",0,Low,0
TX005192,C0294,65.99,2024-05-26 07:09:08,Dining,Basic,48,"22,253.00",0,Low,0
TX003730,C0058,65.91,2024-10-20 00:40:28,Fuel,Student,34,"20,775.00",0,Low,1
TX003732,C0465,65.9,2024-01-17 00:08:25,Dining,Student,36,"14,938.00",0,Low,1
TX003558,C0213,65.89,2024-02-09 08:01:40,Clothing,Standard,49,"45,643.00",0,Low,0
TX005559,C0246,65.88,2024-12-01 01:50:49,Groceries,Basic,33,"41,005.00",0,Low,1
TX002510,C0414,65.85,2024-02-03 23:30:37,Clothing,Standard,53,"62,120.00",0,Low,0
TX000126,C0203,65.85,2024-04-28 07:36:25,Groceries,Basic,50,"37,330.00",0,Low,0
TX000914,C0132,65.84,2024-10-18 14:00:52,Dining,Student,38,"15,480.00",0,Low,0
TX001741,C0268,65.78,2024-02-25 06:32:16,Entertainment,Premium,20,"40,638.00",0,Low,0
TX002520,C0137,65.78,2024-09-23 18:57:49,Dining,Premium,28,"101,976.00",0,Low,0
TX000500,C0002,65.77,2024-02-16 14:01:10,Entertainment,Basic,36,"31,173.00",0,Low,0
TX002959,C0049,65.76,2024-04-21 23:46:17,Groceries,Standard,42,"82,699.00",0,Low,0
TX005602,C0095,65.76,2024-06-26 17:50:06,Clothing,Basic,33,"31,667.00",0,Low,0
TX004808,C0358,65.73,2024-11-17 05:57:19,Dining,Student,34,"16,496.00",0,Low,0
TX005339,C0021,65.7,2024-09-22 08:16:19,Groceries,Student,55,"17,431.00",0,Low,0
TX004325,C0436,65.69,2024-01-11 10:17:04,Clothing,Standard,38,"73,281.00",0,Low,0
TX000664,C0476,65.64,2024-02-13 05:38:08,Groceries,Standard,35,"80,675.00",0,Low,0
TX003912,C0103,65.63,2024-06-14 22:40:35,Fuel,Standard,33,"46,432.00",0,Low,0
TX000292,C0432,65.62,2024-10-08 11:00:15,Online Shopping,Standard,18,"52,838.00",1,Low,0
TX002804,C0382,65.56,2024-02-27 12:42:38,Clothing,Standard,30,"60,899.00",0,Low,0
TX007349,C0003,65.5,2024-04-17 15:28:15,Groceries,Standard,45,"73,097.00",0,Low,0
TX007033,C0200,65.46,2024-03-18 14:44:55,Dining,Standard,24,"53,789.00",0,Low,0
TX003927,C0040,65.46,2024-07-07 13:58:01,Entertainment,Basic,40,"25,983.00",0,Low,0
TX006122,C0450,65.43,2024-07-22 08:28:38,Clothing,Basic,25,"18,120.00",0,Low,0
TX006558,C0240,65.39,2024-04-05 00:09:17,Fuel,Student,48,"18,856.00",0,Low,1
TX006047,C0366,65.39,2024-10-25 05:15:32,Groceries,Student,33,"15,304.00",0,Low,0
TX007732,C0355,65.38,2024-01-29 07:38:50,Dining,Student,37,"16,323.00",0,Low,0
TX007548,C0314,65.36,2024-04-20 11:47:18,Fuel,Student,47,"21,998.00",0,Low,0
TX002833,C0048,65.36,2024-08-23 07:26:26,Dining,Student,50,"14,603.00",0,Low,0
TX001841,C0492,65.34,2024-04-13 20:45:36,Groceries,Student,55,"21,246.00",0,Low,0
TX001912,C0093,65.34,2024-07-28 00:51:59,Groceries,Premium,29,"83,371.00",0,Low,1
TX006763,C0343,65.33,2024-10-15 08:30:03,Fuel,Standard,40,"63,534.00",0,Low,0
TX001300,C0165,65.32,2024-10-15 22:57:31,Groceries,Standard,49,"66,575.00",0,Low,0
TX002580,C0432,65.31,2024-11-17 13:27:48,Groceries,Standard,18,"52,838.00",0,Low,0
TX000439,C0143,65.28,2024-06-15 14:36:20,Clothing,Basic,18,"31,795.00",0,Low,0
TX002347,C0328,65.23,2024-02-12 08:46:02,Entertainment,Standard,47,"61,206.00",0,Low,0
TX002292,C0452,65.22,2024-06-17 11:48:38,Groceries,Standard,49,"69,014.00",0,Low,0
TX002229,C0048,65.22,2024-07-21 11:31:20,Groceries,Student,50,"14,603.00",0,Low,0
TX004747,C0140,65.21,2024-03-09 01:00:58,Clothing,Basic,23,"42,591.00",0,Low,1
TX003909,C0378,65.19,2024-11-27 07:40:50,Groceries,Basic,40,"27,468.00",0,Low,0
TX002472,C0414,65.18,2024-05-07 23:31:34,Fuel,Standard,53,"62,120.00",0,Low,0
TX007450,C0358,65.18,2024-11-28 09:17:05,Entertainment,Student,34,"16,496.00",0,Low,0
TX001451,C0191,65.16,2024-01-16 23:44:34,Healthcare,Standard,32,"70,454.00",0,Low,0
TX004056,C0259,65.16,2024-09-14 12:07:57,Dining,Standard,43,"79,630.00",0,Low,0
TX006597,C0256,65.15,2024-05-10 03:06:58,Online Shopping,Standard,32,"22,699.00",0,Low,1
TX006077,C0365,65.13,2024-10-12 13:34:05,Groceries,Student,46,"17,233.00",0,Low,0
TX003301,C0128,65.11,2024-02-20 03:19:10,Online Shopping,Student,31,"23,569.00",0,Low,1
TX000267,C0024,65.11,2024-08-11 06:17:50,Groceries,Standard,20,"57,911.00",0,Low,0
TX001661,C0256,65.08,2024-12-18 20:10:29,Entertainment,Standard,32,"22,699.00",0,Low,0
TX004374,C0095,65.05,2024-06-03 02:49:01,Dining,Basic,33,"31,667.00",0,Low,1
TX005843,C0122,65.02,2024-03-03 16:25:01,Clothing,Basic,27,"26,128.00",0,Low,0
TX007677,C0464,65.02,2024-11-24 11:41:24,Groceries,Student,40,"15,733.00",0,Low,0
TX000319,C0475,65.01,2024-02-26 09:53:14,Dining,Premium,57,"84,811.00",0,Low,0
TX007900,C0044,65.01,2024-04-03 21:52:31,Fuel,Premium,34,"73,077.00",0,Low,0
TX004437,C0450,65,2024-12-08 03:48:26,Entertainment,Basic,25,"18,120.00",0,Low,1
TX003293,C0150,64.99,2024-01-26 23:50:59,Fuel,Student,41,"18,534.00",0,Low,0
TX001727,C0102,64.99,2024-07-29 20:04:38,Online Shopping,Basic,32,"35,126.00",0,Low,0
TX004804,C0079,64.98,2024-04-25 22:09:17,Healthcare,Standard,39,"48,307.00",0,Low,0
TX004588,C0043,64.9,2024-12-04 01:02:49,Entertainment,Standard,36,"58,657.00",0,Low,1
TX002329,C0147,64.9,2024-12-18 11:40:44,Groceries,Standard,23,"71,180.00",0,Low,0
TX003014,C0170,64.88,2024-07-18 16:07:30,Clothing,Standard,28,"38,204.00",0,Low,0
TX005436,C0183,64.86,2024-10-31 22:37:19,Groceries,Premium,25,"135,022.00",0,Low,0
TX003720,C0244,64.85,2024-09-06 03:08:59,Groceries,Premium,48,"111,035.00",0,Low,1
TX001502,C0120,64.84,2024-12-13 18:26:06,Groceries,Basic,47,"31,583.00",0,Low,0
TX000343,C0198,64.83,2024-01-09 15:18:01,Entertainment,Standard,39,"55,779.00",0,Low,0
TX006766,C0084,64.83,2024-06-18 03:36:28,Fuel,Standard,31,"66,406.00",0,Low,1
TX006856,C0313,64.8,2024-05-09 15:54:39,Dining,Basic,47,"18,779.00",0,Low,0
TX001462,C0358,64.79,2024-10-12 00:10:19,Fuel,Student,34,"16,496.00",0,Low,1
TX006048,C0120,64.79,2024-11-20 18:00:11,Groceries,Basic,47,"31,583.00",0,Low,0
TX005080,C0420,64.75,2024-02-10 23:08:45,Entertainment,Basic,38,"19,505.00",0,Low,0
TX000880,C0201,64.75,2024-06-17 07:40:23,Groceries,Basic,42,"30,629.00",0,Low,0
TX003569,C0114,64.75,2024-07-12 13:59:30,Fuel,Basic,67,"25,718.00",0,Low,0
TX004690,C0298,64.75,2024-12-26 11:49:50,Clothing,Standard,41,"59,796.00",0,Low,0
TX002398,C0084,64.74,2024-05-06 23:49:11,Entertainment,Standard,31,"66,406.00",0,Low,0
TX004769,C0007,64.73,2024-07-21 13:16:07,Online Shopping,Premium,56,"90,862.00",0,Low,0
TX000794,C0154,64.67,2024-11-11 08:52:33,Dining,Basic,40,"41,040.00",0,Low,0
TX004251,C0254,64.65,2024-01-22 21:55:07,Clothing,Standard,50,"42,295.00",0,Low,0
TX004884,C0432,64.65,2024-07-07 16:39:14,Fuel,Standard,18,"52,838.00",0,Low,0
TX001424,C0264,64.64,2024-07-21 06:22:15,Entertainment,Standard,25,"50,127.00",0,Low,0
TX001388,C0323,64.63,2024-09-11 01:35:26,Groceries,Standard,28,"42,469.00",0,Low,1
TX005416,C0312,64.62,2024-09-25 00:35:09,Groceries,Standard,51,"45,056.00",0,Low,1
TX003001,C0479,64.61,2024-11-11 09:05:03,Groceries,Student,74,"20,884.00",0,Low,0
TX006123,C0481,64.6,2024-01-15 19:43:51,Groceries,Standard,36,"44,963.00",0,Low,0
TX003925,C0439,64.56,2024-08-26 11:13:41,Dining,Standard,18,"57,230.00",0,Low,0
TX005251,C0134,64.55,2024-05-14 18:23:33,Groceries,Basic,43,"21,817.00",0,Low,0
TX003280,C0322,64.5,2024-02-02 14:15:59,Groceries,Basic,45,"32,231.00",0,Low,0
TX001144,C0075,64.48,2024-05-04 10:14:55,Dining,Basic,18,"31,024.00",0,Low,0
TX002871,C0144,64.48,2024-10-19 18:59:32,Groceries,Standard,40,"70,706.00",0,Low,0
TX002477,C0134,64.47,2024-03-16 09:59:17,Groceries,Basic,43,"21,817.00",1,Low,0
TX005619,C0247,64.46,2024-03-06 16:48:14,Online Shopping,Standard,32,"52,749.00",1,Low,0
TX005972,C0071,64.45,2024-06-21 11:27:38,Groceries,Standard,42,"44,854.00",0,Low,0
TX005504,C0034,64.45,2024-06-24 22:54:04,Entertainment,Standard,25,"54,013.00",0,Low,0
TX004930,C0350,64.43,2024-02-12 21:46:22,Groceries,Basic,35,"20,208.00",0,Low,0
TX005946,C0219,64.43,2024-12-26 02:57:06,Groceries,Basic,32,"31,203.00",0,Low,1
TX000293,C0173,64.42,2024-08-20 13:06:47,Fuel,Standard,37,"47,984.00",0,Low,0
TX005468,C0361,64.37,2024-06-28 11:28:58,Dining,Student,44,"21,690.00",0,Low,0
TX000152,C0171,64.36,2024-08-25 04:55:54,Fuel,Basic,27,"19,642.00",0,Low,1
TX007089,C0297,64.33,2024-10-17 14:21:03,Groceries,Standard,48,"45,979.00",0,Low,0
TX007608,C0325,64.3,2024-08-08 02:18:15,Entertainment,Premium,25,"54,372.00",0,Low,1
TX004493,C0124,64.29,2024-01-26 03:21:31,Groceries,Standard,21,"61,362.00",0,Low,1
TX003422,C0266,64.29,2024-02-06 10:19:33,Groceries,Basic,23,"48,327.00",0,Low,0
TX001288,C0484,64.28,2024-11-14 17:55:47,Dining,Standard,40,"82,390.00",0,Low,0
TX006289,C0106,64.22,2024-01-25 13:16:59,Clothing,Basic,42,"37,397.00",0,Low,0
TX007681,C0066,64.2,2024-03-07 22:58:20,Clothing,Basic,54,"40,633.00",0,Low,0
TX000086,C0315,64.19,2024-03-21 01:14:59,Clothing,Basic,53,"20,049.00",0,Low,1
TX007588,C0484,64.19,2024-07-29 18:58:26,Groceries,Standard,40,"82,390.00",0,Low,0
TX002994,C0220,64.17,2024-12-19 17:19:55,Entertainment,Basic,38,"32,919.00",1,Low,0
TX004253,C0017,64.16,2024-06-22 22:29:07,Fuel,Standard,25,"58,740.00",0,Low,0
TX000850,C0125,64.09,2024-10-04 04:21:35,Online Shopping,Standard,45,"62,842.00",0,Low,1
TX006934,C0062,64.08,2024-09-05 12:25:37,Groceries,Basic,35,"33,654.00",0,Low,0
TX005328,C0418,64.07,2024-06-20 03:17:26,Dining,Standard,39,"63,367.00",0,Low,1
TX003216,C0409,64.04,2024-12-18 23:08:02,Entertainment,Standard,39,"63,047.00",0,Low,0
TX000056,C0190,64.02,2024-08-10 07:59:15,Online Shopping,Student,19,"16,720.00",0,Low,0
TX002903,C0232,64.01,2024-11-02 07:35:12,Groceries,Standard,40,"43,685.00",0,Low,0
TX006937,C0017,64,2024-09-28 02:01:48,Dining,Standard,25,"58,740.00",0,Low,1
TX005166,C0151,63.97,2024-03-25 13:38:28,Entertainment,Standard,41,"64,784.00",0,Low,0
TX002907,C0048,63.96,2024-10-21 06:24:05,Fuel,Student,50,"14,603.00",0,Low,0
TX001248,C0069,63.94,2024-11-11 10:49:49,Groceries,Premium,42,"87,307.00",0,Low,0
TX003514,C0486,63.93,2024-08-26 11:32:51,Clothing,Basic,20,"26,096.00",0,Low,0
TX005018,C0348,63.88,2024-05-01 20:01:12,Entertainment,Basic,21,"21,881.00",0,Low,0
TX001764,C0283,63.82,2024-03-11 04:14:02,Entertainment,Standard,57,"40,171.00",0,Low,1
TX007783,C0210,63.81,2024-06-16 10:52:37,Dining,Standard,75,"39,401.00",0,Low,0
TX004504,C0012,63.8,2024-10-10 05:54:18,Entertainment,Standard,32,"66,193.00",0,Low,0
TX007989,C0046,63.75,2024-03-03 06:45:21,Entertainment,Premium,29,"116,173.00",0,Low,0
TX000847,C0264,63.73,2024-05-18 16:52:56,Groceries,Standard,25,"50,127.00",0,Low,0
TX007370,C0338,63.72,2024-10-15 03:17:16,Entertainment,Premium,34,"167,391.00",1,Low,1
TX000424,C0021,63.71,2024-09-11 04:03:47,Clothing,Student,55,"17,431.00",1,Low,1
TX002976,C0429,63.7,2024-09-29 01:12:27,Dining,Basic,50,"30,515.00",0,Low,1
TX004175,C0495,63.67,2024-08-13 18:54:31,Healthcare,Basic,56,"33,679.00",0,Low,0
TX006621,C0075,63.6,2024-01-10 11:25:42,Fuel,Basic,18,"31,024.00",0,Low,0
TX002344,C0371,63.58,2024-02-08 03:51:08,Fuel,Standard,38,"53,331.00",0,Low,1
TX007031,C0201,63.58,2024-11-11 02:15:34,Dining,Basic,42,"30,629.00",0,Low,1
TX006999,C0010,63.57,2024-07-08 16:16:47,Groceries,Standard,44,"55,696.00",0,Low,0
TX000805,C0201,63.56,2024-06-27 17:14:57,Online Shopping,Basic,42,"30,629.00",0,Low,0
TX004011,C0419,63.54,2024-01-16 20:31:09,Online Shopping,Standard,52,"55,155.00",0,Low,0
TX001779,C0055,63.5,2024-09-03 23:12:39,Online Shopping,Standard,50,"51,381.00",0,Low,0
TX004221,C0441,63.49,2024-03-17 20:15:52,Groceries,Basic,42,"25,092.00",0,Low,0
TX004462,C0208,63.48,2024-12-05 18:14:07,Groceries,Basic,44,"28,883.00",0,Low,0
TX002887,C0233,63.48,2024-12-27 21:48:51,Groceries,Basic,38,"29,486.00",0,Low,0
TX007075,C0380,63.46,2024-04-28 16:53:40,Clothing,Basic,28,"31,133.00",0,Low,0
TX004546,C0365,63.44,2024-10-27 15:06:44,Dining,Student,46,"17,233.00",0,Low,0
TX003829,C0481,63.34,2024-06-26 19:47:16,Entertainment,Standard,36,"44,963.00",0,Low,0
TX001563,C0354,63.32,2024-02-01 11:14:51,Clothing,Student,36,"8,776.00",0,Low,0
TX004607,C0201,63.32,2024-07-22 01:23:24,Groceries,Basic,42,"30,629.00",0,Low,1
TX005861,C0114,63.31,2024-01-16 00:29:12,Dining,Basic,67,"25,718.00",0,Low,1
TX003028,C0094,63.3,2024-09-11 11:26:35,Groceries,Student,34,"15,107.00",0,Low,0
TX002232,C0153,63.29,2024-05-09 04:17:20,Groceries,Student,29,"20,906.00",0,Low,1
TX004711,C0267,63.28,2024-01-09 07:16:24,Dining,Standard,57,"34,156.00",0,Low,0
TX005087,C0427,63.27,2024-07-01 12:28:32,Entertainment,Student,26,"14,718.00",0,Low,0
TX002523,C0385,63.26,2024-05-10 18:01:51,Fuel,Standard,28,"57,003.00",0,Low,0
TX006663,C0146,63.24,2024-02-14 00:28:24,Entertainment,Basic,47,"26,328.00",0,Low,1
TX000868,C0494,63.22,2024-05-16 19:36:28,Groceries,Basic,27,"23,972.00",0,Low,0
TX003725,C0299,63.18,2024-07-16 04:28:43,Fuel,Standard,47,"31,105.00",0,Low,1
TX000863,C0158,63.15,2024-09-10 07:27:00,Online Shopping,Standard,43,"58,910.00",0,Low,0
TX005151,C0487,63.12,2024-10-25 08:47:30,Dining,Standard,30,"87,359.00",0,Low,0
TX003661,C0072,63.07,2024-10-29 22:39:19,Entertainment,Standard,56,"82,014.00",0,Low,0
TX007108,C0178,63.05,2024-09-14 13:12:39,Groceries,Standard,55,"35,755.00",0,Low,0
TX004571,C0044,63.04,2024-05-26 13:38:27,Groceries,Premium,34,"73,077.00",0,Low,0
TX005077,C0368,63.03,2024-12-13 00:21:58,Dining,Standard,38,"41,189.00",0,Low,1
TX001093,C0400,63.02,2024-10-30 14:19:18,Dining,Standard,52,"53,516.00",0,Low,0
TX001468,C0188,63,2024-09-28 07:22:31,Dining,Standard,37,"86,151.00",0,Low,0
TX004326,C0367,62.96,2024-08-30 04:41:25,Groceries,Student,40,"17,155.00",0,Low,1
TX000034,C0220,62.96,2024-12-21 04:29:38,Entertainment,Basic,38,"32,919.00",0,Low,1
TX001832,C0331,62.94,2024-06-29 19:33:46,Groceries,Standard,37,"55,657.00",0,Low,0
TX004135,C0291,62.93,2024-12-18 14:38:44,Entertainment,Student,35,"11,070.00",0,Low,0
TX007017,C0477,62.91,2024-05-24 02:17:40,Clothing,Basic,44,"19,024.00",1,Low,1
TX005936,C0335,62.91,2024-10-21 01:41:36,Groceries,Standard,49,"46,637.00",0,Low,1
TX001969,C0141,62.87,2024-03-31 08:12:19,Groceries,Basic,40,"20,193.00",0,Low,0
TX005253,C0137,62.85,2024-01-20 09:23:42,Dining,Premium,28,"101,976.00",0,Low,0
TX004517,C0216,62.83,2024-07-09 23:14:12,Fuel,Standard,47,"58,261.00",0,Low,0
TX004821,C0278,62.81,2024-04-07 09:42:59,ATM Withdrawal,Standard,30,"54,061.00",0,Low,0
TX003199,C0482,62.8,2024-12-18 04:40:41,Healthcare,Basic,26,"38,319.00",1,Low,1
TX007950,C0135,62.77,2024-12-13 09:34:38,Groceries,Standard,26,"51,139.00",0,Low,0
TX003090,C0063,62.74,2024-03-04 02:25:11,Clothing,Student,24,"17,279.00",0,Low,1
TX004368,C0163,62.72,2024-05-24 02:01:41,Entertainment,Basic,51,"34,348.00",0,Low,1
TX005690,C0081,62.68,2024-03-03 11:43:24,Entertainment,Standard,35,"48,215.00",0,Low,0
TX006318,C0354,62.68,2024-07-25 15:10:48,Healthcare,Student,36,"8,776.00",0,Low,0
TX001505,C0027,62.68,2024-10-12 04:17:34,Entertainment,Student,24,"15,531.00",0,Low,1
TX006291,C0381,62.66,2024-06-22 11:21:03,Groceries,Premium,27,"159,579.00",0,Low,0
TX002553,C0411,62.64,2024-08-26 22:11:26,Clothing,Standard,46,"55,422.00",0,Low,0
TX000792,C0344,62.62,2024-07-04 12:11:24,Groceries,Standard,31,"79,425.00",0,Low,0
TX007975,C0286,62.61,2024-05-05 16:52:51,Clothing,Basic,18,"41,136.00",0,Low,0
TX006910,C0198,62.6,2024-11-07 02:56:26,Groceries,Standard,39,"55,779.00",1,Low,1
TX002845,C0269,62.57,2024-01-16 14:01:11,Groceries,Standard,32,"70,338.00",0,Low,0
TX003399,C0086,62.57,2024-03-14 14:39:25,Clothing,Standard,31,"61,381.00",0,Low,0
TX001320,C0246,62.52,2024-10-08 08:51:45,Healthcare,Basic,33,"41,005.00",0,Low,0
TX004956,C0422,62.51,2024-08-31 10:53:22,Groceries,Student,59,"13,779.00",0,Low,0
TX006059,C0137,62.5,2024-02-15 18:00:54,Groceries,Premium,28,"101,976.00",0,Low,0
TX004843,C0401,62.5,2024-12-26 17:00:44,Fuel,Standard,18,"68,786.00",0,Low,0
TX003414,C0011,62.49,2024-07-05 18:32:19,Fuel,Standard,32,"34,602.00",0,Low,0
TX005848,C0473,62.47,2024-01-18 06:30:49,Dining,Basic,19,"26,453.00",0,Low,0
TX005753,C0013,62.47,2024-05-01 12:15:27,Dining,Standard,40,"64,682.00",0,Low,0
TX000187,C0354,62.45,2024-11-10 12:15:05,Dining,Student,36,"8,776.00",0,Low,0
TX002771,C0108,62.42,2024-09-12 19:25:08,Clothing,Basic,40,"24,824.00",0,Low,0
TX007252,C0326,62.41,2024-03-26 12:05:58,Fuel,Premium,23,"99,294.00",0,Low,0
TX006242,C0278,62.38,2024-05-08 05:07:07,Dining,Standard,30,"54,061.00",0,Low,0
TX000712,C0273,62.38,2024-09-12 09:40:01,Groceries,Premium,51,"107,842.00",0,Low,0
TX000995,C0277,62.38,2024-12-13 07:19:42,Groceries,Standard,40,"56,563.00",0,Low,0
TX002314,C0481,62.37,2024-10-15 14:42:54,Groceries,Standard,36,"44,963.00",0,Low,0
TX001342,C0352,62.33,2024-04-22 22:56:19,Healthcare,Standard,55,"43,450.00",0,Low,0
TX005689,C0390,62.3,2024-06-16 09:09:04,Online Shopping,Premium,31,"50,063.00",0,Low,0
TX000442,C0405,62.28,2024-12-26 13:56:16,Fuel,Basic,32,"24,655.00",0,Low,0
TX000394,C0106,62.25,2024-07-18 23:55:47,Dining,Basic,42,"37,397.00",0,Low,0
TX003133,C0480,62.25,2024-08-10 03:49:12,Clothing,Standard,51,"51,860.00",0,Low,1
TX001902,C0210,62.21,2024-10-02 11:31:06,Groceries,Standard,75,"39,401.00",0,Low,0
TX004703,C0240,62.21,2024-12-12 08:43:20,Clothing,Student,48,"18,856.00",0,Low,0
TX001066,C0258,62.2,2024-04-10 09:08:24,ATM Withdrawal,Standard,29,"35,153.00",0,Low,0
TX003797,C0105,62.2,2024-05-16 04:37:23,ATM Withdrawal,Standard,36,"75,990.00",0,Low,1
TX006690,C0273,62.18,2024-08-17 18:56:30,Online Shopping,Premium,51,"107,842.00",0,Low,0
TX003462,C0337,62.14,2024-01-11 12:25:48,Fuel,Standard,28,"53,675.00",0,Low,0
TX004633,C0218,62.11,2024-01-21 09:52:58,Clothing,Standard,35,"62,435.00",0,Low,0
TX000487,C0423,62.11,2024-06-01 22:37:35,Clothing,Basic,35,"25,123.00",0,Low,0
TX007487,C0374,62.1,2024-11-19 07:54:30,Groceries,Basic,49,"39,888.00",0,Low,0
TX005746,C0290,62.09,2024-10-15 07:09:44,Dining,Student,30,"18,763.00",0,Low,0
TX005509,C0402,62.08,2024-05-26 05:23:08,Online Shopping,Basic,30,"27,677.00",0,Low,0
TX000247,C0188,62.03,2024-03-28 02:53:20,Dining,Standard,37,"86,151.00",0,Low,1
TX005003,C0053,62.03,2024-07-08 16:37:22,Groceries,Basic,29,"29,635.00",0,Low,0
TX007616,C0297,62.01,2024-02-09 15:40:19,Clothing,Standard,48,"45,979.00",0,Low,0
TX005052,C0327,61.98,2024-04-25 03:48:17,Entertainment,Basic,51,"35,070.00",0,Low,1
TX007446,C0166,61.95,2024-07-21 09:27:48,Dining,Standard,42,"12,271.00",0,Low,0
TX007249,C0145,61.95,2024-08-11 21:45:29,Dining,Basic,41,"43,471.00",0,Low,0
TX005434,C0276,61.95,2024-12-08 13:18:28,Groceries,Standard,43,"59,217.00",0,Low,0
TX006676,C0434,61.93,2024-07-24 12:22:47,Groceries,Basic,46,"34,799.00",0,Low,0
TX002666,C0207,61.91,2024-01-22 03:15:21,Online Shopping,Standard,44,"86,325.00",0,Low,1
TX006891,C0233,61.91,2024-05-31 17:58:06,Clothing,Basic,38,"29,486.00",0,Low,0
TX006156,C0266,61.89,2024-12-27 14:11:35,Groceries,Basic,23,"48,327.00",0,Low,0
TX006043,C0041,61.88,2024-12-03 01:04:09,Fuel,Standard,46,"39,681.00",0,Low,1
TX005721,C0018,61.87,2024-01-13 06:30:57,Groceries,Student,41,"21,309.00",0,Low,0
TX003923,C0076,61.85,2024-08-26 14:11:44,Clothing,Standard,47,"44,784.00",0,Low,0
TX000596,C0042,61.84,2024-11-17 07:36:10,Entertainment,Standard,40,"65,625.00",0,Low,0
TX002732,C0499,61.83,2024-04-13 01:00:29,Clothing,Standard,27,"49,520.00",0,Low,1
TX006145,C0046,61.82,2024-02-01 00:39:06,Clothing,Premium,29,"116,173.00",0,Low,1
TX002496,C0473,61.76,2024-02-16 07:32:25,Groceries,Basic,19,"26,453.00",0,Low,0
TX002730,C0137,61.75,2024-01-26 03:47:44,Online Shopping,Premium,28,"101,976.00",0,Low,1
TX007875,C0026,61.75,2024-03-05 09:34:30,Fuel,Basic,39,"21,787.00",0,Low,0
TX001901,C0446,61.75,2024-03-31 07:47:49,Fuel,Student,46,"15,012.00",0,Low,0
TX001192,C0031,61.72,2024-06-01 10:59:56,Groceries,Basic,30,"25,528.00",0,Low,0
TX005807,C0411,61.71,2024-06-16 02:58:38,Groceries,Standard,46,"55,422.00",0,Low,1
TX002360,C0328,61.7,2024-02-12 00:08:48,Clothing,Standard,47,"61,206.00",1,Low,1
TX003849,C0364,61.7,2024-06-08 04:26:48,Online Shopping,Standard,42,"54,163.00",0,Low,1
TX000150,C0461,61.66,2024-04-23 18:38:04,Groceries,Standard,61,"46,806.00",0,Low,0
TX002048,C0116,61.66,2024-11-13 08:35:27,Entertainment,Standard,41,"57,963.00",1,Low,0
TX003989,C0059,61.63,2024-02-09 15:04:27,Dining,Basic,41,"29,342.00",0,Low,0
TX000735,C0124,61.59,2024-08-01 15:29:15,Clothing,Standard,21,"61,362.00",1,Low,0
TX004136,C0022,61.58,2024-07-24 13:21:25,Entertainment,Student,35,"15,746.00",0,Low,0
TX004761,C0054,61.52,2024-12-23 01:25:11,Dining,Basic,45,"31,946.00",1,Low,1
TX001757,C0272,61.51,2024-05-04 22:47:04,Groceries,Standard,20,"63,458.00",0,Low,0
TX000017,C0391,61.5,2024-03-21 11:03:35,Dining,Student,27,"8,000.00",0,Low,0
TX006083,C0101,61.46,2024-02-03 03:13:36,Dining,Student,21,"22,190.00",0,Low,1
TX007326,C0053,61.45,2024-01-20 20:49:54,Dining,Basic,29,"29,635.00",0,Low,0
TX007927,C0215,61.45,2024-06-08 05:58:12,Groceries,Basic,34,"28,474.00",0,Low,0
TX001266,C0250,61.45,2024-09-17 17:24:15,Clothing,Standard,42,"55,233.00",0,Low,0
TX001065,C0423,61.41,2024-01-24 23:22:34,Entertainment,Basic,35,"25,123.00",0,Low,0
TX006673,C0425,61.39,2024-06-27 17:05:52,Fuel,Standard,45,"55,849.00",0,Low,0
TX004000,C0384,61.38,2024-07-02 17:09:49,Entertainment,Basic,31,"27,527.00",0,Low,0
TX007237,C0297,61.38,2024-10-07 07:22:50,Entertainment,Standard,48,"45,979.00",0,Low,0
TX005073,C0465,61.36,2024-05-31 01:29:50,Groceries,Student,36,"14,938.00",0,Low,1
TX000974,C0380,61.33,2024-11-27 22:14:08,Groceries,Basic,28,"31,133.00",0,Low,0
TX002401,C0079,61.32,2024-10-24 00:20:49,Fuel,Standard,39,"48,307.00",0,Low,1
TX003385,C0350,61.31,2024-08-29 19:21:02,Groceries,Basic,35,"20,208.00",1,Low,0
TX000164,C0295,61.31,2024-11-26 11:28:45,Healthcare,Standard,42,"56,580.00",0,Low,0
TX003400,C0004,61.28,2024-09-13 18:06:21,Clothing,Student,56,"11,732.00",0,Low,0
TX006100,C0265,61.27,2024-07-15 01:13:40,Groceries,Student,34,"8,000.00",0,Low,1
TX005778,C0146,61.26,2024-03-28 02:25:20,Groceries,Basic,47,"26,328.00",0,Low,1
TX002435,C0425,61.25,2024-11-02 13:27:07,Online Shopping,Standard,45,"55,849.00",0,Low,0
TX001688,C0173,61.24,2024-05-23 18:35:47,Dining,Standard,37,"47,984.00",0,Low,0
TX005030,C0392,61.19,2024-05-04 14:19:38,Groceries,Premium,43,"105,239.00",0,Low,0
TX001553,C0471,61.17,2024-02-14 07:08:06,Clothing,Standard,34,"54,590.00",0,Low,0
TX003648,C0227,61.17,2024-04-14 23:42:52,Dining,Basic,38,"35,109.00",0,Low,0
TX006501,C0339,61.16,2024-02-12 19:59:25,Online Shopping,Student,42,"11,785.00",1,Low,0
TX003056,C0061,61.16,2024-11-19 04:54:57,Clothing,Premium,32,"100,281.00",0,Low,1
TX003564,C0388,61.14,2024-06-13 10:25:12,Online Shopping,Basic,60,"37,653.00",0,Low,0
TX003382,C0192,61.14,2024-08-18 01:31:38,Dining,Basic,48,"31,910.00",0,Low,1
TX006425,C0025,61.12,2024-04-03 06:28:30,Groceries,Standard,31,"71,104.00",0,Low,0
TX007553,C0150,61.08,2024-12-30 06:26:32,Dining,Student,41,"18,534.00",0,Low,0
TX000443,C0426,61.04,2024-08-05 08:09:44,Groceries,Student,54,"17,118.00",0,Low,0
TX002678,C0496,61.04,2024-12-13 20:25:18,Dining,Basic,44,"24,578.00",0,Low,0
TX001314,C0354,60.95,2024-06-26 11:43:59,Dining,Student,36,"8,776.00",0,Low,0
TX000417,C0184,60.9,2024-03-30 08:49:14,Dining,Basic,43,"36,801.00",0,Low,0
TX006604,C0438,60.89,2024-02-04 03:44:31,Clothing,Standard,21,"77,360.00",0,Low,1
TX006950,C0388,60.86,2024-11-20 00:01:55,Groceries,Basic,60,"37,653.00",1,Low,1
TX002688,C0109,60.8,2024-01-11 17:09:38,Fuel,Basic,41,"35,585.00",0,Low,0
TX002966,C0207,60.8,2024-12-28 21:55:12,Clothing,Standard,44,"86,325.00",0,Low,0
TX007940,C0188,60.78,2024-10-23 18:59:14,ATM Withdrawal,Standard,37,"86,151.00",1,Low,0
TX005102,C0056,60.77,2024-07-09 15:44:27,Dining,Standard,49,"60,280.00",0,Low,0
TX007265,C0369,60.75,2024-07-20 09:38:17,Online Shopping,Student,39,"15,677.00",0,Low,0
TX001010,C0046,60.72,2024-06-14 23:19:26,Entertainment,Premium,29,"116,173.00",0,Low,0
TX002651,C0150,60.7,2024-08-12 20:34:19,Dining,Student,41,"18,534.00",0,Low,0
TX003156,C0291,60.7,2024-08-23 15:03:36,Healthcare,Student,35,"11,070.00",0,Low,0
TX002846,C0325,60.65,2024-06-17 06:18:55,Clothing,Premium,25,"54,372.00",0,Low,0
TX000602,C0263,60.65,2024-09-19 19:51:14,Groceries,Student,18,"18,927.00",0,Low,0
TX004442,C0182,60.65,2024-11-19 22:40:17,Fuel,Basic,27,"26,575.00",0,Low,0
TX000014,C0436,60.64,2024-03-13 13:49:04,Fuel,Standard,38,"73,281.00",0,Low,0
TX000104,C0122,60.63,2024-07-14 23:51:36,Fuel,Basic,27,"26,128.00",0,Low,0
TX007840,C0130,60.62,2024-07-09 02:50:46,Fuel,Standard,31,"61,544.00",0,Low,1
TX002927,C0045,60.6,2024-03-14 12:49:40,Groceries,Standard,20,"35,795.00",0,Low,0
TX007282,C0478,60.6,2024-07-13 12:34:03,Fuel,Premium,41,"41,593.00",0,Low,0
TX000422,C0363,60.59,2024-08-17 20:44:41,ATM Withdrawal,Basic,36,"24,359.00",0,Low,0
TX005138,C0370,60.58,2024-02-17 11:26:53,Groceries,Basic,28,"18,690.00",0,Low,0
TX001980,C0081,60.58,2024-03-16 05:16:30,Online Shopping,Standard,35,"48,215.00",0,Low,0
TX005794,C0334,60.57,2024-07-11 05:44:22,Fuel,Basic,29,"47,684.00",0,Low,0
TX005681,C0336,60.57,2024-08-18 16:30:17,Fuel,Basic,36,"19,041.00",0,Low,0
TX001641,C0281,60.54,2024-04-07 15:03:06,Online Shopping,Premium,39,"39,211.00",0,Low,0
TX007340,C0393,60.53,2024-01-24 17:38:49,Groceries,Student,22,"10,586.00",0,Low,0
TX005841,C0402,60.53,2024-02-18 03:55:09,Dining,Basic,30,"27,677.00",0,Low,1
TX001228,C0357,60.53,2024-10-04 08:31:25,Groceries,Basic,37,"14,050.00",0,Low,0
TX004548,C0400,60.52,2024-01-15 20:07:17,Fuel,Standard,52,"53,516.00",0,Low,0
TX004663,C0109,60.52,2024-07-27 13:49:10,Groceries,Basic,41,"35,585.00",0,Low,0
TX006275,C0009,60.51,2024-11-05 06:38:47,Clothing,Standard,32,"57,866.00",1,Low,0
TX000531,C0154,60.5,2024-02-16 01:41:44,Dining,Basic,40,"41,040.00",0,Low,1
TX007945,C0467,60.5,2024-04-05 09:15:24,Dining,Basic,45,"30,956.00",0,Low,0
TX007526,C0058,60.49,2024-06-04 12:39:23,Fuel,Student,34,"20,775.00",0,Low,0
TX003167,C0183,60.48,2024-07-03 23:31:35,ATM Withdrawal,Premium,25,"135,022.00",0,Low,0
TX002669,C0003,60.45,2024-06-14 11:32:14,Entertainment,Standard,45,"73,097.00",0,Low,0
TX002172,C0179,60.45,2024-07-24 16:20:47,Groceries,Student,34,"18,985.00",0,Low,0
TX003178,C0138,60.44,2024-09-14 04:35:36,Fuel,Student,34,"17,588.00",0,Low,1
TX007960,C0177,60.42,2024-03-09 22:05:30,Groceries,Standard,38,"56,152.00",0,Low,0
TX003924,C0385,60.39,2024-05-13 07:59:59,Dining,Standard,28,"57,003.00",0,Low,0
TX006107,C0247,60.39,2024-08-03 02:58:25,Entertainment,Standard,32,"52,749.00",0,Low,1
TX003338,C0276,60.38,2024-05-05 16:30:14,Groceries,Standard,43,"59,217.00",0,Low,0
TX001916,C0235,60.35,2024-02-12 10:15:45,Groceries,Basic,63,"32,570.00",0,Low,0
TX002029,C0089,60.35,2024-07-22 09:49:55,Groceries,Standard,31,"54,945.00",0,Low,0
TX006584,C0189,60.35,2024-11-07 08:34:29,Dining,Premium,27,"101,458.00",0,Low,0
TX000306,C0251,60.34,2024-02-16 12:25:21,Groceries,Standard,22,"38,555.00",0,Low,0
TX000095,C0213,60.31,2024-01-24 04:30:09,Entertainment,Standard,49,"45,643.00",0,Low,1
TX006753,C0305,60.3,2024-01-06 01:33:10,Groceries,Standard,37,"56,878.00",0,Low,1
TX004014,C0100,60.3,2024-10-19 20:08:58,Groceries,Standard,35,"50,783.00",0,Low,0
TX001793,C0228,60.28,2024-07-15 13:56:33,Fuel,Standard,25,"37,854.00",0,Low,0
TX006302,C0034,60.25,2024-06-14 10:16:57,Dining,Standard,25,"54,013.00",0,Low,0
TX000264,C0388,60.22,2024-02-27 13:51:44,Fuel,Basic,60,"37,653.00",0,Low,0
TX006988,C0214,60.22,2024-07-25 10:37:54,Online Shopping,Standard,45,"83,710.00",0,Low,0
TX005377,C0276,60.21,2024-06-09 16:01:14,Groceries,Standard,43,"59,217.00",0,Low,0
TX001113,C0409,60.19,2024-08-27 17:00:36,Clothing,Standard,39,"63,047.00",0,Low,0
TX004365,C0478,60.18,2024-05-16 09:07:13,Online Shopping,Premium,41,"41,593.00",0,Low,0
TX006905,C0469,60.16,2024-03-24 06:52:27,Entertainment,Premium,31,"125,897.00",0,Low,0
TX000208,C0054,60.14,2024-01-22 09:38:45,Fuel,Basic,45,"31,946.00",0,Low,0
TX002993,C0383,60.14,2024-09-24 09:26:24,Fuel,Standard,18,"57,880.00",0,Low,0
TX006728,C0439,60.11,2024-11-14 00:58:50,Online Shopping,Standard,18,"57,230.00",0,Low,1
TX006785,C0356,60.1,2024-09-26 00:48:21,Fuel,Premium,25,"115,005.00",0,Low,1
TX001549,C0191,60.1,2024-12-04 11:21:44,Groceries,Standard,32,"70,454.00",0,Low,0
TX003574,C0337,60.06,2024-07-04 12:59:46,Online Shopping,Standard,28,"53,675.00",0,Low,0
TX004615,C0325,60.04,2024-03-26 01:01:43,Entertainment,Premium,25,"54,372.00",0,Low,1
TX004315,C0471,60,2024-04-05 19:04:54,Groceries,Standard,34,"54,590.00",0,Low,0
TX005913,C0081,59.97,2024-09-02 02:50:46,Fuel,Standard,35,"48,215.00",0,Low,1
TX005984,C0180,59.96,2024-07-31 02:08:10,Dining,Standard,70,"47,593.00",0,Low,1
TX005100,C0092,59.94,2024-06-16 16:04:02,Healthcare,Basic,49,"37,018.00",0,Low,0
TX003966,C0310,59.94,2024-07-24 17:10:37,Groceries,Standard,35,"55,608.00",0,Low,0
TX004415,C0106,59.93,2024-06-20 14:29:08,Online Shopping,Basic,42,"37,397.00",0,Low,0
TX007125,C0376,59.92,2024-02-22 13:44:24,Dining,Premium,28,"108,274.00",0,Low,0
TX007800,C0008,59.92,2024-12-24 05:12:11,Groceries,Standard,47,"74,176.00",0,Low,0
TX002273,C0003,59.91,2024-03-14 07:27:32,Groceries,Standard,45,"73,097.00",0,Low,0
TX004218,C0346,59.91,2024-08-11 18:36:58,Groceries,Basic,40,"28,371.00",0,Low,0
TX001366,C0092,59.9,2024-04-09 13:39:06,Dining,Basic,49,"37,018.00",0,Low,0
TX003347,C0298,59.89,2024-08-05 16:12:01,Dining,Standard,41,"59,796.00",0,Low,0
TX001188,C0440,59.89,2024-11-10 16:05:01,Fuel,Standard,37,"49,943.00",0,Low,0
TX004640,C0383,59.87,2024-03-23 18:02:48,Groceries,Standard,18,"57,880.00",0,Low,0
TX004328,C0329,59.87,2024-04-28 16:45:48,Fuel,Basic,45,"28,517.00",0,Low,0
TX000434,C0160,59.87,2024-12-15 15:46:57,Dining,Standard,45,"44,925.00",0,Low,0
TX007520,C0042,59.83,2024-01-31 16:05:11,Groceries,Standard,40,"65,625.00",0,Low,0
TX004812,C0064,59.83,2024-12-06 19:48:44,Clothing,Standard,23,"61,715.00",0,Low,0
TX004074,C0313,59.81,2024-02-23 01:04:37,Groceries,Basic,47,"18,779.00",0,Low,1
TX001240,C0126,59.81,2024-04-10 06:08:28,Groceries,Standard,64,"46,394.00",0,Low,0
TX004591,C0287,59.79,2024-06-12 08:05:53,Groceries,Standard,36,"68,774.00",0,Low,0
TX006814,C0179,59.79,2024-11-27 19:27:16,Fuel,Student,34,"18,985.00",0,Low,0
TX002924,C0082,59.78,2024-07-11 03:41:20,Dining,Standard,42,"18,641.00",0,Low,1
TX006768,C0151,59.77,2024-01-08 23:06:55,Clothing,Standard,41,"64,784.00",0,Low,0
TX004439,C0144,59.76,2024-04-02 11:01:10,Groceries,Standard,40,"70,706.00",0,Low,0
TX004450,C0266,59.75,2024-02-13 16:07:49,Entertainment,Basic,23,"48,327.00",0,Low,0
TX003477,C0038,59.73,2024-07-25 05:30:25,Fuel,Basic,18,"12,409.00",0,Low,0
TX003577,C0481,59.72,2024-07-30 04:08:11,Dining,Standard,36,"44,963.00",0,Low,1
TX000122,C0135,59.68,2024-07-15 20:57:37,Fuel,Standard,26,"51,139.00",0,Low,0
TX004141,C0247,59.65,2024-06-17 03:54:39,Entertainment,Standard,32,"52,749.00",0,Low,1
TX001621,C0316,59.64,2024-06-25 06:35:47,Clothing,Standard,38,"44,606.00",0,Low,0
TX004318,C0427,59.64,2024-11-19 04:43:43,Dining,Student,26,"14,718.00",1,Low,1
TX004854,C0291,59.63,2024-01-16 06:23:53,Online Shopping,Student,35,"11,070.00",0,Low,0
TX000127,C0256,59.59,2024-01-08 02:36:58,Dining,Standard,32,"22,699.00",0,Low,1
TX007531,C0373,59.59,2024-05-19 13:34:09,Online Shopping,Premium,55,"67,934.00",0,Low,0
TX001646,C0467,59.56,2024-08-12 14:42:23,Dining,Basic,45,"30,956.00",0,Low,0
TX005726,C0001,59.54,2024-06-14 03:23:10,Groceries,Basic,43,"28,663.00",0,Low,1
TX002391,C0450,59.53,2024-04-05 18:12:56,Clothing,Basic,25,"18,120.00",0,Low,0
TX003119,C0331,59.53,2024-12-08 23:20:01,Groceries,Standard,37,"55,657.00",0,Low,0
TX007678,C0169,59.46,2024-09-24 15:13:01,Groceries,Standard,35,"49,563.00",0,Low,0
TX005400,C0267,59.43,2024-12-17 01:02:29,Fuel,Standard,57,"34,156.00",0,Low,1
TX003022,C0059,59.42,2024-03-01 05:22:31,Healthcare,Basic,41,"29,342.00",0,Low,0
TX006450,C0370,59.4,2024-08-07 18:32:08,Entertainment,Basic,28,"18,690.00",0,Low,0
TX001947,C0311,59.37,2024-12-28 09:25:25,Clothing,Basic,35,"24,384.00",0,Low,0
TX002951,C0107,59.36,2024-03-04 14:00:55,Groceries,Premium,60,"91,788.00",0,Low,0
TX001436,C0001,59.35,2024-09-25 08:14:16,Clothing,Basic,43,"28,663.00",0,Low,0
TX006286,C0267,59.33,2024-11-04 03:04:37,Groceries,Standard,57,"34,156.00",0,Low,1
TX002278,C0368,59.32,2024-09-10 15:49:48,Online Shopping,Standard,38,"41,189.00",0,Low,0
TX001538,C0370,59.31,2024-06-11 11:10:26,Dining,Basic,28,"18,690.00",0,Low,0
TX004329,C0231,59.31,2024-06-22 19:06:55,ATM Withdrawal,Premium,29,"99,079.00",0,Low,0
TX006148,C0400,59.29,2024-08-03 13:16:52,Dining,Standard,52,"53,516.00",0,Low,0
TX003252,C0242,59.28,2024-08-27 05:18:32,Dining,Premium,36,"53,171.00",0,Low,0
TX006586,C0068,59.28,2024-10-18 08:24:31,Groceries,Basic,50,"35,672.00",0,Low,0
TX002152,C0181,59.26,2024-07-20 17:39:52,Groceries,Basic,45,"17,547.00",0,Low,0
TX001692,C0216,59.26,2024-10-02 13:29:41,Entertainment,Standard,47,"58,261.00",0,Low,0
TX005610,C0206,59.26,2024-10-08 23:38:57,Dining,Standard,26,"11,556.00",0,Low,0
TX004004,C0019,59.23,2024-08-08 06:26:16,Entertainment,Premium,27,"87,141.00",0,Low,0
TX007555,C0404,59.21,2024-10-01 14:52:41,Online Shopping,Student,38,"16,286.00",0,Low,0
TX002458,C0157,59.2,2024-02-07 09:10:04,Groceries,Student,60,"16,976.00",0,Low,0
TX005762,C0189,59.18,2024-11-17 12:13:18,Clothing,Premium,27,"101,458.00",0,Low,0
TX001777,C0153,59.17,2024-04-09 19:29:16,Fuel,Student,29,"20,906.00",0,Low,0
TX001656,C0041,59.17,2024-07-01 01:08:06,Entertainment,Standard,46,"39,681.00",0,Low,1
TX002321,C0336,59.17,2024-08-28 00:35:25,Dining,Basic,36,"19,041.00",0,Low,1
TX000310,C0118,59.16,2024-11-10 03:45:16,Entertainment,Premium,23,"69,324.00",0,Low,1
TX000085,C0488,59.15,2024-05-25 18:44:54,Clothing,Student,25,"12,577.00",1,Low,0
TX005352,C0274,59.11,2024-04-11 09:57:19,Fuel,Basic,38,"36,827.00",0,Low,0
TX003678,C0221,59.07,2024-07-22 03:48:14,Groceries,Premium,65,"162,102.00",0,Low,1
TX000351,C0302,59.07,2024-12-24 02:52:16,Fuel,Basic,31,"34,419.00",0,Low,1
TX002237,C0241,59.05,2024-04-16 12:34:58,Fuel,Premium,28,"125,684.00",0,Low,0
TX005896,C0327,59.04,2024-11-24 13:31:42,Entertainment,Basic,51,"35,070.00",0,Low,0
TX004740,C0317,59.03,2024-03-25 09:02:13,Dining,Premium,46,"68,447.00",0,Low,0
TX000114,C0149,59.02,2024-03-06 04:59:25,Groceries,Student,44,"14,309.00",0,Low,1
TX007432,C0421,59,2024-01-27 21:53:05,Groceries,Standard,62,"39,023.00",0,Low,0
TX002480,C0266,59,2024-05-08 01:08:36,Fuel,Basic,23,"48,327.00",1,Low,1
TX007049,C0194,58.98,2024-10-15 18:56:39,Groceries,Basic,23,"28,429.00",0,Low,0
TX005916,C0326,58.96,2024-03-11 23:22:56,Groceries,Premium,23,"99,294.00",0,Low,0
TX006485,C0310,58.95,2024-03-22 22:30:26,Healthcare,Standard,35,"55,608.00",0,Low,0
TX004072,C0490,58.94,2024-01-02 22:20:45,Clothing,Basic,48,"32,394.00",0,Low,0
TX002783,C0499,58.9,2024-04-05 06:16:50,Groceries,Standard,27,"49,520.00",0,Low,0
TX006662,C0309,58.9,2024-08-26 17:36:11,Clothing,Basic,44,"30,390.00",1,Low,0
TX000223,C0312,58.88,2024-07-16 21:37:47,Entertainment,Standard,51,"45,056.00",0,Low,0
TX003951,C0141,58.87,2024-03-17 21:45:59,Groceries,Basic,40,"20,193.00",0,Low,0
TX004595,C0083,58.87,2024-08-05 10:52:56,Clothing,Standard,55,"31,241.00",0,Low,0
TX004008,C0492,58.82,2024-08-24 23:16:11,Dining,Student,55,"21,246.00",0,Low,0
TX004273,C0400,58.82,2024-09-25 19:58:09,Dining,Standard,52,"53,516.00",0,Low,0
TX006831,C0062,58.81,2024-09-30 11:28:03,Entertainment,Basic,35,"33,654.00",0,Low,0
TX000355,C0349,58.8,2024-12-20 04:42:33,Fuel,Basic,29,"24,805.00",0,Low,1
TX005475,C0183,58.77,2024-03-20 17:03:56,Dining,Premium,25,"135,022.00",0,Low,0
TX001032,C0153,58.76,2024-03-04 16:35:41,Groceries,Student,29,"20,906.00",0,Low,0
TX002166,C0422,58.76,2024-11-19 22:58:32,Clothing,Student,59,"13,779.00",0,Low,0
TX000228,C0111,58.74,2024-11-07 05:49:34,Groceries,Standard,18,"68,427.00",0,Low,0
TX005912,C0125,58.71,2024-06-11 14:12:46,Groceries,Standard,45,"62,842.00",0,Low,0
TX001652,C0101,58.68,2024-04-24 03:22:57,Groceries,Student,21,"22,190.00",0,Low,1
TX007629,C0357,58.67,2024-04-13 14:14:32,Groceries,Basic,37,"14,050.00",0,Low,0
TX002891,C0339,58.66,2024-12-21 12:03:48,Clothing,Student,42,"11,785.00",0,Low,0
TX005291,C0355,58.64,2024-07-20 11:57:29,Entertainment,Student,37,"16,323.00",0,Low,0
TX003076,C0480,58.63,2024-11-12 09:59:29,Groceries,Standard,51,"51,860.00",0,Low,0
TX000291,C0019,58.58,2024-01-02 07:03:36,Groceries,Premium,27,"87,141.00",0,Low,0
TX003509,C0072,58.58,2024-06-12 13:20:36,Clothing,Standard,56,"82,014.00",0,Low,0
TX002485,C0326,58.57,2024-04-15 14:33:33,Clothing,Premium,23,"99,294.00",0,Low,0
TX001488,C0188,58.57,2024-09-08 18:20:22,Groceries,Standard,37,"86,151.00",0,Low,0
TX007729,C0270,58.56,2024-04-17 08:42:25,Online Shopping,Standard,39,"91,596.00",0,Low,0
TX006359,C0014,58.56,2024-11-12 12:25:29,Fuel,Student,18,"23,653.00",0,Low,0
TX004784,C0026,58.55,2024-04-30 04:32:03,Clothing,Basic,39,"21,787.00",0,Low,1
TX000534,C0366,58.54,2024-03-20 13:22:09,Fuel,Student,33,"15,304.00",0,Low,0
TX001668,C0489,58.51,2024-06-20 18:20:27,Entertainment,Basic,58,"35,936.00",0,Low,0
TX002929,C0020,58.49,2024-09-18 16:22:25,Groceries,Standard,21,"59,185.00",0,Low,0
TX001581,C0088,58.47,2024-06-06 21:44:10,Dining,Student,41,"14,809.00",0,Low,0
TX003904,C0448,58.47,2024-06-26 23:44:42,Entertainment,Standard,26,"72,859.00",0,Low,0
TX002431,C0453,58.47,2024-07-03 11:38:13,Groceries,Basic,26,"19,064.00",0,Low,0
TX004898,C0090,58.47,2024-09-17 02:40:38,Dining,Standard,44,"37,624.00",0,Low,1
TX004367,C0384,58.45,2024-07-23 14:27:22,Entertainment,Basic,31,"27,527.00",0,Low,0
TX007206,C0458,58.44,2024-10-01 17:35:58,Dining,Basic,25,"36,073.00",0,Low,0
TX002488,C0100,58.43,2024-12-25 16:52:39,Groceries,Standard,35,"50,783.00",0,Low,0
TX000938,C0153,58.42,2024-11-29 10:08:45,Groceries,Student,29,"20,906.00",0,Low,0
TX006095,C0376,58.41,2024-01-06 02:30:09,Fuel,Premium,28,"108,274.00",0,Low,1
TX003802,C0162,58.37,2024-01-02 20:03:41,Clothing,Standard,47,"72,590.00",0,Low,0
TX001690,C0162,58.37,2024-05-03 18:23:14,Groceries,Standard,47,"72,590.00",0,Low,0
TX000037,C0136,58.35,2024-10-29 17:35:05,Groceries,Basic,56,"16,651.00",0,Low,0
TX007743,C0137,58.34,2024-10-23 04:50:36,Fuel,Premium,28,"101,976.00",0,Low,1
TX006361,C0438,58.31,2024-05-28 13:22:48,Fuel,Standard,21,"77,360.00",0,Low,0
TX006062,C0273,58.29,2024-09-09 03:34:00,Online Shopping,Premium,51,"107,842.00",0,Low,1
TX004983,C0251,58.28,2024-07-11 08:58:55,Dining,Standard,22,"38,555.00",0,Low,0
TX005716,C0157,58.27,2024-01-02 20:28:46,Dining,Student,60,"16,976.00",0,Low,0
TX000643,C0260,58.26,2024-09-11 13:22:34,Entertainment,Student,47,"19,039.00",0,Low,0
TX001617,C0471,58.22,2024-06-30 18:48:48,Online Shopping,Standard,34,"54,590.00",0,Low,0
TX006955,C0204,58.21,2024-01-14 11:51:31,Groceries,Standard,50,"60,197.00",0,Low,0
TX006982,C0265,58.21,2024-04-18 18:08:21,Dining,Student,34,"8,000.00",0,Low,0
TX006964,C0325,58.21,2024-07-09 06:54:07,Clothing,Premium,25,"54,372.00",0,Low,0
TX003476,C0428,58.17,2024-07-29 11:26:43,Clothing,Standard,46,"62,297.00",0,Low,0
TX004518,C0398,58.16,2024-01-25 08:06:55,Fuel,Standard,54,"67,577.00",0,Low,0
TX006035,C0203,58.16,2024-07-10 20:43:07,Dining,Basic,50,"37,330.00",0,Low,0
TX001245,C0496,58.15,2024-01-21 18:21:24,Entertainment,Basic,44,"24,578.00",0,Low,0
TX006240,C0192,58.15,2024-05-05 23:27:10,Groceries,Basic,48,"31,910.00",0,Low,0
TX004611,C0095,58.13,2024-05-09 19:32:39,Fuel,Basic,33,"31,667.00",0,Low,0
TX006378,C0294,58.1,2024-02-14 15:08:42,Groceries,Basic,48,"22,253.00",0,Low,0
TX002552,C0073,58.1,2024-04-10 00:24:37,Entertainment,Standard,37,"54,397.00",0,Low,1
TX001529,C0446,58.09,2024-06-11 21:21:08,Dining,Student,46,"15,012.00",0,Low,0
TX006354,C0292,58.07,2024-06-26 07:58:32,Groceries,Basic,32,"28,202.00",0,Low,0
TX006087,C0073,58.02,2024-05-06 23:02:53,Groceries,Standard,37,"54,397.00",0,Low,0
TX005200,C0496,58.01,2024-08-03 16:53:56,Dining,Basic,44,"24,578.00",0,Low,0
TX007958,C0373,58.01,2024-11-24 20:43:18,Clothing,Premium,55,"67,934.00",0,Low,0
TX003590,C0328,58.01,2024-12-20 05:30:24,Online Shopping,Standard,47,"61,206.00",0,Low,0
TX000361,C0074,58,2024-09-22 22:03:17,Dining,Basic,56,"18,553.00",0,Low,0
TX001892,C0061,57.99,2024-02-25 21:54:19,Healthcare,Premium,32,"100,281.00",0,Low,0
TX005743,C0070,57.99,2024-10-08 17:16:28,Clothing,Basic,30,"41,520.00",0,Low,0
TX003632,C0202,57.98,2024-04-01 10:54:51,Dining,Premium,44,"30,053.00",0,Low,0
TX004498,C0159,57.97,2024-01-01 06:18:20,Clothing,Basic,23,"25,597.00",0,Low,0
TX000243,C0202,57.97,2024-07-09 19:34:35,Dining,Premium,44,"30,053.00",0,Low,0
TX005210,C0282,57.95,2024-06-26 14:52:53,Dining,Basic,45,"29,213.00",0,Low,0
TX001434,C0025,57.93,2024-08-17 07:31:51,Fuel,Standard,31,"71,104.00",0,Low,0
TX001246,C0278,57.87,2024-10-30 13:39:44,Groceries,Standard,30,"54,061.00",0,Low,0
TX002769,C0485,57.87,2024-11-23 12:14:17,Groceries,Basic,28,"35,423.00",0,Low,0
TX004577,C0098,57.85,2024-04-25 00:45:27,Clothing,Basic,41,"24,544.00",1,Low,1
TX002016,C0141,57.84,2024-04-26 08:06:49,Healthcare,Basic,40,"20,193.00",0,Low,0
TX004245,C0430,57.84,2024-10-13 15:30:59,Clothing,Standard,18,"25,368.00",1,Low,0
TX000179,C0003,57.82,2024-06-03 14:32:55,Groceries,Standard,45,"73,097.00",0,Low,0
TX001297,C0152,57.81,2024-12-08 08:53:57,Clothing,Premium,42,"42,708.00",0,Low,0
TX004053,C0237,57.79,2024-04-02 15:05:31,Dining,Basic,18,"42,909.00",0,Low,0
TX001369,C0239,57.79,2024-06-08 16:15:34,Entertainment,Standard,30,"51,337.00",0,Low,0
TX001197,C0325,57.77,2024-08-13 14:46:38,Groceries,Premium,25,"54,372.00",0,Low,0
TX006842,C0161,57.76,2024-01-07 14:49:26,Dining,Premium,26,"89,233.00",0,Low,0
TX001698,C0028,57.76,2024-05-01 13:26:11,Online Shopping,Basic,42,"24,399.00",1,Low,0
TX007422,C0236,57.76,2024-08-15 17:32:21,Groceries,Standard,45,"61,328.00",0,Low,0
TX007604,C0218,57.73,2024-02-26 02:20:06,Groceries,Standard,35,"62,435.00",0,Low,1
TX000050,C0078,57.72,2024-05-13 03:55:47,Online Shopping,Student,34,"12,389.00",0,Low,1
TX000369,C0231,57.7,2024-01-01 14:48:56,Groceries,Premium,29,"99,079.00",0,Low,0
TX002025,C0034,57.7,2024-10-21 02:35:56,Groceries,Standard,25,"54,013.00",0,Low,1
TX003933,C0191,57.69,2024-06-26 16:54:26,Healthcare,Standard,32,"70,454.00",0,Low,0
TX001110,C0049,57.67,2024-05-08 08:25:14,Fuel,Standard,42,"82,699.00",0,Low,0
TX006006,C0204,57.67,2024-12-07 18:08:13,Groceries,Standard,50,"60,197.00",0,Low,0
TX001150,C0380,57.66,2024-01-20 04:51:11,Groceries,Basic,28,"31,133.00",0,Low,1
TX005793,C0474,57.64,2024-06-26 11:20:51,Groceries,Standard,54,"41,727.00",0,Low,0
TX002522,C0083,57.64,2024-08-30 09:53:59,Groceries,Standard,55,"31,241.00",0,Low,0
TX003490,C0345,57.62,2024-07-22 19:05:43,Dining,Student,32,"13,483.00",0,Low,0
TX006613,C0226,57.62,2024-12-20 15:27:20,Entertainment,Premium,51,"125,610.00",0,Low,0
TX000240,C0488,57.61,2024-08-14 01:46:55,Groceries,Student,25,"12,577.00",0,Low,1
TX004465,C0185,57.59,2024-01-22 19:37:48,Groceries,Standard,35,"49,770.00",0,Low,0
TX007667,C0357,57.59,2024-04-15 02:06:26,Groceries,Basic,37,"14,050.00",0,Low,1
TX007188,C0323,57.59,2024-08-01 13:59:39,Groceries,Standard,28,"42,469.00",0,Low,0
TX000457,C0218,57.59,2024-10-06 12:31:40,Groceries,Standard,35,"62,435.00",0,Low,0
TX002489,C0059,57.57,2024-09-04 22:39:43,Entertainment,Basic,41,"29,342.00",0,Low,0
TX004211,C0331,57.56,2024-07-31 01:37:55,Entertainment,Standard,37,"55,657.00",0,Low,1
TX003504,C0270,57.55,2024-08-22 19:27:34,Dining,Standard,39,"91,596.00",0,Low,0
TX007470,C0058,57.54,2024-03-10 23:07:41,Dining,Student,34,"20,775.00",0,Low,0
TX006935,C0100,57.54,2024-07-21 01:37:38,Dining,Standard,35,"50,783.00",0,Low,1
TX003035,C0336,57.5,2024-07-27 16:42:12,Groceries,Basic,36,"19,041.00",0,Low,0
TX001196,C0434,57.48,2024-10-19 11:34:55,Groceries,Basic,46,"34,799.00",0,Low,0
TX007144,C0486,57.47,2024-08-01 21:36:52,Dining,Basic,20,"26,096.00",1,Low,0
TX001644,C0021,57.46,2024-04-15 22:15:25,Dining,Student,55,"17,431.00",0,Low,0
TX006536,C0485,57.46,2024-09-15 14:02:59,Entertainment,Basic,28,"35,423.00",0,Low,0
TX002361,C0124,57.46,2024-11-05 22:49:00,Dining,Standard,21,"61,362.00",0,Low,0
TX002970,C0136,57.42,2024-12-02 04:17:41,Clothing,Basic,56,"16,651.00",0,Low,1
TX007594,C0243,57.41,2024-05-04 00:50:34,Entertainment,Standard,44,"63,961.00",0,Low,1
TX001548,C0030,57.4,2024-09-16 19:26:51,Groceries,Standard,34,"32,152.00",0,Low,0
TX006666,C0063,57.4,2024-10-21 07:39:14,Clothing,Student,24,"17,279.00",0,Low,0
TX000237,C0230,57.4,2024-11-20 22:55:00,Dining,Standard,46,"37,804.00",0,Low,0
TX004829,C0391,57.36,2024-07-02 08:21:48,Healthcare,Student,27,"8,000.00",0,Low,0
TX007275,C0133,57.34,2024-03-24 04:58:29,Clothing,Standard,25,"64,202.00",0,Low,1
TX001691,C0393,57.32,2024-12-08 17:11:22,Clothing,Student,22,"10,586.00",1,Low,0
TX003842,C0377,57.3,2024-05-13 00:57:44,Clothing,Premium,48,"57,230.00",0,Low,1
TX001718,C0138,57.27,2024-08-01 01:13:50,Groceries,Student,34,"17,588.00",0,Low,1
TX007760,C0170,57.26,2024-03-11 03:14:59,Clothing,Standard,28,"38,204.00",0,Low,1
TX007563,C0251,57.25,2024-05-28 02:26:39,Groceries,Standard,22,"38,555.00",0,Low,1
TX003481,C0249,57.25,2024-07-09 22:23:01,Groceries,Basic,59,"28,615.00",0,Low,0
TX000912,C0157,57.25,2024-11-26 00:24:01,Fuel,Student,60,"16,976.00",0,Low,1
TX004125,C0388,57.18,2024-02-08 20:37:58,Groceries,Basic,60,"37,653.00",0,Low,0
TX000276,C0305,57.18,2024-02-12 03:09:18,Groceries,Standard,37,"56,878.00",0,Low,1
TX001763,C0460,57.18,2024-08-10 16:16:15,Entertainment,Student,23,"8,000.00",0,Low,0
TX007658,C0065,57.17,2024-01-24 08:22:39,Clothing,Premium,47,"109,281.00",0,Low,0
TX001792,C0135,57.15,2024-03-14 18:06:56,Fuel,Standard,26,"51,139.00",0,Low,0
TX000738,C0247,57.11,2024-02-03 07:17:00,Groceries,Standard,32,"52,749.00",0,Low,0
TX001643,C0201,57.11,2024-02-05 08:04:12,Fuel,Basic,42,"30,629.00",0,Low,0
TX003123,C0256,57.09,2024-04-14 10:10:24,Groceries,Standard,32,"22,699.00",0,Low,0
TX002879,C0093,57.06,2024-07-02 08:57:53,Clothing,Premium,29,"83,371.00",1,Low,0
TX007387,C0386,57.04,2024-10-10 01:20:31,Fuel,Basic,39,"28,780.00",0,Low,1
TX000552,C0026,56.94,2024-08-16 22:38:36,Clothing,Basic,39,"21,787.00",0,Low,0
TX004474,C0474,56.94,2024-10-21 00:24:08,Dining,Standard,54,"41,727.00",1,Low,1
TX005658,C0310,56.93,2024-11-22 16:53:36,Fuel,Standard,35,"55,608.00",0,Low,0
TX003459,C0319,56.91,2024-03-07 03:50:33,Online Shopping,Basic,41,"27,640.00",0,Low,1
TX007784,C0442,56.86,2024-01-25 02:18:09,Online Shopping,Standard,37,"50,462.00",0,Low,1
TX004013,C0404,56.86,2024-03-24 18:17:58,Online Shopping,Student,38,"16,286.00",0,Low,0
TX002093,C0303,56.85,2024-08-22 05:14:36,Fuel,Premium,46,"96,717.00",0,Low,0
TX003136,C0451,56.85,2024-11-20 16:40:12,Dining,Basic,37,"9,568.00",0,Low,0
TX004223,C0491,56.84,2024-05-15 21:25:56,Groceries,Student,37,"20,206.00",0,Low,0
TX005010,C0271,56.83,2024-01-01 13:50:55,Entertainment,Basic,55,"41,074.00",0,Low,0
TX006671,C0260,56.82,2024-10-30 16:46:59,Dining,Student,47,"19,039.00",0,Low,0
TX000778,C0046,56.81,2024-11-29 05:15:56,Online Shopping,Premium,29,"116,173.00",0,Low,0
TX002584,C0061,56.8,2024-02-18 14:21:39,Entertainment,Premium,32,"100,281.00",0,Low,0
TX003520,C0222,56.78,2024-08-08 12:49:14,Groceries,Standard,18,"54,135.00",0,Low,0
TX004427,C0171,56.76,2024-06-17 04:54:41,Clothing,Basic,27,"19,642.00",0,Low,1
TX004897,C0018,56.76,2024-08-03 11:09:48,Fuel,Student,41,"21,309.00",0,Low,0
TX002091,C0188,56.76,2024-10-26 21:08:43,Dining,Standard,37,"86,151.00",0,Low,0
TX006237,C0238,56.73,2024-11-21 08:09:49,Clothing,Standard,40,"61,803.00",0,Low,0
TX006674,C0255,56.7,2024-11-19 04:13:05,Groceries,Basic,19,"22,068.00",0,Low,1
TX001745,C0029,56.69,2024-12-01 23:45:48,Groceries,Basic,30,"39,560.00",0,Low,0
TX007196,C0103,56.66,2024-02-20 23:20:10,Dining,Standard,33,"46,432.00",0,Low,0
TX000731,C0423,56.65,2024-06-20 17:35:13,Online Shopping,Basic,35,"25,123.00",0,Low,0
TX006906,C0184,56.65,2024-10-19 15:29:37,Dining,Basic,43,"36,801.00",0,Low,0
TX004914,C0152,56.64,2024-12-12 15:50:38,Dining,Premium,42,"42,708.00",0,Low,0
TX005772,C0354,56.57,2024-03-04 23:20:32,Dining,Student,36,"8,776.00",0,Low,0
TX004906,C0346,56.55,2024-02-15 02:14:50,Groceries,Basic,40,"28,371.00",0,Low,1
TX002018,C0010,56.5,2024-02-24 11:08:46,Dining,Standard,44,"55,696.00",0,Low,0
TX002247,C0194,56.49,2024-04-19 21:54:35,Groceries,Basic,23,"28,429.00",0,Low,0
TX002421,C0157,56.48,2024-06-27 17:15:50,Dining,Student,60,"16,976.00",0,Low,0
TX001219,C0245,56.44,2024-02-23 10:51:04,Dining,Standard,23,"50,536.00",1,Low,0
TX006976,C0279,56.43,2024-05-16 03:17:41,Entertainment,Premium,38,"67,381.00",0,Low,1
TX001023,C0240,56.39,2024-11-13 10:31:54,Dining,Student,48,"18,856.00",0,Low,0
TX000080,C0424,56.34,2024-03-31 00:27:25,Online Shopping,Premium,49,"84,390.00",0,Low,1
TX005088,C0025,56.33,2024-03-10 10:15:15,Clothing,Standard,31,"71,104.00",0,Low,0
TX001583,C0264,56.32,2024-01-21 05:24:59,Entertainment,Standard,25,"50,127.00",0,Low,0
TX004088,C0171,56.32,2024-10-26 09:12:13,Clothing,Basic,27,"19,642.00",0,Low,0
TX006591,C0362,56.31,2024-04-04 23:33:42,Fuel,Premium,56,"102,570.00",1,Low,0
TX002671,C0422,56.31,2024-04-22 21:22:51,Healthcare,Student,59,"13,779.00",0,Low,0
TX002549,C0132,56.31,2024-08-25 05:58:31,Entertainment,Student,38,"15,480.00",0,Low,0
TX005409,C0037,56.3,2024-05-02 06:18:52,Clothing,Premium,40,"46,559.00",0,Low,0
TX004634,C0016,56.3,2024-10-08 09:05:49,Groceries,Standard,31,"58,287.00",0,Low,0
TX007517,C0215,56.29,2024-05-16 13:10:49,Groceries,Basic,34,"28,474.00",0,Low,0
TX003082,C0357,56.28,2024-09-17 17:19:04,Clothing,Basic,37,"14,050.00",0,Low,0
TX003751,C0097,56.23,2024-08-23 23:52:32,Dining,Premium,41,"82,584.00",0,Low,0
TX004976,C0383,56.22,2024-01-25 16:45:36,Dining,Standard,18,"57,880.00",0,Low,0
TX002078,C0068,56.22,2024-02-23 06:16:58,Entertainment,Basic,50,"35,672.00",0,Low,0
TX003822,C0473,56.2,2024-12-28 22:10:56,Healthcare,Basic,19,"26,453.00",0,Low,0
TX007799,C0293,56.19,2024-08-06 22:50:10,Fuel,Basic,30,"34,400.00",0,Low,0
TX006159,C0144,56.18,2024-09-21 16:45:22,Entertainment,Standard,40,"70,706.00",0,Low,0
TX003455,C0399,56.17,2024-05-31 20:24:10,Entertainment,Basic,36,"30,654.00",0,Low,0
TX007655,C0080,56.14,2024-04-10 12:51:46,Online Shopping,Basic,18,"14,883.00",0,Low,0
TX003096,C0163,56.14,2024-12-26 17:19:56,Clothing,Basic,51,"34,348.00",0,Low,0
TX007992,C0106,56.13,2024-03-13 06:39:35,Online Shopping,Basic,42,"37,397.00",1,Low,0
TX000913,C0179,56.13,2024-04-14 11:03:38,Fuel,Student,34,"18,985.00",0,Low,0
TX003617,C0338,56.11,2024-08-31 12:17:50,Clothing,Premium,34,"167,391.00",0,Low,0
TX003596,C0269,56.1,2024-04-19 02:28:44,Dining,Standard,32,"70,338.00",0,Low,1
TX006372,C0343,56.1,2024-10-29 13:52:43,Dining,Standard,40,"63,534.00",0,Low,0
TX001536,C0148,56.09,2024-06-13 23:53:38,Entertainment,Basic,22,"29,691.00",0,Low,0
TX002820,C0449,56.09,2024-06-14 01:16:56,Dining,Standard,31,"69,243.00",0,Low,1
TX006040,C0427,56.09,2024-06-17 01:54:15,Groceries,Student,26,"14,718.00",0,Low,1
TX007921,C0261,56.08,2024-05-29 04:58:45,Clothing,Basic,26,"24,494.00",0,Low,1
TX003443,C0184,56.05,2024-12-17 05:50:05,Entertainment,Basic,43,"36,801.00",0,Low,0
TX005283,C0390,56.04,2024-08-22 10:02:52,Clothing,Premium,31,"50,063.00",0,Low,0
TX004725,C0369,56.01,2024-03-03 04:00:00,Groceries,Student,39,"15,677.00",0,Low,1
TX005771,C0250,56.01,2024-05-13 10:24:11,Fuel,Standard,42,"55,233.00",0,Low,0
TX001533,C0456,55.99,2024-06-28 06:54:49,Groceries,Standard,28,"27,970.00",0,Low,0
TX004472,C0162,55.99,2024-10-14 19:48:05,Dining,Standard,47,"72,590.00",0,Low,0
TX000328,C0090,55.98,2024-12-05 17:56:49,Entertainment,Standard,44,"37,624.00",0,Low,0
TX006528,C0016,55.95,2024-09-06 18:10:46,Dining,Standard,31,"58,287.00",0,Low,0
TX007621,C0315,55.92,2024-02-08 01:47:00,Groceries,Basic,53,"20,049.00",0,Low,1
TX004765,C0260,55.88,2024-11-16 17:12:46,Dining,Student,47,"19,039.00",0,Low,0
TX002119,C0324,55.86,2024-06-25 08:52:06,Entertainment,Basic,63,"47,161.00",0,Low,0
TX004658,C0197,55.85,2024-03-22 01:28:12,Dining,Standard,27,"65,914.00",0,Low,1
TX005844,C0273,55.84,2024-04-04 21:39:55,Entertainment,Premium,51,"107,842.00",0,Low,0
TX001059,C0225,55.83,2024-09-07 10:12:50,Dining,Premium,32,"123,165.00",0,Low,0
TX000262,C0055,55.83,2024-11-16 22:24:26,Groceries,Standard,50,"51,381.00",0,Low,0
TX004288,C0436,55.81,2024-04-25 15:51:12,Healthcare,Standard,38,"73,281.00",0,Low,0
TX004637,C0046,55.81,2024-06-01 00:43:48,Fuel,Premium,29,"116,173.00",0,Low,1
TX002174,C0303,55.81,2024-12-04 23:59:35,Dining,Premium,46,"96,717.00",0,Low,0
TX000708,C0279,55.75,2024-07-26 18:15:13,Clothing,Premium,38,"67,381.00",0,Low,0
TX003780,C0282,55.74,2024-02-01 13:47:08,Groceries,Basic,45,"29,213.00",0,Low,0
TX004642,C0437,55.73,2024-08-07 20:09:44,Dining,Standard,57,"51,798.00",0,Low,0
TX003344,C0433,55.71,2024-04-18 20:15:06,Groceries,Student,34,"10,161.00",0,Low,0
TX002867,C0491,55.7,2024-03-13 19:15:01,Groceries,Student,37,"20,206.00",0,Low,0
TX007001,C0379,55.7,2024-04-29 15:56:21,Dining,Standard,64,"73,196.00",0,Low,0
TX002709,C0344,55.7,2024-06-21 04:39:28,Online Shopping,Standard,31,"79,425.00",0,Low,1
TX003942,C0099,55.68,2024-03-09 05:17:37,Groceries,Basic,38,"21,987.00",0,Low,0
TX003078,C0375,55.68,2024-11-17 19:17:16,Clothing,Standard,63,"71,369.00",0,Low,0
TX004938,C0029,55.67,2024-01-03 02:22:29,Groceries,Basic,30,"39,560.00",0,Low,1
TX004403,C0306,55.67,2024-05-04 19:09:23,Online Shopping,Standard,39,"48,558.00",0,Low,0
TX004566,C0317,55.63,2024-06-16 10:23:32,Healthcare,Premium,46,"68,447.00",0,Low,0
TX006758,C0196,55.6,2024-03-17 08:51:00,Groceries,Student,42,"14,851.00",0,Low,0
TX004480,C0076,55.58,2024-11-24 00:17:17,Dining,Standard,47,"44,784.00",0,Low,1
TX001496,C0290,55.57,2024-12-11 23:38:32,Dining,Student,30,"18,763.00",0,Low,0
TX001625,C0439,55.55,2024-01-27 15:14:37,Fuel,Standard,18,"57,230.00",0,Low,0
TX001450,C0194,55.54,2024-04-17 02:33:24,Healthcare,Basic,23,"28,429.00",0,Low,1
TX003546,C0315,55.51,2024-02-29 22:00:03,Entertainment,Basic,53,"20,049.00",0,Low,0
TX002440,C0071,55.47,2024-04-16 14:42:27,Dining,Standard,42,"44,854.00",0,Low,0
TX002199,C0379,55.47,2024-12-14 12:33:34,Clothing,Standard,64,"73,196.00",0,Low,0
TX001346,C0228,55.44,2024-05-14 06:17:12,Dining,Standard,25,"37,854.00",0,Low,0
TX003025,C0237,55.42,2024-02-06 23:01:06,Dining,Basic,18,"42,909.00",0,Low,0
TX005484,C0305,55.4,2024-11-23 05:26:54,Dining,Standard,37,"56,878.00",0,Low,0
TX002536,C0330,55.37,2024-09-06 03:09:17,Groceries,Standard,45,"53,052.00",0,Low,1
TX006858,C0071,55.37,2024-11-16 08:46:17,Groceries,Standard,42,"44,854.00",0,Low,0
TX006161,C0200,55.36,2024-09-17 10:12:20,Fuel,Standard,24,"53,789.00",0,Low,0
TX002196,C0185,55.36,2024-11-02 02:47:24,Online Shopping,Standard,35,"49,770.00",1,Low,1
TX005448,C0195,55.35,2024-09-10 21:55:32,Groceries,Standard,40,"53,925.00",0,Low,0
TX000149,C0044,55.33,2024-03-14 10:04:59,Dining,Premium,34,"73,077.00",0,Low,0
TX005422,C0487,55.31,2024-07-18 21:05:09,Fuel,Standard,30,"87,359.00",0,Low,0
TX006634,C0074,55.31,2024-08-04 21:13:45,Groceries,Basic,56,"18,553.00",0,Low,0
TX002252,C0379,55.29,2024-06-25 17:51:58,Groceries,Standard,64,"73,196.00",0,Low,0
TX006477,C0403,55.29,2024-10-28 18:29:34,Groceries,Student,38,"16,069.00",0,Low,0
TX003502,C0188,55.26,2024-01-19 09:04:20,Groceries,Standard,37,"86,151.00",0,Low,0
TX003350,C0403,55.25,2024-12-29 08:20:17,Entertainment,Student,38,"16,069.00",0,Low,0
TX006809,C0010,55.23,2024-04-15 02:58:28,Fuel,Standard,44,"55,696.00",0,Low,1
TX002142,C0433,55.21,2024-07-25 05:25:08,Groceries,Student,34,"10,161.00",0,Low,0
TX000797,C0150,55.2,2024-05-31 10:53:44,Fuel,Student,41,"18,534.00",0,Low,0
TX000901,C0361,55.2,2024-12-28 07:58:56,Dining,Student,44,"21,690.00",0,Low,0
TX003479,C0444,55.16,2024-09-01 11:50:11,Groceries,Student,36,"15,681.00",0,Low,0
TX002773,C0094,55.14,2024-12-21 17:05:59,Entertainment,Student,34,"15,107.00",0,Low,0
TX007973,C0242,55.12,2024-08-20 04:56:20,Fuel,Premium,36,"53,171.00",0,Low,1
TX007692,C0085,55.11,2024-09-20 16:18:22,Groceries,Basic,28,"36,286.00",0,Low,0
TX001950,C0466,55.11,2024-11-26 23:16:53,Dining,Basic,35,"34,634.00",0,Low,0
TX006806,C0453,55.09,2024-05-06 13:39:13,Groceries,Basic,26,"19,064.00",0,Low,0
TX007541,C0067,55.03,2024-12-04 05:04:04,Dining,Basic,37,"31,572.00",0,Low,0
TX002504,C0405,55.01,2024-07-29 18:14:51,Dining,Basic,32,"24,655.00",0,Low,0
TX006332,C0262,55,2024-10-27 15:42:20,Healthcare,Premium,37,"157,573.00",0,Low,0
TX003578,C0385,54.97,2024-09-23 15:07:59,Entertainment,Standard,28,"57,003.00",0,Low,0
TX006780,C0045,54.96,2024-01-03 20:58:43,Groceries,Standard,20,"35,795.00",0,Low,0
TX002372,C0390,54.96,2024-05-27 20:12:55,Groceries,Premium,31,"50,063.00",0,Low,0
TX005345,C0491,54.95,2024-12-27 11:35:45,Dining,Student,37,"20,206.00",0,Low,0
TX005209,C0085,54.9,2024-07-28 13:53:21,Fuel,Basic,28,"36,286.00",0,Low,0
TX005333,C0402,54.88,2024-12-16 14:41:31,Entertainment,Basic,30,"27,677.00",0,Low,0
TX006608,C0312,54.87,2024-07-04 16:32:34,Groceries,Standard,51,"45,056.00",0,Low,0
TX000016,C0211,54.87,2024-07-17 21:41:14,Groceries,Student,44,"17,451.00",0,Low,0
TX000160,C0019,54.82,2024-03-21 09:06:15,Dining,Premium,27,"87,141.00",0,Low,0
TX003142,C0400,54.79,2024-01-08 09:14:24,Entertainment,Standard,52,"53,516.00",0,Low,0
TX007926,C0211,54.79,2024-03-11 21:26:20,Groceries,Student,44,"17,451.00",0,Low,0
TX000405,C0336,54.77,2024-10-17 13:10:36,Fuel,Basic,36,"19,041.00",0,Low,0
TX001729,C0258,54.73,2024-07-31 23:39:50,Groceries,Standard,29,"35,153.00",0,Low,0
TX006581,C0123,54.72,2024-12-29 00:23:23,Entertainment,Basic,54,"27,437.00",0,Low,1
TX005706,C0322,54.7,2024-04-11 21:32:12,Entertainment,Basic,45,"32,231.00",0,Low,0
TX002573,C0436,54.69,2024-06-03 03:28:12,Dining,Standard,38,"73,281.00",0,Low,1
TX003211,C0246,54.69,2024-08-07 10:00:12,Groceries,Basic,33,"41,005.00",0,Low,0
TX007223,C0184,54.68,2024-10-05 07:11:43,Dining,Basic,43,"36,801.00",0,Low,0
TX006601,C0009,54.68,2024-11-04 17:32:38,Groceries,Standard,32,"57,866.00",0,Low,0
TX001877,C0370,54.65,2024-09-09 20:39:10,Healthcare,Basic,28,"18,690.00",0,Low,0
TX004991,C0179,54.64,2024-06-25 12:53:15,Healthcare,Student,34,"18,985.00",0,Low,0
TX005937,C0044,54.64,2024-12-20 04:21:34,Dining,Premium,34,"73,077.00",0,Low,1
TX005586,C0432,54.63,2024-10-05 22:38:10,Online Shopping,Standard,18,"52,838.00",0,Low,0
TX004500,C0078,54.58,2024-05-18 08:25:18,Clothing,Student,34,"12,389.00",1,Low,0
TX004795,C0348,54.57,2024-12-29 10:12:27,Fuel,Basic,21,"21,881.00",0,Low,0
TX004299,C0148,54.56,2024-03-08 02:50:35,Groceries,Basic,22,"29,691.00",0,Low,1
TX000997,C0059,54.55,2024-05-15 05:50:32,Dining,Basic,41,"29,342.00",0,Low,0
TX007946,C0097,54.48,2024-06-15 05:55:26,Fuel,Premium,41,"82,584.00",0,Low,0
TX002084,C0149,54.46,2024-04-30 09:37:11,Fuel,Student,44,"14,309.00",0,Low,0
TX007211,C0336,54.46,2024-06-16 19:50:32,Entertainment,Basic,36,"19,041.00",0,Low,0
TX000905,C0093,54.43,2024-04-10 04:26:53,Groceries,Premium,29,"83,371.00",0,Low,1
TX001479,C0066,54.41,2024-08-07 21:29:27,Groceries,Basic,54,"40,633.00",0,Low,0
TX005929,C0045,54.35,2024-11-15 02:52:59,Dining,Standard,20,"35,795.00",0,Low,1
TX002758,C0046,54.32,2024-11-05 21:17:32,Dining,Premium,29,"116,173.00",0,Low,0
TX005784,C0193,54.29,2024-03-17 13:47:42,Clothing,Premium,40,"82,228.00",0,Low,0
TX003435,C0247,54.28,2024-05-10 11:56:24,Dining,Standard,32,"52,749.00",0,Low,0
TX001431,C0067,54.28,2024-10-14 19:26:07,Groceries,Basic,37,"31,572.00",0,Low,0
TX000410,C0217,54.26,2024-05-02 08:14:56,Fuel,Premium,28,"116,102.00",0,Low,0
TX005695,C0148,54.23,2024-08-20 20:52:23,Fuel,Basic,22,"29,691.00",0,Low,0
TX004798,C0208,54.19,2024-12-06 13:20:32,Groceries,Basic,44,"28,883.00",0,Low,0
TX001580,C0343,54.17,2024-12-18 16:28:40,Healthcare,Standard,40,"63,534.00",0,Low,0
TX007299,C0098,54.16,2024-03-22 23:02:32,Groceries,Basic,41,"24,544.00",0,Low,0
TX007930,C0480,54.16,2024-09-20 14:52:07,Dining,Standard,51,"51,860.00",0,Low,0
TX007560,C0065,54.16,2024-10-27 03:25:32,Groceries,Premium,47,"109,281.00",0,Low,1
TX007140,C0205,54.14,2024-10-29 03:00:52,Groceries,Standard,21,"69,970.00",0,Low,1
TX007101,C0179,54.14,2024-11-23 08:31:51,Dining,Student,34,"18,985.00",0,Low,0
TX006860,C0219,54.08,2024-02-25 04:19:21,Groceries,Basic,32,"31,203.00",1,Low,1
TX004099,C0004,54.08,2024-03-02 20:40:12,Healthcare,Student,56,"11,732.00",0,Low,0
TX006863,C0127,54.06,2024-09-01 08:41:47,Dining,Standard,26,"54,634.00",0,Low,0
TX005599,C0253,54.05,2024-08-11 12:59:15,Dining,Basic,63,"42,756.00",0,Low,0
TX007801,C0300,54.02,2024-09-11 03:43:21,Entertainment,Premium,45,"103,214.00",0,Low,1
TX004048,C0388,54.01,2024-05-30 19:52:43,Groceries,Basic,60,"37,653.00",0,Low,0
TX004579,C0109,53.99,2024-04-28 11:58:11,Online Shopping,Basic,41,"35,585.00",0,Low,0
TX006993,C0148,53.99,2024-05-07 20:57:11,Dining,Basic,22,"29,691.00",0,Low,0
TX006499,C0182,53.98,2024-05-14 06:58:49,Entertainment,Basic,27,"26,575.00",0,Low,0
TX002374,C0005,53.94,2024-08-21 18:35:41,Dining,Basic,35,"32,949.00",0,Low,0
TX003063,C0378,53.92,2024-01-23 11:57:39,Entertainment,Basic,40,"27,468.00",0,Low,0
TX002972,C0250,53.89,2024-03-21 15:02:32,Entertainment,Standard,42,"55,233.00",0,Low,0
TX004960,C0364,53.87,2024-01-18 21:30:53,Fuel,Standard,42,"54,163.00",0,Low,0
TX005313,C0400,53.87,2024-10-11 06:53:58,Fuel,Standard,52,"53,516.00",1,Low,0
TX005760,C0171,53.87,2024-10-14 12:10:49,Groceries,Basic,27,"19,642.00",0,Low,0
TX004404,C0396,53.84,2024-04-23 17:24:42,Dining,Basic,32,"49,943.00",0,Low,0
TX005630,C0352,53.84,2024-05-12 02:15:19,Groceries,Standard,55,"43,450.00",0,Low,1
TX001550,C0260,53.84,2024-08-20 18:15:07,Entertainment,Student,47,"19,039.00",1,Low,0
TX004163,C0069,53.84,2024-11-22 10:12:37,Dining,Premium,42,"87,307.00",0,Low,0
TX007421,C0255,53.77,2024-03-25 01:12:01,Healthcare,Basic,19,"22,068.00",0,Low,1
TX006195,C0218,53.77,2024-04-05 12:11:16,Clothing,Standard,35,"62,435.00",0,Low,0
TX004173,C0248,53.75,2024-03-15 00:14:06,Entertainment,Student,30,"15,502.00",0,Low,1
TX005404,C0397,53.75,2024-08-20 15:50:08,Groceries,Student,18,"14,975.00",0,Low,0
TX004609,C0326,53.73,2024-02-26 11:18:05,Fuel,Premium,23,"99,294.00",0,Low,0
TX006164,C0348,53.73,2024-10-15 03:57:22,Dining,Basic,21,"21,881.00",0,Low,1
TX003512,C0160,53.66,2024-02-13 07:52:19,Dining,Standard,45,"44,925.00",0,Low,0
TX000665,C0477,53.66,2024-10-06 00:31:28,Fuel,Basic,44,"19,024.00",0,Low,1
TX002521,C0164,53.64,2024-06-16 08:00:55,Groceries,Premium,28,"78,881.00",1,Low,0
TX004109,C0096,53.63,2024-07-07 23:25:33,Groceries,Standard,20,"24,373.00",0,Low,0
TX002399,C0182,53.62,2024-11-04 14:44:09,Groceries,Basic,27,"26,575.00",0,Low,0
TX002175,C0452,53.6,2024-04-24 18:53:09,Dining,Standard,49,"69,014.00",0,Low,0
TX003475,C0332,53.6,2024-10-07 03:33:05,Fuel,Basic,27,"28,823.00",0,Low,1
TX000359,C0049,53.59,2024-02-09 13:36:22,Dining,Standard,42,"82,699.00",0,Low,0
TX002965,C0317,53.58,2024-05-22 22:25:42,Clothing,Premium,46,"68,447.00",0,Low,0
TX007042,C0004,53.58,2024-07-27 16:39:33,Entertainment,Student,56,"11,732.00",0,Low,0
TX002930,C0448,53.58,2024-12-01 08:31:10,Groceries,Standard,26,"72,859.00",0,Low,0
TX006921,C0391,53.57,2024-02-29 23:29:03,Groceries,Student,27,"8,000.00",0,Low,0
TX006788,C0019,53.5,2024-04-16 03:11:05,Fuel,Premium,27,"87,141.00",0,Low,1
TX005635,C0372,53.48,2024-08-28 15:42:21,Clothing,Basic,43,"22,768.00",0,Low,0
TX003985,C0474,53.47,2024-06-14 12:23:54,Fuel,Standard,54,"41,727.00",0,Low,0
TX002682,C0202,53.46,2024-03-01 22:35:43,Groceries,Premium,44,"30,053.00",1,Low,0
TX006413,C0352,53.46,2024-07-20 17:53:47,Healthcare,Standard,55,"43,450.00",0,Low,0
TX006092,C0132,53.45,2024-07-27 03:15:42,Clothing,Student,38,"15,480.00",0,Low,1
TX001445,C0201,53.45,2024-08-18 14:00:21,Entertainment,Basic,42,"30,629.00",0,Low,0
TX005942,C0036,53.41,2024-02-01 10:02:34,Groceries,Standard,23,"83,217.00",0,Low,0
TX000100,C0113,53.41,2024-11-10 04:25:48,Healthcare,Premium,38,"121,486.00",0,Low,1
TX001500,C0215,53.33,2024-10-19 09:36:02,Clothing,Basic,34,"28,474.00",0,Low,0
TX007212,C0128,53.31,2024-08-06 19:44:23,Entertainment,Student,31,"23,569.00",0,Low,0
TX002539,C0054,53.28,2024-10-13 02:52:27,Groceries,Basic,45,"31,946.00",0,Low,1
TX003929,C0111,53.21,2024-11-27 03:26:37,Entertainment,Standard,18,"68,427.00",0,Low,1
TX004154,C0113,53.2,2024-10-30 17:52:15,Groceries,Premium,38,"121,486.00",0,Low,0
TX007979,C0039,53.19,2024-05-25 06:13:08,Entertainment,Standard,22,"61,600.00",0,Low,0
TX002306,C0247,53.18,2024-01-27 23:56:04,Groceries,Standard,32,"52,749.00",0,Low,0
TX007379,C0385,53.18,2024-10-17 21:56:38,Groceries,Standard,28,"57,003.00",0,Low,0
TX005096,C0315,53.16,2024-12-08 09:05:20,Entertainment,Basic,53,"20,049.00",0,Low,0
TX000497,C0330,53.14,2024-05-27 13:48:50,Groceries,Standard,45,"53,052.00",0,Low,0
TX001797,C0160,53.12,2024-08-12 17:19:50,Groceries,Standard,45,"44,925.00",0,Low,0
TX002641,C0420,53.11,2024-01-15 12:52:59,Clothing,Basic,38,"19,505.00",0,Low,0
TX006455,C0088,53.1,2024-01-20 00:23:08,Groceries,Student,41,"14,809.00",0,Low,1
TX001552,C0059,53.1,2024-07-04 16:42:01,Entertainment,Basic,41,"29,342.00",0,Low,0
TX007850,C0352,53.08,2024-08-30 17:27:09,Entertainment,Standard,55,"43,450.00",0,Low,0
TX006622,C0042,53.03,2024-09-05 16:17:46,Dining,Standard,40,"65,625.00",0,Low,0
TX004187,C0334,53.02,2024-06-28 16:54:06,Clothing,Basic,29,"47,684.00",0,Low,0
TX005670,C0245,52.99,2024-05-17 01:39:49,Dining,Standard,23,"50,536.00",0,Low,1
TX002336,C0148,52.95,2024-07-28 23:03:43,Healthcare,Basic,22,"29,691.00",0,Low,0
TX000251,C0273,52.94,2024-04-25 09:42:44,Fuel,Premium,51,"107,842.00",0,Low,0
TX006001,C0191,52.91,2024-06-02 02:56:33,Dining,Standard,32,"70,454.00",0,Low,1
TX006366,C0236,52.87,2024-09-21 08:17:37,Online Shopping,Standard,45,"61,328.00",0,Low,0
TX007029,C0443,52.86,2024-02-17 05:24:51,Dining,Premium,18,"78,354.00",0,Low,0
TX007644,C0333,52.82,2024-11-11 23:31:39,Fuel,Basic,38,"37,711.00",0,Low,0
TX003740,C0252,52.81,2024-01-03 16:12:57,Entertainment,Standard,49,"33,399.00",0,Low,0
TX003637,C0384,52.81,2024-01-12 19:00:14,Groceries,Basic,31,"27,527.00",0,Low,0
TX006530,C0424,52.8,2024-01-04 18:24:19,Dining,Premium,49,"84,390.00",0,Low,0
TX003440,C0439,52.79,2024-10-24 11:05:13,Entertainment,Standard,18,"57,230.00",0,Low,0
TX005796,C0251,52.78,2024-09-16 02:04:10,Entertainment,Standard,22,"38,555.00",0,Low,1
TX004226,C0304,52.76,2024-03-06 15:49:46,Fuel,Basic,45,"40,913.00",0,Low,0
TX006449,C0435,52.76,2024-05-08 10:15:41,Dining,Basic,56,"42,246.00",0,Low,0
TX005758,C0113,52.75,2024-07-16 23:43:53,Clothing,Premium,38,"121,486.00",0,Low,0
TX007190,C0444,52.67,2024-01-17 14:26:46,Entertainment,Student,36,"15,681.00",0,Low,0
TX007263,C0335,52.66,2024-07-26 17:20:07,Groceries,Standard,49,"46,637.00",0,Low,0
TX001808,C0104,52.65,2024-01-02 21:23:22,Fuel,Standard,28,"63,588.00",0,Low,0
TX004856,C0253,52.64,2024-05-18 20:04:39,Groceries,Basic,63,"42,756.00",0,Low,0
TX003451,C0371,52.64,2024-09-11 02:26:53,Groceries,Standard,38,"53,331.00",0,Low,1
TX004797,C0451,52.63,2024-02-22 23:32:05,Fuel,Basic,37,"9,568.00",0,Low,0
TX002628,C0137,52.63,2024-12-26 05:05:27,Dining,Premium,28,"101,976.00",0,Low,0
TX005072,C0345,52.61,2024-01-12 13:03:47,Groceries,Student,32,"13,483.00",0,Low,0
TX001180,C0369,52.61,2024-07-01 14:17:53,Groceries,Student,39,"15,677.00",0,Low,0
TX001290,C0273,52.6,2024-07-31 16:47:53,Fuel,Premium,51,"107,842.00",0,Low,0
TX000966,C0486,52.59,2024-03-26 08:16:47,Entertainment,Basic,20,"26,096.00",1,Low,0
TX000087,C0334,52.59,2024-12-30 02:25:45,Entertainment,Basic,29,"47,684.00",0,Low,1
TX005510,C0215,52.56,2024-08-18 18:42:26,Dining,Basic,34,"28,474.00",0,Low,0
TX001884,C0054,52.55,2024-09-13 19:09:34,Online Shopping,Basic,45,"31,946.00",0,Low,0
TX007351,C0029,52.54,2024-02-04 23:28:22,Fuel,Basic,30,"39,560.00",0,Low,0
TX007741,C0301,52.54,2024-09-11 07:27:47,Entertainment,Standard,28,"54,705.00",0,Low,0
TX003439,C0313,52.53,2024-02-03 22:15:12,Dining,Basic,47,"18,779.00",0,Low,0
TX003306,C0430,52.53,2024-06-16 00:19:32,Clothing,Standard,18,"25,368.00",0,Low,1
TX004433,C0490,52.51,2024-04-23 22:04:40,Dining,Basic,48,"32,394.00",0,Low,0
TX007363,C0102,52.51,2024-10-12 18:27:33,Groceries,Basic,32,"35,126.00",0,Low,0
TX000263,C0500,52.47,2024-05-14 21:03:26,Fuel,Student,21,"15,738.00",0,Low,0
TX000459,C0472,52.46,2024-08-16 18:18:58,Groceries,Standard,18,"41,000.00",0,Low,0
TX005440,C0153,52.44,2024-02-13 18:59:58,Fuel,Student,29,"20,906.00",0,Low,0
TX005497,C0273,52.43,2024-11-04 01:52:14,Groceries,Premium,51,"107,842.00",0,Low,1
TX005172,C0220,52.4,2024-09-12 08:37:26,Groceries,Basic,38,"32,919.00",0,Low,0
TX003120,C0481,52.39,2024-12-03 14:22:14,Groceries,Standard,36,"44,963.00",0,Low,0
TX003149,C0187,52.37,2024-11-13 03:33:51,ATM Withdrawal,Premium,43,"80,350.00",0,Low,1
TX005163,C0427,52.35,2024-09-06 20:01:37,Clothing,Student,26,"14,718.00",0,Low,0
TX002376,C0412,52.34,2024-01-11 15:43:27,Entertainment,Standard,24,"54,863.00",0,Low,0
TX001458,C0384,52.34,2024-04-02 11:01:42,Groceries,Basic,31,"27,527.00",0,Low,0
TX001930,C0272,52.32,2024-10-25 00:07:48,Fuel,Standard,20,"63,458.00",0,Low,1
TX007537,C0436,52.32,2024-11-03 13:12:20,Groceries,Standard,38,"73,281.00",0,Low,0
TX007633,C0489,52.31,2024-01-21 23:17:23,Online Shopping,Basic,58,"35,936.00",0,Low,0
TX007219,C0011,52.29,2024-09-02 12:54:29,Groceries,Standard,32,"34,602.00",0,Low,0
TX000777,C0376,52.28,2024-12-28 04:10:21,Dining,Premium,28,"108,274.00",0,Low,1
TX000010,C0415,52.27,2024-01-11 21:01:25,Dining,Premium,41,"89,249.00",0,Low,0
TX001269,C0430,52.27,2024-03-31 10:14:06,Clothing,Standard,18,"25,368.00",0,Low,0
TX003889,C0449,52.26,2024-08-29 21:03:48,Entertainment,Standard,31,"69,243.00",0,Low,0
TX007937,C0170,52.21,2024-09-25 12:25:06,Dining,Standard,28,"38,204.00",0,Low,0
TX000922,C0429,52.2,2024-11-01 23:49:59,Groceries,Basic,50,"30,515.00",0,Low,0
TX002954,C0414,52.2,2024-12-05 00:41:02,Entertainment,Standard,53,"62,120.00",0,Low,1
TX006110,C0436,52.19,2024-03-07 00:13:59,Fuel,Standard,38,"73,281.00",0,Low,1
TX005270,C0092,52.19,2024-12-03 10:27:45,Fuel,Basic,49,"37,018.00",0,Low,0
TX007254,C0407,52.17,2024-05-12 11:52:22,Clothing,Standard,25,"52,375.00",0,Low,0
TX003907,C0438,52.16,2024-01-16 15:00:06,Fuel,Standard,21,"77,360.00",0,Low,0
TX006819,C0369,52.15,2024-02-17 20:56:56,Entertainment,Student,39,"15,677.00",0,Low,0
TX006439,C0289,52.14,2024-12-09 06:44:23,Online Shopping,Premium,41,"60,311.00",1,Low,0
TX000390,C0213,52.13,2024-09-04 05:18:18,Entertainment,Standard,49,"45,643.00",0,Low,0
TX007571,C0259,52.12,2024-03-23 19:52:27,Entertainment,Standard,43,"79,630.00",0,Low,0
TX000456,C0087,52.11,2024-08-20 17:54:51,Entertainment,Standard,48,"40,495.00",0,Low,0
TX000742,C0067,52.1,2024-11-09 01:44:30,Dining,Basic,37,"31,572.00",0,Low,1
TX005875,C0016,52.08,2024-05-27 15:57:57,Groceries,Standard,31,"58,287.00",0,Low,0
TX000548,C0489,52.07,2024-05-24 18:41:34,Groceries,Basic,58,"35,936.00",0,Low,0
TX000841,C0334,52.05,2024-05-03 13:47:47,Groceries,Basic,29,"47,684.00",0,Low,0
TX000198,C0425,51.98,2024-01-19 11:09:13,Fuel,Standard,45,"55,849.00",0,Low,0
TX002841,C0344,51.97,2024-02-17 00:12:50,Dining,Standard,31,"79,425.00",0,Low,1
TX001699,C0326,51.97,2024-06-21 21:59:55,Fuel,Premium,23,"99,294.00",0,Low,0
TX003746,C0385,51.96,2024-02-07 22:23:55,Groceries,Standard,28,"57,003.00",0,Low,0
TX007203,C0268,51.96,2024-09-05 23:12:17,Groceries,Premium,20,"40,638.00",0,Low,0
TX002849,C0451,51.96,2024-10-26 21:57:50,Dining,Basic,37,"9,568.00",0,Low,0
TX000065,C0258,51.96,2024-11-03 15:22:58,Fuel,Standard,29,"35,153.00",0,Low,0
TX001049,C0127,51.95,2024-12-11 01:50:27,Entertainment,Standard,26,"54,634.00",0,Low,1
TX007509,C0090,51.93,2024-03-21 03:03:00,Dining,Standard,44,"37,624.00",0,Low,1
TX000772,C0219,51.9,2024-03-28 08:14:44,Fuel,Basic,32,"31,203.00",0,Low,0
TX006815,C0405,51.9,2024-05-03 18:58:48,Dining,Basic,32,"24,655.00",0,Low,0
TX005023,C0396,51.87,2024-04-12 19:02:59,Groceries,Basic,32,"49,943.00",0,Low,0
TX004002,C0375,51.87,2024-06-25 00:25:50,Groceries,Standard,63,"71,369.00",0,Low,1
TX007942,C0289,51.87,2024-09-03 21:29:17,Clothing,Premium,41,"60,311.00",0,Low,0
TX000783,C0190,51.87,2024-09-18 13:26:42,Entertainment,Student,19,"16,720.00",0,Low,0
TX000770,C0134,51.86,2024-12-21 04:45:57,Fuel,Basic,43,"21,817.00",0,Low,1
TX006685,C0234,51.85,2024-06-18 04:28:40,Dining,Student,30,"16,315.00",0,Low,1
TX007602,C0193,51.85,2024-10-13 15:44:03,Dining,Premium,40,"82,228.00",0,Low,0
TX007761,C0157,51.84,2024-09-01 03:59:50,Clothing,Student,60,"16,976.00",0,Low,1
TX006151,C0310,51.83,2024-12-22 21:59:42,Fuel,Standard,35,"55,608.00",0,Low,0
TX000707,C0441,51.82,2024-09-30 08:52:10,Clothing,Basic,42,"25,092.00",0,Low,0
TX005644,C0377,51.81,2024-01-16 17:41:33,Healthcare,Premium,48,"57,230.00",0,Low,0
TX000232,C0394,51.77,2024-03-08 19:49:35,Fuel,Standard,59,"22,706.00",0,Low,0
TX005845,C0294,51.77,2024-06-25 17:58:10,Entertainment,Basic,48,"22,253.00",0,Low,0
TX002962,C0159,51.76,2024-09-23 00:33:33,Groceries,Basic,23,"25,597.00",0,Low,1
TX004924,C0426,51.74,2024-09-16 21:32:09,Entertainment,Student,54,"17,118.00",0,Low,0
TX001630,C0405,51.72,2024-08-09 10:20:38,Fuel,Basic,32,"24,655.00",0,Low,0
TX002342,C0376,51.71,2024-05-05 21:54:51,Clothing,Premium,28,"108,274.00",0,Low,0
TX003807,C0140,51.71,2024-09-30 03:04:41,Fuel,Basic,23,"42,591.00",0,Low,1
TX004836,C0161,51.68,2024-03-11 12:57:21,Entertainment,Premium,26,"89,233.00",0,Low,0
TX002113,C0112,51.66,2024-01-04 08:04:45,Fuel,Basic,37,"35,081.00",0,Low,0
TX003984,C0005,51.64,2024-05-05 01:48:01,Dining,Basic,35,"32,949.00",0,Low,1
TX005975,C0032,51.64,2024-06-01 06:17:35,Clothing,Standard,60,"60,658.00",0,Low,0
TX005685,C0085,51.64,2024-09-09 15:45:51,Entertainment,Basic,28,"36,286.00",0,Low,0
TX003308,C0235,51.64,2024-09-18 05:15:20,Dining,Basic,63,"32,570.00",0,Low,0
TX004861,C0244,51.63,2024-07-10 17:01:10,Groceries,Premium,48,"111,035.00",0,Low,0
TX001012,C0001,51.62,2024-08-22 05:19:52,Groceries,Basic,43,"28,663.00",0,Low,0
TX007322,C0128,51.61,2024-04-01 09:35:13,Dining,Student,31,"23,569.00",0,Low,0
TX001307,C0101,51.59,2024-08-23 19:10:38,Dining,Student,21,"22,190.00",0,Low,0
TX004023,C0381,51.54,2024-06-23 03:45:26,Groceries,Premium,27,"159,579.00",0,Low,1
TX005168,C0275,51.54,2024-11-10 07:12:12,Groceries,Student,26,"18,035.00",0,Low,0
TX003916,C0184,51.53,2024-09-13 20:43:46,Clothing,Basic,43,"36,801.00",1,Low,0
TX004260,C0008,51.51,2024-04-04 01:34:54,Groceries,Standard,47,"74,176.00",0,Low,1
TX005514,C0409,51.49,2024-12-16 17:42:27,Clothing,Standard,39,"63,047.00",0,Low,0
TX002856,C0241,51.47,2024-04-12 03:31:33,Groceries,Premium,28,"125,684.00",0,Low,1
TX006056,C0377,51.47,2024-11-08 17:42:04,Fuel,Premium,48,"57,230.00",0,Low,0
TX006373,C0135,51.47,2024-12-12 15:08:55,Groceries,Standard,26,"51,139.00",0,Low,0
TX006261,C0357,51.46,2024-05-17 20:58:52,Clothing,Basic,37,"14,050.00",0,Low,0
TX007751,C0185,51.46,2024-10-08 22:18:32,Entertainment,Standard,35,"49,770.00",0,Low,0
TX000617,C0416,51.45,2024-09-29 06:23:39,Groceries,Premium,29,"114,532.00",0,Low,0
TX004575,C0495,51.44,2024-06-10 16:47:11,Fuel,Basic,56,"33,679.00",0,Low,0
TX000222,C0070,51.44,2024-07-30 09:37:09,Entertainment,Basic,30,"41,520.00",0,Low,0
TX004071,C0103,51.44,2024-12-18 01:38:07,Healthcare,Standard,33,"46,432.00",0,Low,1
TX007695,C0188,51.44,2024-12-28 05:20:02,Groceries,Standard,37,"86,151.00",0,Low,0
TX001486,C0144,51.43,2024-08-07 22:57:55,Groceries,Standard,40,"70,706.00",0,Low,0
TX000311,C0301,51.43,2024-11-24 02:34:47,Groceries,Standard,28,"54,705.00",0,Low,1
TX002517,C0068,51.41,2024-01-01 21:39:51,Dining,Basic,50,"35,672.00",0,Low,0
TX006483,C0279,51.4,2024-12-10 20:04:21,Groceries,Premium,38,"67,381.00",0,Low,0
TX000545,C0270,51.39,2024-04-23 20:44:43,Groceries,Standard,39,"91,596.00",0,Low,0
TX001985,C0342,51.37,2024-01-18 18:24:16,Entertainment,Standard,40,"46,696.00",0,Low,0
TX001701,C0428,51.37,2024-08-09 06:50:31,Groceries,Standard,46,"62,297.00",0,Low,0
TX003398,C0282,51.35,2024-07-09 22:45:35,Clothing,Basic,45,"29,213.00",0,Low,0
TX006722,C0367,51.34,2024-08-02 07:56:43,Entertainment,Student,40,"17,155.00",0,Low,0
TX004342,C0050,51.31,2024-08-21 10:16:02,Clothing,Basic,18,"21,439.00",0,Low,0
TX005117,C0323,51.3,2024-03-11 06:41:59,Healthcare,Standard,28,"42,469.00",0,Low,0
TX002481,C0073,51.29,2024-04-12 14:18:17,Clothing,Standard,37,"54,397.00",0,Low,0
TX000437,C0148,51.27,2024-03-31 22:58:36,Groceries,Basic,22,"29,691.00",0,Low,0
TX004825,C0169,51.27,2024-09-07 21:25:48,Groceries,Standard,35,"49,563.00",0,Low,0
TX004447,C0281,51.26,2024-04-28 10:44:17,Groceries,Premium,39,"39,211.00",0,Low,0
TX000494,C0198,51.25,2024-01-11 14:15:26,Fuel,Standard,39,"55,779.00",0,Low,0
TX007688,C0039,51.25,2024-08-17 06:00:31,Groceries,Standard,22,"61,600.00",0,Low,0
TX002450,C0074,51.23,2024-10-09 21:59:24,Dining,Basic,56,"18,553.00",0,Low,0
TX002684,C0021,51.22,2024-10-12 02:38:45,Groceries,Student,55,"17,431.00",0,Low,1
TX001847,C0394,51.19,2024-06-19 19:51:42,Clothing,Standard,59,"22,706.00",0,Low,0
TX004509,C0359,51.18,2024-05-21 10:25:11,Groceries,Standard,41,"73,415.00",0,Low,0
TX003559,C0250,51.17,2024-05-31 06:45:36,Groceries,Standard,42,"55,233.00",0,Low,0
TX007888,C0484,51.17,2024-09-25 05:58:12,Groceries,Standard,40,"82,390.00",0,Low,0
TX007723,C0082,51.15,2024-02-21 04:38:25,Groceries,Standard,42,"18,641.00",0,Low,1
TX003223,C0155,51.15,2024-09-04 04:14:17,Clothing,Premium,41,"71,233.00",0,Low,1
TX006746,C0195,51.15,2024-12-21 11:33:20,Fuel,Standard,40,"53,925.00",0,Low,0
TX001438,C0037,51.13,2024-01-17 04:22:50,Online Shopping,Premium,40,"46,559.00",0,Low,1
TX004067,C0264,51.11,2024-07-19 23:02:51,Clothing,Standard,25,"50,127.00",0,Low,0
TX005007,C0251,51.1,2024-08-10 10:23:39,Healthcare,Standard,22,"38,555.00",0,Low,0
TX002979,C0480,51.09,2024-03-02 06:41:37,Entertainment,Standard,51,"51,860.00",0,Low,0
TX001766,C0170,51.09,2024-07-22 16:50:20,Entertainment,Standard,28,"38,204.00",0,Low,0
TX003365,C0416,51.09,2024-08-25 10:44:01,Fuel,Premium,29,"114,532.00",0,Low,0
TX007554,C0293,51.08,2024-12-30 10:01:43,Clothing,Basic,30,"34,400.00",0,Low,0
TX002984,C0485,51.07,2024-11-19 15:05:05,Dining,Basic,28,"35,423.00",0,Low,0
TX005704,C0426,51.04,2024-08-03 22:14:54,Groceries,Student,54,"17,118.00",1,Low,0
TX001696,C0274,51.03,2024-01-17 12:51:26,Groceries,Basic,38,"36,827.00",0,Low,0
TX001074,C0461,51.03,2024-02-06 04:48:11,Dining,Standard,61,"46,806.00",0,Low,1
TX000927,C0472,51.03,2024-06-09 21:36:40,Healthcare,Standard,18,"41,000.00",0,Low,0
TX003489,C0187,51.02,2024-11-02 05:55:45,Clothing,Premium,43,"80,350.00",0,Low,0
TX005968,C0097,51,2024-01-01 21:25:58,Groceries,Premium,41,"82,584.00",0,Low,0
TX007195,C0084,50.96,2024-02-14 21:16:41,Entertainment,Standard,31,"66,406.00",0,Low,0
TX003169,C0256,50.96,2024-11-06 17:20:49,Fuel,Standard,32,"22,699.00",0,Low,0
TX000004,C0017,50.95,2024-03-22 11:19:33,Dining,Standard,25,"58,740.00",0,Low,0
TX001370,C0260,50.93,2024-12-11 10:34:48,Groceries,Student,47,"19,039.00",0,Low,0
TX003611,C0013,50.92,2024-09-10 10:10:22,Dining,Standard,40,"64,682.00",0,Low,0
TX007869,C0454,50.91,2024-03-27 06:04:36,Groceries,Standard,44,"51,628.00",0,Low,0
TX001315,C0267,50.89,2024-03-23 16:31:01,Dining,Standard,57,"34,156.00",0,Low,0
TX001204,C0045,50.88,2024-07-10 05:54:42,Groceries,Standard,20,"35,795.00",0,Low,0
TX001380,C0337,50.87,2024-01-11 06:55:22,Groceries,Standard,28,"53,675.00",0,Low,0
TX002209,C0456,50.87,2024-09-05 02:07:37,Dining,Standard,28,"27,970.00",0,Low,1
TX000660,C0382,50.86,2024-02-24 10:58:15,Groceries,Standard,30,"60,899.00",0,Low,0
TX003976,C0470,50.83,2024-10-30 01:59:05,Groceries,Standard,31,"52,622.00",0,Low,1
TX006010,C0032,50.81,2024-02-04 11:53:44,Dining,Standard,60,"60,658.00",0,Low,0
TX001441,C0136,50.76,2024-03-04 21:46:50,Dining,Basic,56,"16,651.00",0,Low,0
TX005116,C0496,50.76,2024-04-27 02:54:43,Dining,Basic,44,"24,578.00",0,Low,1
TX007358,C0411,50.74,2024-10-17 05:38:33,Dining,Standard,46,"55,422.00",0,Low,0
TX001096,C0258,50.7,2024-09-26 15:51:10,Groceries,Standard,29,"35,153.00",0,Low,0
TX007383,C0084,50.69,2024-12-16 07:20:03,Clothing,Standard,31,"66,406.00",0,Low,0
TX006037,C0025,50.68,2024-07-20 03:44:54,Entertainment,Standard,31,"71,104.00",0,Low,1
TX003543,C0187,50.67,2024-07-09 12:35:21,Fuel,Premium,43,"80,350.00",0,Low,0
TX001379,C0337,50.64,2024-05-16 20:14:06,Entertainment,Standard,28,"53,675.00",0,Low,0
TX004486,C0176,50.63,2024-03-09 02:51:00,Fuel,Standard,47,"62,155.00",0,Low,1
TX006029,C0215,50.62,2024-02-26 09:54:03,Groceries,Basic,34,"28,474.00",0,Low,0
TX000765,C0333,50.62,2024-07-19 11:09:50,Groceries,Basic,38,"37,711.00",0,Low,0
TX003043,C0279,50.59,2024-03-13 21:09:04,Groceries,Premium,38,"67,381.00",0,Low,0
TX005250,C0347,50.59,2024-04-17 09:03:27,Fuel,Basic,20,"25,346.00",0,Low,0
TX004185,C0425,50.58,2024-06-25 00:52:43,Groceries,Standard,45,"55,849.00",0,Low,1
TX004522,C0332,50.57,2024-03-14 18:12:44,Online Shopping,Basic,27,"28,823.00",0,Low,0
TX000452,C0021,50.57,2024-09-28 10:25:18,Groceries,Student,55,"17,431.00",0,Low,0
TX001083,C0028,50.56,2024-05-03 17:02:27,Fuel,Basic,42,"24,399.00",0,Low,0
TX005329,C0336,50.49,2024-07-06 02:55:43,Fuel,Basic,36,"19,041.00",0,Low,1
TX007227,C0162,50.45,2024-01-29 07:06:08,Entertainment,Standard,47,"72,590.00",0,Low,0
TX000815,C0375,50.42,2024-07-27 16:56:50,Entertainment,Standard,63,"71,369.00",0,Low,0
TX002395,C0452,50.42,2024-08-05 21:27:52,Groceries,Standard,49,"69,014.00",0,Low,0
TX005759,C0229,50.42,2024-10-16 23:38:01,Groceries,Basic,29,"43,067.00",1,Low,0
TX005961,C0154,50.38,2024-01-16 09:57:37,Clothing,Basic,40,"41,040.00",0,Low,0
TX002036,C0117,50.37,2024-02-03 17:59:04,Groceries,Basic,37,"46,602.00",0,Low,0
TX001225,C0037,50.36,2024-10-09 02:08:57,Entertainment,Premium,40,"46,559.00",0,Low,1
TX007103,C0418,50.34,2024-12-07 16:57:09,Entertainment,Standard,39,"63,367.00",0,Low,0
TX003620,C0469,50.32,2024-11-03 02:34:13,Entertainment,Premium,31,"125,897.00",0,Low,1
TX007826,C0386,50.31,2024-01-22 20:55:32,Groceries,Basic,39,"28,780.00",0,Low,0
TX005640,C0446,50.31,2024-12-19 12:42:24,Groceries,Student,46,"15,012.00",0,Low,0
TX001173,C0427,50.3,2024-04-03 06:21:03,Groceries,Student,26,"14,718.00",0,Low,0
TX007725,C0388,50.3,2024-11-03 04:05:16,Groceries,Basic,60,"37,653.00",0,Low,1
TX001541,C0412,50.26,2024-11-04 14:45:57,Groceries,Standard,24,"54,863.00",1,Low,0
TX000917,C0348,50.25,2024-08-20 08:46:21,Fuel,Basic,21,"21,881.00",0,Low,0
TX004705,C0435,50.25,2024-11-13 02:16:14,Groceries,Basic,56,"42,246.00",0,Low,1
TX007672,C0292,50.24,2024-04-18 13:39:03,Dining,Basic,32,"28,202.00",0,Low,0
TX006822,C0085,50.24,2024-12-16 07:52:39,Groceries,Basic,28,"36,286.00",0,Low,0
TX004621,C0212,50.2,2024-09-21 02:33:55,Entertainment,Student,51,"10,786.00",0,Low,1
TX003939,C0209,50.16,2024-01-29 03:17:34,Groceries,Standard,44,"71,622.00",0,Low,1
TX003483,C0048,50.13,2024-02-04 18:19:16,Entertainment,Student,50,"14,603.00",0,Low,0
TX005022,C0006,50.12,2024-03-14 10:23:57,Groceries,Standard,35,"49,099.00",1,Low,0
TX000919,C0260,50.12,2024-09-04 09:12:59,Groceries,Student,47,"19,039.00",0,Low,0
TX007122,C0145,50.1,2024-02-11 20:17:12,Entertainment,Basic,41,"43,471.00",1,Low,0
TX005445,C0106,50.1,2024-07-25 14:45:45,Online Shopping,Basic,42,"37,397.00",0,Low,0
TX000077,C0010,50.1,2024-11-29 19:26:12,Fuel,Standard,44,"55,696.00",0,Low,0
TX006996,C0433,50.08,2024-09-17 22:07:30,Fuel,Student,34,"10,161.00",0,Low,0
TX005483,C0467,50.06,2024-06-11 17:55:36,Fuel,Basic,45,"30,956.00",0,Low,0
TX007056,C0404,50.06,2024-10-25 23:32:08,Groceries,Student,38,"16,286.00",0,Low,0
TX004021,C0408,50.04,2024-02-05 16:00:00,Dining,Basic,36,"23,954.00",0,Low,0
TX007837,C0311,50.03,2024-04-11 12:23:15,Dining,Basic,35,"24,384.00",0,Low,0
TX003815,C0246,50.01,2024-10-31 16:23:44,Dining,Basic,33,"41,005.00",0,Low,0
TX004959,C0417,50,2024-12-01 22:34:11,Clothing,Student,56,"20,560.00",0,Low,0
TX002190,C0357,49.95,2024-12-26 19:04:00,Groceries,Basic,37,"14,050.00",0,Low,0
TX006201,C0382,49.93,2024-06-06 02:21:36,Clothing,Standard,30,"60,899.00",0,Low,1
TX006658,C0101,49.92,2024-02-29 11:21:37,Groceries,Student,21,"22,190.00",0,Low,0
TX006196,C0044,49.92,2024-05-05 10:04:23,Clothing,Premium,34,"73,077.00",0,Low,0
TX007711,C0442,49.92,2024-11-08 08:34:21,Groceries,Standard,37,"50,462.00",0,Low,0
TX003965,C0143,49.89,2024-08-06 18:22:18,Dining,Basic,18,"31,795.00",0,Low,0
TX007812,C0289,49.89,2024-08-10 02:45:06,Groceries,Premium,41,"60,311.00",0,Low,1
TX002874,C0156,49.89,2024-10-12 09:34:55,Groceries,Student,29,"16,583.00",0,Low,0
TX002414,C0319,49.84,2024-05-20 01:17:57,Dining,Basic,41,"27,640.00",0,Low,1
TX004971,C0093,49.81,2024-12-05 23:45:47,Groceries,Premium,29,"83,371.00",0,Low,0
TX004046,C0400,49.8,2024-09-05 10:06:21,Fuel,Standard,52,"53,516.00",0,Low,0
TX006869,C0404,49.78,2024-02-10 11:45:15,Dining,Student,38,"16,286.00",0,Low,0
TX007100,C0314,49.77,2024-06-22 16:19:14,Groceries,Student,47,"21,998.00",0,Low,0
TX005908,C0147,49.76,2024-12-07 12:25:33,Dining,Standard,23,"71,180.00",0,Low,0
TX000511,C0167,49.75,2024-03-18 06:08:38,Groceries,Standard,47,"72,231.00",0,Low,0
TX005604,C0380,49.74,2024-03-06 11:39:23,Dining,Basic,28,"31,133.00",0,Low,0
TX001807,C0132,49.74,2024-10-08 07:54:38,ATM Withdrawal,Student,38,"15,480.00",0,Low,0
TX001670,C0210,49.74,2024-11-05 05:13:47,Fuel,Standard,75,"39,401.00",0,Low,0
TX004902,C0253,49.73,2024-09-09 11:26:40,Dining,Basic,63,"42,756.00",0,Low,0
TX004261,C0325,49.69,2024-01-08 05:45:27,Fuel,Premium,25,"54,372.00",0,Low,0
TX001302,C0341,49.68,2024-09-01 14:13:10,Clothing,Student,28,"21,710.00",0,Low,0
TX005678,C0113,49.67,2024-05-21 09:00:48,Dining,Premium,38,"121,486.00",0,Low,0
TX005467,C0216,49.67,2024-06-09 19:26:07,Fuel,Standard,47,"58,261.00",0,Low,0
TX001899,C0062,49.67,2024-08-30 09:28:02,Dining,Basic,35,"33,654.00",0,Low,0
TX005319,C0025,49.65,2024-09-27 17:10:13,Entertainment,Standard,31,"71,104.00",0,Low,0
TX006395,C0266,49.64,2024-04-25 12:27:06,Groceries,Basic,23,"48,327.00",0,Low,0
TX003294,C0148,49.62,2024-11-20 15:22:20,Groceries,Basic,22,"29,691.00",0,Low,0
TX007963,C0022,49.61,2024-04-02 07:09:07,Groceries,Student,35,"15,746.00",0,Low,0
TX001851,C0461,49.58,2024-06-16 12:05:26,Dining,Standard,61,"46,806.00",0,Low,0
TX005225,C0158,49.56,2024-10-25 05:12:51,Fuel,Standard,43,"58,910.00",0,Low,0
TX006296,C0266,49.55,2024-10-20 12:08:59,Dining,Basic,23,"48,327.00",1,Low,0
TX007204,C0013,49.52,2024-05-05 01:29:05,Groceries,Standard,40,"64,682.00",0,Low,1
TX006102,C0079,49.47,2024-02-06 00:29:12,Groceries,Standard,39,"48,307.00",1,Low,1
TX001203,C0075,49.47,2024-08-02 22:30:44,Online Shopping,Basic,18,"31,024.00",0,Low,0
TX004680,C0052,49.45,2024-04-28 01:05:09,Dining,Basic,33,"24,464.00",0,Low,1
TX005632,C0416,49.44,2024-07-15 23:58:19,Fuel,Premium,29,"114,532.00",0,Low,0
TX003220,C0395,49.41,2024-05-07 06:41:33,Dining,Student,52,"16,554.00",1,Low,0
TX000566,C0262,49.41,2024-10-27 03:37:07,Dining,Premium,37,"157,573.00",0,Low,1
TX006977,C0209,49.4,2024-08-16 20:25:41,Entertainment,Standard,44,"71,622.00",0,Low,0
TX007085,C0017,49.4,2024-08-23 18:13:43,Groceries,Standard,25,"58,740.00",0,Low,0
TX006015,C0209,49.38,2024-09-07 00:18:44,Dining,Standard,44,"71,622.00",0,Low,1
TX000595,C0210,49.36,2024-05-04 05:22:05,Dining,Standard,75,"39,401.00",0,Low,0
TX000212,C0014,49.36,2024-10-13 04:27:30,Groceries,Student,18,"23,653.00",0,Low,1
TX001610,C0112,49.34,2024-01-17 14:14:43,Groceries,Basic,37,"35,081.00",0,Low,0
TX007463,C0371,49.32,2024-12-30 03:48:26,Groceries,Standard,38,"53,331.00",0,Low,1
TX003604,C0375,49.3,2024-04-16 01:28:34,Dining,Standard,63,"71,369.00",0,Low,1
TX006080,C0042,49.3,2024-11-24 22:17:30,Clothing,Standard,40,"65,625.00",1,Low,0
TX005930,C0097,49.29,2024-02-01 23:21:50,Fuel,Premium,41,"82,584.00",0,Low,0
TX004817,C0087,49.26,2024-02-08 23:19:03,Clothing,Standard,48,"40,495.00",0,Low,0
TX006478,C0210,49.26,2024-10-18 19:52:16,Dining,Standard,75,"39,401.00",0,Low,0
TX000520,C0138,49.25,2024-07-15 21:18:39,Dining,Student,34,"17,588.00",0,Low,0
TX007427,C0271,49.23,2024-09-27 03:06:46,Entertainment,Basic,55,"41,074.00",0,Low,1
TX003312,C0443,49.22,2024-03-05 12:58:50,Groceries,Premium,18,"78,354.00",0,Low,0
TX003507,C0132,49.19,2024-06-16 13:40:07,Entertainment,Student,38,"15,480.00",0,Low,0
TX002313,C0377,49.16,2024-07-17 10:19:55,Groceries,Premium,48,"57,230.00",0,Low,0
TX002964,C0482,49.16,2024-12-12 06:35:45,Groceries,Basic,26,"38,319.00",0,Low,0
TX000961,C0340,49.14,2024-09-02 09:42:19,Groceries,Premium,31,"139,173.00",0,Low,0
TX003122,C0381,49.13,2024-02-06 20:40:34,Groceries,Premium,27,"159,579.00",0,Low,0
TX003466,C0148,49.13,2024-02-17 16:32:26,Entertainment,Basic,22,"29,691.00",0,Low,0
TX001689,C0237,49.12,2024-10-17 03:17:58,Groceries,Basic,18,"42,909.00",0,Low,1
TX003892,C0307,49.11,2024-08-12 02:57:18,Fuel,Standard,53,"56,834.00",0,Low,1
TX002424,C0322,49.07,2024-06-13 14:46:06,Fuel,Basic,45,"32,231.00",0,Low,0
TX001405,C0394,49.07,2024-06-15 20:18:55,Dining,Standard,59,"22,706.00",0,Low,0
TX006185,C0068,49.06,2024-02-25 17:58:23,Groceries,Basic,50,"35,672.00",0,Low,0
TX003535,C0185,49.04,2024-09-18 07:24:08,Dining,Standard,35,"49,770.00",0,Low,0
TX004811,C0181,49.02,2024-06-10 16:43:09,Groceries,Basic,45,"17,547.00",0,Low,0
TX001064,C0041,49,2024-08-10 00:41:07,Entertainment,Standard,46,"39,681.00",0,Low,1
TX003358,C0290,48.99,2024-03-24 08:56:39,Entertainment,Student,30,"18,763.00",0,Low,0
TX002848,C0305,48.99,2024-07-28 11:13:32,Dining,Standard,37,"56,878.00",0,Low,0
TX006308,C0451,48.99,2024-07-29 13:08:50,Fuel,Basic,37,"9,568.00",0,Low,0
TX005997,C0209,48.99,2024-11-16 14:03:33,Entertainment,Standard,44,"71,622.00",1,Low,0
TX003767,C0287,48.98,2024-01-07 03:57:53,Clothing,Standard,36,"68,774.00",0,Low,1
TX000011,C0366,48.98,2024-03-20 19:16:07,Groceries,Student,33,"15,304.00",0,Low,0
TX001038,C0431,48.94,2024-04-28 04:14:16,Groceries,Student,23,"11,242.00",0,Low,1
TX001455,C0290,48.94,2024-07-07 02:45:36,Entertainment,Student,30,"18,763.00",0,Low,1
TX001576,C0096,48.94,2024-11-16 10:55:51,Dining,Standard,20,"24,373.00",0,Low,0
TX002284,C0337,48.93,2024-05-23 10:06:42,Fuel,Standard,28,"53,675.00",0,Low,0
TX002625,C0353,48.92,2024-08-04 18:49:29,Dining,Standard,48,"58,506.00",0,Low,0
TX003795,C0163,48.91,2024-10-17 04:20:59,Dining,Basic,51,"34,348.00",0,Low,1
TX007418,C0493,48.87,2024-03-21 01:59:43,Dining,Basic,38,"30,256.00",0,Low,1
TX000301,C0319,48.87,2024-11-25 22:24:51,Entertainment,Basic,41,"27,640.00",0,Low,0
TX007044,C0468,48.85,2024-02-25 22:56:51,Groceries,Basic,47,"22,215.00",1,Low,0
TX000067,C0269,48.84,2024-03-24 14:27:39,Dining,Standard,32,"70,338.00",0,Low,0
TX000551,C0284,48.83,2024-09-09 01:46:56,Clothing,Basic,23,"21,171.00",1,Low,1
TX007809,C0137,48.83,2024-11-06 19:36:53,Fuel,Premium,28,"101,976.00",0,Low,0
TX004737,C0263,48.8,2024-01-07 23:07:34,Clothing,Student,18,"18,927.00",0,Low,0
TX001982,C0084,48.79,2024-01-13 06:07:41,Clothing,Standard,31,"66,406.00",0,Low,0
TX001352,C0407,48.79,2024-07-11 12:32:51,Groceries,Standard,25,"52,375.00",0,Low,0
TX000767,C0210,48.77,2024-06-08 21:53:49,Clothing,Standard,75,"39,401.00",0,Low,0
TX005755,C0018,48.72,2024-06-04 10:54:13,Groceries,Student,41,"21,309.00",0,Low,0
TX007130,C0088,48.71,2024-03-02 18:06:48,Entertainment,Student,41,"14,809.00",0,Low,0
TX003932,C0249,48.68,2024-11-12 17:13:19,Fuel,Basic,59,"28,615.00",0,Low,0
TX007498,C0432,48.64,2024-06-18 10:58:52,Dining,Standard,18,"52,838.00",1,Low,0
TX006331,C0354,48.61,2024-05-30 12:57:36,Fuel,Student,36,"8,776.00",0,Low,0
TX000335,C0259,48.61,2024-11-14 08:10:51,Fuel,Standard,43,"79,630.00",0,Low,0
TX002781,C0416,48.61,2024-12-17 22:33:07,Groceries,Premium,29,"114,532.00",0,Low,0
TX003550,C0325,48.59,2024-02-09 00:58:58,Dining,Premium,25,"54,372.00",0,Low,1
TX006039,C0176,48.59,2024-02-11 14:20:54,Groceries,Standard,47,"62,155.00",0,Low,0
TX000022,C0442,48.57,2024-09-11 19:42:03,Groceries,Standard,37,"50,462.00",0,Low,0
TX005702,C0201,48.56,2024-06-27 13:30:33,Fuel,Basic,42,"30,629.00",0,Low,0
TX007849,C0130,48.54,2024-11-26 22:05:48,Entertainment,Standard,31,"61,544.00",0,Low,0
TX006486,C0208,48.53,2024-12-12 01:26:12,Online Shopping,Basic,44,"28,883.00",0,Low,1
TX005309,C0126,48.48,2024-02-21 20:41:10,Clothing,Standard,64,"46,394.00",0,Low,0
TX002543,C0341,48.48,2024-06-10 01:39:53,Dining,Student,28,"21,710.00",0,Low,1
TX006205,C0149,48.47,2024-05-17 08:42:29,Fuel,Student,44,"14,309.00",0,Low,0
TX007496,C0102,48.47,2024-07-04 20:13:42,Groceries,Basic,32,"35,126.00",0,Low,0
TX007338,C0351,48.46,2024-04-24 08:19:40,Dining,Standard,41,"55,511.00",0,Low,0
TX004969,C0369,48.43,2024-06-15 04:45:33,Groceries,Student,39,"15,677.00",0,Low,1
TX005810,C0065,48.41,2024-04-15 06:08:41,Dining,Premium,47,"109,281.00",0,Low,0
TX001294,C0104,48.41,2024-09-11 22:41:04,Dining,Standard,28,"63,588.00",0,Low,0
TX002405,C0403,48.4,2024-01-31 22:25:38,Groceries,Student,38,"16,069.00",0,Low,0
TX002772,C0018,48.36,2024-05-15 23:01:46,Clothing,Student,41,"21,309.00",0,Low,0
TX005455,C0192,48.35,2024-06-04 20:22:28,Groceries,Basic,48,"31,910.00",0,Low,0
TX003041,C0371,48.33,2024-08-29 15:17:49,Clothing,Standard,38,"53,331.00",0,Low,0
TX002468,C0084,48.33,2024-10-10 02:31:59,Groceries,Standard,31,"66,406.00",0,Low,1
TX003105,C0217,48.31,2024-05-21 15:44:54,Groceries,Premium,28,"116,102.00",0,Low,0
TX005196,C0310,48.31,2024-12-21 11:17:29,Entertainment,Standard,35,"55,608.00",0,Low,0
TX004441,C0316,48.3,2024-03-13 12:49:08,Groceries,Standard,38,"44,606.00",0,Low,0
TX006432,C0382,48.28,2024-08-18 10:38:58,Fuel,Standard,30,"60,899.00",0,Low,0
TX004741,C0324,48.27,2024-05-18 22:56:33,Dining,Basic,63,"47,161.00",0,Low,0
TX007641,C0164,48.26,2024-06-23 13:28:48,Dining,Premium,28,"78,881.00",0,Low,0
TX001607,C0083,48.26,2024-07-24 17:17:38,Clothing,Standard,55,"31,241.00",0,Low,0
TX000611,C0486,48.25,2024-09-09 12:03:19,Groceries,Basic,20,"26,096.00",0,Low,0
TX003092,C0070,48.24,2024-12-20 20:09:51,Entertainment,Basic,30,"41,520.00",0,Low,0
TX006119,C0480,48.21,2024-02-19 14:35:32,Online Shopping,Standard,51,"51,860.00",0,Low,0
TX007068,C0140,48.2,2024-08-09 02:01:01,Groceries,Basic,23,"42,591.00",0,Low,1
TX000654,C0353,48.18,2024-06-23 08:54:27,Healthcare,Standard,48,"58,506.00",0,Low,0
TX004901,C0455,48.16,2024-04-01 06:43:15,Groceries,Standard,31,"37,448.00",0,Low,0
TX002659,C0135,48.16,2024-08-19 12:25:03,Entertainment,Standard,26,"51,139.00",0,Low,0
TX003971,C0245,48.15,2024-02-01 07:09:24,Entertainment,Standard,23,"50,536.00",0,Low,0
TX000768,C0115,48.14,2024-09-11 20:40:12,Dining,Premium,35,"129,521.00",0,Low,0
TX007111,C0416,48.13,2024-10-21 12:37:41,Groceries,Premium,29,"114,532.00",0,Low,0
TX005397,C0009,48.13,2024-12-04 10:28:09,Clothing,Standard,32,"57,866.00",0,Low,0
TX007255,C0091,48.09,2024-04-12 11:25:32,Entertainment,Student,39,"21,013.00",0,Low,0
TX007399,C0189,48.07,2024-06-03 01:15:20,Clothing,Premium,27,"101,458.00",0,Low,1
TX000832,C0376,48.07,2024-06-09 17:04:56,Groceries,Premium,28,"108,274.00",0,Low,0
TX007344,C0125,48.06,2024-04-20 00:53:11,Entertainment,Standard,45,"62,842.00",1,Low,1
TX006464,C0177,48.05,2024-02-27 14:31:28,Fuel,Standard,38,"56,152.00",0,Low,0
TX006611,C0482,48.04,2024-08-01 18:32:02,Dining,Basic,26,"38,319.00",0,Low,0
TX004827,C0138,48.04,2024-09-08 04:07:03,Entertainment,Student,34,"17,588.00",0,Low,1
TX007956,C0106,48.03,2024-05-25 03:33:44,Groceries,Basic,42,"37,397.00",1,Low,1
TX001720,C0044,48.01,2024-09-21 17:50:24,Dining,Premium,34,"73,077.00",0,Low,0
TX004809,C0106,48,2024-05-31 02:59:30,Groceries,Basic,42,"37,397.00",0,Low,1
TX004752,C0046,47.99,2024-03-31 07:09:18,Groceries,Premium,29,"116,173.00",0,Low,0
TX006825,C0049,47.99,2024-09-25 02:57:40,Entertainment,Standard,42,"82,699.00",0,Low,1
TX004993,C0433,47.98,2024-12-06 20:53:27,Groceries,Student,34,"10,161.00",0,Low,0
TX005273,C0425,47.97,2024-12-30 01:42:53,Groceries,Standard,45,"55,849.00",0,Low,1
TX003288,C0075,47.92,2024-11-06 16:38:01,Dining,Basic,18,"31,024.00",0,Low,0
TX001574,C0154,47.91,2024-09-05 05:45:17,Entertainment,Basic,40,"41,040.00",0,Low,0
TX006339,C0383,47.89,2024-03-30 15:20:19,Groceries,Standard,18,"57,880.00",0,Low,0
TX000053,C0217,47.89,2024-04-07 10:43:32,Dining,Premium,28,"116,102.00",0,Low,0
TX002452,C0022,47.89,2024-05-13 21:42:32,Fuel,Student,35,"15,746.00",0,Low,0
TX000498,C0341,47.85,2024-03-01 05:47:30,Dining,Student,28,"21,710.00",0,Low,0
TX003336,C0222,47.81,2024-03-31 19:41:26,Fuel,Standard,18,"54,135.00",0,Low,0
TX007139,C0219,47.81,2024-05-17 01:29:42,Dining,Basic,32,"31,203.00",0,Low,1
TX004905,C0442,47.78,2024-09-19 04:57:45,Fuel,Standard,37,"50,462.00",0,Low,1
TX003846,C0113,47.76,2024-03-30 20:29:39,Entertainment,Premium,38,"121,486.00",0,Low,0
TX001676,C0016,47.76,2024-05-26 05:05:42,Groceries,Standard,31,"58,287.00",1,Low,0
TX000374,C0280,47.75,2024-09-01 18:42:20,Groceries,Student,33,"13,877.00",0,Low,0
TX006007,C0056,47.74,2024-07-06 13:28:13,Groceries,Standard,49,"60,280.00",0,Low,0
TX003116,C0402,47.72,2024-02-24 02:13:47,Clothing,Basic,30,"27,677.00",0,Low,1
TX000358,C0468,47.71,2024-04-06 21:29:07,Groceries,Basic,47,"22,215.00",0,Low,0
TX003393,C0125,47.7,2024-02-11 14:44:59,Clothing,Standard,45,"62,842.00",0,Low,0
TX002220,C0254,47.67,2024-04-25 14:06:04,Entertainment,Standard,50,"42,295.00",0,Low,0
TX007276,C0487,47.67,2024-07-09 22:10:49,Entertainment,Standard,30,"87,359.00",0,Low,0
TX001882,C0459,47.66,2024-07-02 10:04:45,Groceries,Premium,31,"72,704.00",0,Low,0
TX001732,C0356,47.65,2024-08-14 04:53:08,Entertainment,Premium,25,"115,005.00",0,Low,1
TX004709,C0439,47.63,2024-02-10 14:47:42,Entertainment,Standard,18,"57,230.00",0,Low,0
TX003448,C0089,47.62,2024-08-24 19:53:42,Clothing,Standard,31,"54,945.00",0,Low,0
TX005851,C0440,47.59,2024-03-01 17:20:25,Online Shopping,Standard,37,"49,943.00",0,Low,0
TX003777,C0118,47.57,2024-02-08 17:44:50,Dining,Premium,23,"69,324.00",0,Low,0
TX005038,C0451,47.56,2024-11-30 09:35:18,Dining,Basic,37,"9,568.00",0,Low,0
TX002135,C0024,47.55,2024-03-11 01:19:29,Healthcare,Standard,20,"57,911.00",0,Low,1
TX004353,C0477,47.55,2024-11-05 12:00:40,Groceries,Basic,44,"19,024.00",0,Low,0
TX005757,C0461,47.52,2024-12-11 07:47:47,Dining,Standard,61,"46,806.00",0,Low,0
TX005992,C0158,47.51,2024-07-28 23:18:35,Groceries,Standard,43,"58,910.00",0,Low,0
TX003072,C0437,47.5,2024-11-02 21:22:59,Entertainment,Standard,57,"51,798.00",0,Low,0
TX007448,C0186,47.49,2024-01-08 20:16:12,Groceries,Student,46,"13,602.00",0,Low,0
TX005693,C0325,47.46,2024-08-08 07:51:04,Dining,Premium,25,"54,372.00",0,Low,0
TX000326,C0359,47.44,2024-09-25 20:18:17,Groceries,Standard,41,"73,415.00",0,Low,0
TX000637,C0109,47.42,2024-03-06 11:54:28,Clothing,Basic,41,"35,585.00",0,Low,0
TX001310,C0147,47.41,2024-05-12 08:21:20,Groceries,Standard,23,"71,180.00",0,Low,0
TX004790,C0164,47.36,2024-11-10 20:16:04,Fuel,Premium,28,"78,881.00",0,Low,0
TX001118,C0277,47.35,2024-10-05 08:25:31,Online Shopping,Standard,40,"56,563.00",0,Low,0
TX006134,C0363,47.34,2024-03-09 21:45:23,Clothing,Basic,36,"24,359.00",0,Low,0
TX000327,C0137,47.33,2024-05-01 05:56:40,Fuel,Premium,28,"101,976.00",0,Low,0
TX004770,C0366,47.32,2024-04-12 06:29:53,Dining,Student,33,"15,304.00",0,Low,0
TX003695,C0433,47.32,2024-04-26 00:26:41,Dining,Student,34,"10,161.00",0,Low,1
TX002116,C0412,47.31,2024-08-13 12:14:11,Groceries,Standard,24,"54,863.00",0,Low,0
TX003616,C0094,47.29,2024-07-27 06:47:26,Groceries,Student,34,"15,107.00",0,Low,0
TX007824,C0393,47.28,2024-10-03 09:28:21,Fuel,Student,22,"10,586.00",0,Low,0
TX004922,C0030,47.28,2024-11-13 02:51:01,Clothing,Standard,34,"32,152.00",1,Low,1
TX006433,C0343,47.27,2024-11-17 00:07:59,Fuel,Standard,40,"63,534.00",0,Low,1
TX007233,C0327,47.26,2024-10-23 15:57:49,Groceries,Basic,51,"35,070.00",0,Low,0
TX001945,C0019,47.25,2024-08-23 17:54:57,Dining,Premium,27,"87,141.00",0,Low,0
TX001365,C0082,47.23,2024-10-05 12:54:12,Fuel,Standard,42,"18,641.00",0,Low,0
TX007769,C0172,47.15,2024-02-09 07:18:37,Clothing,Standard,28,"72,412.00",0,Low,0
TX003539,C0099,47.14,2024-05-04 14:17:17,Entertainment,Basic,38,"21,987.00",0,Low,0
TX004038,C0368,47.08,2024-05-12 05:29:00,Groceries,Standard,38,"41,189.00",0,Low,0
TX004512,C0394,47.08,2024-07-20 06:51:28,Groceries,Standard,59,"22,706.00",0,Low,0
TX004896,C0292,47.05,2024-03-06 06:58:34,Dining,Basic,32,"28,202.00",0,Low,0
TX005722,C0327,47.05,2024-07-12 20:37:34,Fuel,Basic,51,"35,070.00",0,Low,0
TX003190,C0427,47.04,2024-05-07 15:53:48,Fuel,Student,26,"14,718.00",0,Low,0
TX006177,C0161,47.02,2024-02-19 03:10:09,Dining,Premium,26,"89,233.00",0,Low,1
TX004146,C0003,47.02,2024-08-19 06:52:38,Groceries,Standard,45,"73,097.00",0,Low,0
TX007558,C0368,47.01,2024-01-04 02:45:24,Clothing,Standard,38,"41,189.00",0,Low,1
TX001816,C0205,47.01,2024-12-17 19:53:13,Online Shopping,Standard,21,"69,970.00",0,Low,0
TX007957,C0220,47,2024-08-01 22:45:55,Groceries,Basic,38,"32,919.00",0,Low,0
TX002274,C0337,46.97,2024-04-24 16:14:43,Entertainment,Standard,28,"53,675.00",0,Low,0
TX006018,C0187,46.97,2024-09-08 05:54:59,Clothing,Premium,43,"80,350.00",0,Low,0
TX006210,C0066,46.95,2024-04-20 14:40:13,Fuel,Basic,54,"40,633.00",0,Low,0
TX002672,C0242,46.88,2024-09-27 17:14:06,Clothing,Premium,36,"53,171.00",0,Low,0
TX002156,C0249,46.86,2024-07-01 10:45:34,Groceries,Basic,59,"28,615.00",0,Low,0
TX002482,C0481,46.86,2024-07-15 15:36:44,Dining,Standard,36,"44,963.00",0,Low,0
TX004202,C0448,46.85,2024-05-23 16:57:36,Dining,Standard,26,"72,859.00",0,Low,0
TX002310,C0413,46.84,2024-07-03 21:55:36,Dining,Standard,19,"71,288.00",0,Low,0
TX000125,C0224,46.82,2024-01-01 05:00:35,Clothing,Basic,18,"38,405.00",0,Low,0
TX003284,C0322,46.81,2024-10-14 15:40:20,Fuel,Basic,45,"32,231.00",0,Low,0
TX003034,C0207,46.8,2024-01-19 02:48:23,Groceries,Standard,44,"86,325.00",0,Low,1
TX000948,C0380,46.79,2024-02-21 09:01:53,Groceries,Basic,28,"31,133.00",0,Low,0
TX005373,C0308,46.77,2024-06-30 00:30:24,Entertainment,Standard,30,"63,149.00",0,Low,1
TX000202,C0500,46.76,2024-12-04 02:58:29,Fuel,Student,21,"15,738.00",0,Low,1
TX007406,C0049,46.75,2024-09-10 14:17:11,Groceries,Standard,42,"82,699.00",0,Low,0
TX002044,C0206,46.73,2024-10-05 00:27:38,Clothing,Standard,26,"11,556.00",0,Low,1
TX000757,C0142,46.72,2024-07-17 01:07:11,Groceries,Student,53,"9,142.00",0,Low,1
TX006743,C0492,46.72,2024-08-07 16:32:02,Fuel,Student,55,"21,246.00",0,Low,0
TX000954,C0241,46.69,2024-10-20 16:11:15,Dining,Premium,28,"125,684.00",0,Low,0
TX005947,C0185,46.68,2024-01-25 03:10:27,Groceries,Standard,35,"49,770.00",0,Low,1
TX004070,C0371,46.68,2024-02-28 16:03:53,Clothing,Standard,38,"53,331.00",0,Low,0
TX007546,C0053,46.67,2024-03-12 18:37:18,Dining,Basic,29,"29,635.00",0,Low,0
TX001415,C0035,46.66,2024-03-28 19:20:33,Fuel,Standard,47,"46,672.00",0,Low,0
TX000833,C0308,46.66,2024-07-10 23:19:53,Dining,Standard,30,"63,149.00",0,Low,0
TX001890,C0015,46.65,2024-03-20 23:33:59,Groceries,Premium,18,"80,766.00",0,Low,0
TX002945,C0132,46.64,2024-02-19 19:18:59,ATM Withdrawal,Student,38,"15,480.00",0,Low,0
TX005148,C0203,46.63,2024-09-12 06:26:30,Entertainment,Basic,50,"37,330.00",0,Low,0
TX004865,C0032,46.62,2024-06-13 20:06:00,Dining,Standard,60,"60,658.00",0,Low,0
TX004985,C0351,46.55,2024-09-10 23:27:59,Groceries,Standard,41,"55,511.00",0,Low,0
TX007246,C0396,46.55,2024-12-02 07:27:09,Groceries,Basic,32,"49,943.00",0,Low,0
TX005113,C0302,46.53,2024-07-29 19:25:26,Entertainment,Basic,31,"34,419.00",0,Low,0
TX002648,C0018,46.48,2024-09-13 03:51:40,Entertainment,Student,41,"21,309.00",0,Low,1
TX005108,C0480,46.46,2024-06-19 09:49:58,Groceries,Standard,51,"51,860.00",0,Low,0
TX006351,C0212,46.45,2024-03-05 05:37:49,Groceries,Student,51,"10,786.00",0,Low,0
TX002819,C0490,46.44,2024-05-27 14:28:33,Entertainment,Basic,48,"32,394.00",0,Low,0
TX006796,C0034,46.44,2024-09-17 17:10:59,Dining,Standard,25,"54,013.00",0,Low,0
TX007259,C0130,46.39,2024-03-12 13:43:13,Groceries,Standard,31,"61,544.00",0,Low,0
TX003753,C0460,46.37,2024-09-29 14:45:49,Fuel,Student,23,"8,000.00",0,Low,0
TX002038,C0163,46.34,2024-03-10 12:37:08,Fuel,Basic,51,"34,348.00",0,Low,0
TX000408,C0479,46.29,2024-07-07 03:21:34,Dining,Student,74,"20,884.00",0,Low,1
TX005715,C0439,46.29,2024-07-28 09:37:07,Groceries,Standard,18,"57,230.00",0,Low,0
TX002630,C0056,46.27,2024-02-18 04:10:12,Dining,Standard,49,"60,280.00",0,Low,1
TX002840,C0128,46.27,2024-06-10 20:27:30,Dining,Student,31,"23,569.00",0,Low,0
TX007638,C0276,46.25,2024-02-27 07:37:50,Dining,Standard,43,"59,217.00",0,Low,0
TX003731,C0288,46.24,2024-06-11 15:04:42,Dining,Premium,45,"42,884.00",0,Low,0
TX006797,C0194,46.24,2024-07-11 19:59:06,Clothing,Basic,23,"28,429.00",0,Low,0
TX005257,C0287,46.24,2024-11-10 08:31:51,Groceries,Standard,36,"68,774.00",0,Low,0
TX003366,C0052,46.22,2024-01-14 15:18:13,Groceries,Basic,33,"24,464.00",0,Low,0
TX006512,C0459,46.22,2024-04-15 02:32:48,Groceries,Premium,31,"72,704.00",0,Low,1
TX003039,C0178,46.22,2024-06-05 01:49:41,Groceries,Standard,55,"35,755.00",0,Low,1
TX003184,C0383,46.21,2024-01-12 03:44:00,Fuel,Standard,18,"57,880.00",0,Low,1
TX005978,C0043,46.21,2024-03-30 08:00:44,Dining,Standard,36,"58,657.00",0,Low,0
TX003960,C0366,46.17,2024-07-27 21:04:44,Clothing,Student,33,"15,304.00",0,Low,0
TX004687,C0456,46.15,2024-08-04 18:21:49,Dining,Standard,28,"27,970.00",0,Low,0
TX003878,C0037,46.07,2024-06-21 07:37:50,Dining,Premium,40,"46,559.00",0,Low,0
TX007601,C0267,46.06,2024-01-09 11:34:51,Entertainment,Standard,57,"34,156.00",0,Low,0
TX000994,C0344,46.06,2024-05-28 23:05:42,Dining,Standard,31,"79,425.00",0,Low,0
TX006215,C0205,46.06,2024-06-26 22:06:18,Dining,Standard,21,"69,970.00",0,Low,0
TX006600,C0220,46.05,2024-06-28 22:34:46,Groceries,Basic,38,"32,919.00",0,Low,0
TX001482,C0375,46.03,2024-04-27 05:48:43,Groceries,Standard,63,"71,369.00",0,Low,0
TX004189,C0116,46,2024-11-23 09:43:04,Entertainment,Standard,41,"57,963.00",0,Low,0
TX004674,C0141,45.98,2024-03-12 13:49:47,Dining,Basic,40,"20,193.00",0,Low,0
TX002393,C0047,45.98,2024-07-11 14:47:00,Dining,Premium,32,"109,506.00",0,Low,0
TX003642,C0308,45.98,2024-11-11 16:00:41,Dining,Standard,30,"63,149.00",0,Low,0
TX002784,C0462,45.97,2024-04-24 23:28:41,Entertainment,Premium,38,"101,754.00",0,Low,0
TX001938,C0090,45.96,2024-01-26 04:36:27,Dining,Standard,44,"37,624.00",1,Low,1
TX006757,C0312,45.94,2024-11-09 12:56:43,Dining,Standard,51,"45,056.00",0,Low,0
TX005594,C0099,45.92,2024-06-09 02:40:19,Dining,Basic,38,"21,987.00",0,Low,1
TX002334,C0458,45.92,2024-07-08 08:40:06,Groceries,Basic,25,"36,073.00",0,Low,0
TX002988,C0029,45.9,2024-01-25 17:52:56,Dining,Basic,30,"39,560.00",0,Low,0
TX007455,C0264,45.9,2024-02-10 12:05:18,Dining,Standard,25,"50,127.00",0,Low,0
TX002240,C0217,45.86,2024-11-24 21:57:06,Dining,Premium,28,"116,102.00",0,Low,0
TX000990,C0037,45.85,2024-02-26 09:37:14,Dining,Premium,40,"46,559.00",0,Low,0
TX001874,C0242,45.83,2024-09-20 20:27:03,Dining,Premium,36,"53,171.00",0,Low,0
TX003500,C0467,45.82,2024-03-28 22:12:44,Fuel,Basic,45,"30,956.00",0,Low,0
TX002516,C0301,45.81,2024-04-29 11:03:14,Dining,Standard,28,"54,705.00",0,Low,0
TX005945,C0192,45.81,2024-11-12 15:31:34,Groceries,Basic,48,"31,910.00",0,Low,0
TX000330,C0325,45.8,2024-11-11 09:12:03,Dining,Premium,25,"54,372.00",0,Low,0
TX005449,C0186,45.79,2024-04-02 11:13:15,Dining,Student,46,"13,602.00",0,Low,0
TX002298,C0419,45.77,2024-10-17 09:57:13,Dining,Standard,52,"55,155.00",0,Low,0
TX000830,C0320,45.77,2024-11-13 10:34:29,Dining,Premium,36,"127,432.00",0,Low,0
TX007623,C0259,45.76,2024-01-12 16:50:17,Dining,Standard,43,"79,630.00",0,Low,0
TX004394,C0088,45.76,2024-07-14 06:20:37,Groceries,Student,41,"14,809.00",0,Low,0
TX000136,C0466,45.73,2024-06-26 09:16:35,Groceries,Basic,35,"34,634.00",0,Low,0
TX001722,C0053,45.7,2024-01-10 17:25:44,Dining,Basic,29,"29,635.00",0,Low,0
TX000633,C0375,45.7,2024-04-13 07:04:07,Groceries,Standard,63,"71,369.00",0,Low,0
TX006523,C0391,45.7,2024-04-15 22:05:25,Groceries,Student,27,"8,000.00",0,Low,0
TX003341,C0309,45.7,2024-08-02 20:45:18,Fuel,Basic,44,"30,390.00",0,Low,0
TX005125,C0094,45.7,2024-08-15 08:59:52,Dining,Student,34,"15,107.00",0,Low,0
TX002024,C0155,45.7,2024-09-15 06:22:21,Groceries,Premium,41,"71,233.00",0,Low,0
TX003781,C0404,45.7,2024-10-06 07:48:08,Dining,Student,38,"16,286.00",0,Low,0
TX006679,C0170,45.7,2024-10-23 00:18:38,Groceries,Standard,28,"38,204.00",0,Low,1
TX007283,C0243,45.69,2024-04-02 07:35:18,Fuel,Standard,44,"63,961.00",0,Low,0
TX003174,C0208,45.68,2024-11-01 11:54:56,Healthcare,Basic,44,"28,883.00",0,Low,0
TX004652,C0112,45.67,2024-01-19 10:33:12,Dining,Basic,37,"35,081.00",0,Low,0
TX001853,C0456,45.67,2024-03-08 23:06:13,Groceries,Standard,28,"27,970.00",0,Low,0
TX004671,C0475,45.67,2024-07-23 03:26:04,Groceries,Premium,57,"84,811.00",0,Low,1
TX003437,C0479,45.67,2024-08-14 23:01:46,Entertainment,Student,74,"20,884.00",0,Low,0
TX006228,C0268,45.66,2024-05-08 18:12:38,Dining,Premium,20,"40,638.00",0,Low,0
TX005221,C0427,45.65,2024-05-18 07:15:37,Clothing,Student,26,"14,718.00",0,Low,0
TX002592,C0338,45.65,2024-08-17 05:58:52,Fuel,Premium,34,"167,391.00",1,Low,0
TX002085,C0099,45.64,2024-05-18 15:23:47,Fuel,Basic,38,"21,987.00",0,Low,0
TX002486,C0233,45.62,2024-04-07 13:55:30,Dining,Basic,38,"29,486.00",0,Low,0
TX002348,C0007,45.62,2024-12-09 08:19:23,Entertainment,Premium,56,"90,862.00",1,Low,0
TX005852,C0278,45.6,2024-12-03 07:23:35,Groceries,Standard,30,"54,061.00",0,Low,0
TX006689,C0218,45.56,2024-06-29 19:01:22,Fuel,Standard,35,"62,435.00",0,Low,0
TX005338,C0134,45.52,2024-09-30 12:57:55,Clothing,Basic,43,"21,817.00",0,Low,0
TX000289,C0356,45.5,2024-06-03 14:31:25,Groceries,Premium,25,"115,005.00",0,Low,0
TX002675,C0102,45.5,2024-09-15 09:12:33,Dining,Basic,32,"35,126.00",0,Low,0
TX004184,C0127,45.49,2024-01-16 10:13:29,Dining,Standard,26,"54,634.00",0,Low,0
TX002308,C0216,45.49,2024-06-23 22:05:45,Dining,Standard,47,"58,261.00",0,Low,0
TX006855,C0262,45.48,2024-05-04 05:14:24,Groceries,Premium,37,"157,573.00",0,Low,0
TX001558,C0415,45.46,2024-07-21 05:13:40,Dining,Premium,41,"89,249.00",0,Low,0
TX005085,C0495,45.45,2024-01-10 02:25:43,Dining,Basic,56,"33,679.00",0,Low,1
TX005898,C0335,45.44,2024-07-20 02:24:34,Groceries,Standard,49,"46,637.00",0,Low,1
TX000822,C0422,45.42,2024-05-20 22:02:59,Dining,Student,59,"13,779.00",0,Low,0
TX000468,C0425,45.41,2024-09-10 07:00:01,Dining,Standard,45,"55,849.00",0,Low,0
TX000344,C0337,45.39,2024-03-11 11:49:01,Entertainment,Standard,28,"53,675.00",0,Low,0
TX003530,C0422,45.39,2024-06-14 21:04:10,Dining,Student,59,"13,779.00",0,Low,0
TX005154,C0238,45.39,2024-07-13 17:19:40,Dining,Standard,40,"61,803.00",0,Low,0
TX005773,C0314,45.36,2024-07-22 23:00:15,Clothing,Student,47,"21,998.00",0,Low,0
TX001033,C0347,45.36,2024-08-29 06:51:53,Dining,Basic,20,"25,346.00",0,Low,0
TX005165,C0214,45.35,2024-06-18 20:52:26,Groceries,Standard,45,"83,710.00",0,Low,0
TX007713,C0442,45.33,2024-01-04 22:03:33,Dining,Standard,37,"50,462.00",0,Low,0
TX007971,C0235,45.31,2024-09-22 14:13:55,Fuel,Basic,63,"32,570.00",0,Low,0
TX000834,C0089,45.3,2024-06-15 18:41:23,Groceries,Standard,31,"54,945.00",0,Low,0
TX007277,C0274,45.3,2024-10-12 12:32:01,Clothing,Basic,38,"36,827.00",0,Low,0
TX005396,C0256,45.29,2024-01-05 07:55:12,Entertainment,Standard,32,"22,699.00",0,Low,0
TX007412,C0458,45.29,2024-08-12 21:03:48,Entertainment,Basic,25,"36,073.00",0,Low,0
TX007234,C0493,45.27,2024-10-29 00:36:34,Clothing,Basic,38,"30,256.00",0,Low,1
TX001887,C0422,45.24,2024-11-30 09:18:07,Dining,Student,59,"13,779.00",0,Low,0
TX005487,C0111,45.19,2024-12-06 12:08:56,Dining,Standard,18,"68,427.00",0,Low,0
TX006568,C0421,45.18,2024-02-16 16:09:15,Fuel,Standard,62,"39,023.00",0,Low,0
TX004974,C0450,45.16,2024-05-14 12:40:05,Fuel,Basic,25,"18,120.00",0,Low,0
TX004391,C0245,45.15,2024-03-09 13:02:07,Groceries,Standard,23,"50,536.00",0,Low,0
TX007972,C0018,45.13,2024-02-02 10:31:52,Entertainment,Student,41,"21,309.00",0,Low,0
TX005941,C0463,45.13,2024-08-02 07:41:50,Clothing,Student,29,"9,084.00",0,Low,0
TX004852,C0457,45.1,2024-03-31 01:49:35,Clothing,Basic,36,"34,331.00",1,Low,1
TX002060,C0365,45.06,2024-11-30 00:30:28,Groceries,Student,46,"17,233.00",0,Low,1
TX005390,C0105,45.01,2024-07-13 08:52:56,Groceries,Standard,36,"75,990.00",0,Low,0
TX002378,C0069,45,2024-03-13 00:33:43,Groceries,Premium,42,"87,307.00",0,Low,1
TX002983,C0355,45,2024-08-21 06:32:22,Groceries,Student,37,"16,323.00",0,Low,0
TX002162,C0138,44.97,2024-07-11 18:40:28,Dining,Student,34,"17,588.00",0,Low,0
TX005754,C0440,44.96,2024-01-12 22:34:34,Dining,Standard,37,"49,943.00",0,Low,0
TX003804,C0351,44.96,2024-07-15 01:27:07,Fuel,Standard,41,"55,511.00",0,Low,1
TX000856,C0255,44.95,2024-12-30 01:27:03,Dining,Basic,19,"22,068.00",0,Low,1
TX000594,C0104,44.91,2024-10-18 05:00:41,Dining,Standard,28,"63,588.00",0,Low,0
TX007802,C0098,44.9,2024-09-04 10:24:30,Groceries,Basic,41,"24,544.00",0,Low,0
TX005624,C0047,44.89,2024-05-06 23:11:50,Groceries,Premium,32,"109,506.00",0,Low,0
TX006564,C0011,44.88,2024-07-12 14:30:44,Dining,Standard,32,"34,602.00",0,Low,0
TX007298,C0163,44.87,2024-11-18 14:06:33,Dining,Basic,51,"34,348.00",0,Low,0
TX006072,C0402,44.86,2024-02-13 09:45:31,Dining,Basic,30,"27,677.00",0,Low,0
TX006274,C0293,44.84,2024-06-30 09:17:49,Fuel,Basic,30,"34,400.00",0,Low,0
TX003838,C0302,44.84,2024-08-12 23:09:34,Fuel,Basic,31,"34,419.00",0,Low,0
TX001586,C0325,44.83,2024-03-01 02:23:45,Dining,Premium,25,"54,372.00",0,Low,1
TX003668,C0042,44.82,2024-10-10 07:02:43,Groceries,Standard,40,"65,625.00",0,Low,0
TX000542,C0214,44.82,2024-12-18 02:57:14,Clothing,Standard,45,"83,710.00",0,Low,1
TX007580,C0410,44.81,2024-04-24 06:32:07,Dining,Premium,44,"63,045.00",0,Low,0
TX001962,C0299,44.8,2024-01-02 06:25:33,Dining,Standard,47,"31,105.00",0,Low,0
TX002427,C0325,44.78,2024-01-04 11:57:03,Groceries,Premium,25,"54,372.00",0,Low,0
TX004760,C0118,44.78,2024-03-27 05:09:13,Clothing,Premium,23,"69,324.00",0,Low,0
TX001517,C0021,44.76,2024-07-28 11:33:17,Dining,Student,55,"17,431.00",0,Low,0
TX001105,C0463,44.75,2024-09-30 20:29:24,Dining,Student,29,"9,084.00",0,Low,0
TX003576,C0420,44.74,2024-03-05 16:17:36,Dining,Basic,38,"19,505.00",0,Low,0
TX001791,C0461,44.74,2024-06-23 20:44:03,Groceries,Standard,61,"46,806.00",0,Low,0
TX003070,C0074,44.74,2024-08-03 06:00:13,Groceries,Basic,56,"18,553.00",0,Low,0
TX003633,C0364,44.74,2024-11-02 08:59:04,Online Shopping,Standard,42,"54,163.00",0,Low,0
TX000260,C0336,44.69,2024-12-06 15:21:07,Groceries,Basic,36,"19,041.00",0,Low,0
TX007911,C0264,44.68,2024-07-01 18:07:49,Fuel,Standard,25,"50,127.00",0,Low,0
TX002020,C0265,44.68,2024-10-02 08:41:06,Groceries,Student,34,"8,000.00",0,Low,0
TX003888,C0002,44.65,2024-07-02 06:59:07,Dining,Basic,36,"31,173.00",0,Low,0
TX000690,C0496,44.64,2024-09-15 00:55:59,Groceries,Basic,44,"24,578.00",0,Low,1
TX006264,C0443,44.64,2024-10-22 00:56:26,Groceries,Premium,18,"78,354.00",0,Low,1
TX006041,C0117,44.63,2024-01-28 21:16:00,Dining,Basic,37,"46,602.00",0,Low,0
TX000769,C0225,44.59,2024-02-14 07:41:32,Dining,Premium,32,"123,165.00",0,Low,0
TX006892,C0040,44.58,2024-10-07 16:43:49,Fuel,Basic,40,"25,983.00",0,Low,0
TX002774,C0150,44.52,2024-01-31 23:44:42,Groceries,Student,41,"18,534.00",0,Low,0
TX000123,C0151,44.51,2024-10-11 04:46:04,Groceries,Standard,41,"64,784.00",0,Low,1
TX005195,C0343,44.47,2024-07-19 00:02:00,Dining,Standard,40,"63,534.00",1,Low,1
TX005075,C0154,44.45,2024-03-27 17:44:45,Entertainment,Basic,40,"41,040.00",0,Low,0
TX002281,C0183,44.45,2024-03-29 11:38:12,Entertainment,Premium,25,"135,022.00",0,Low,0
TX005987,C0103,44.44,2024-08-17 05:14:43,Healthcare,Standard,33,"46,432.00",0,Low,0
TX003453,C0424,44.41,2024-12-10 00:00:38,Fuel,Premium,49,"84,390.00",0,Low,1
TX004256,C0465,44.39,2024-05-02 03:35:28,Dining,Student,36,"14,938.00",0,Low,1
TX007359,C0481,44.38,2024-11-17 04:15:30,Dining,Standard,36,"44,963.00",0,Low,1
TX002875,C0073,44.34,2024-05-11 01:49:19,Dining,Standard,37,"54,397.00",0,Low,1
TX001154,C0290,44.28,2024-04-09 07:37:15,Groceries,Student,30,"18,763.00",0,Low,0
TX007530,C0073,44.26,2024-04-25 17:05:56,Entertainment,Standard,37,"54,397.00",1,Low,0
TX004608,C0285,44.26,2024-12-03 23:04:50,Groceries,Basic,63,"31,439.00",0,Low,0
TX007934,C0083,44.25,2024-09-11 04:56:57,Groceries,Standard,55,"31,241.00",0,Low,1
TX007889,C0450,44.23,2024-10-04 12:26:32,Dining,Basic,25,"18,120.00",1,Low,0
TX000445,C0492,44.23,2024-11-21 08:53:27,Dining,Student,55,"21,246.00",0,Low,0
TX007547,C0066,44.2,2024-04-30 04:09:13,Dining,Basic,54,"40,633.00",0,Low,1
TX003152,C0438,44.19,2024-06-10 17:38:56,Groceries,Standard,21,"77,360.00",0,Low,0
TX002619,C0107,44.18,2024-01-20 22:01:32,Entertainment,Premium,60,"91,788.00",0,Low,0
TX007976,C0282,44.17,2024-02-22 02:10:12,Dining,Basic,45,"29,213.00",0,Low,1
TX001318,C0047,44.17,2024-11-04 05:11:33,Groceries,Premium,32,"109,506.00",0,Low,0
TX007569,C0105,44.16,2024-02-24 11:42:10,Dining,Standard,36,"75,990.00",0,Low,0
TX005965,C0343,44.16,2024-07-23 03:18:07,Fuel,Standard,40,"63,534.00",0,Low,1
TX006479,C0229,44.15,2024-03-13 12:17:39,Dining,Basic,29,"43,067.00",0,Low,0
TX007132,C0052,44.15,2024-04-28 17:32:47,Groceries,Basic,33,"24,464.00",0,Low,0
TX004359,C0106,44.15,2024-06-23 03:06:27,Groceries,Basic,42,"37,397.00",0,Low,1
TX000363,C0261,44.14,2024-08-09 06:23:22,Clothing,Basic,26,"24,494.00",0,Low,0
TX006929,C0017,44.09,2024-09-17 09:07:01,Groceries,Standard,25,"58,740.00",0,Low,0
TX000860,C0062,44.08,2024-08-19 07:37:51,Groceries,Basic,35,"33,654.00",0,Low,0
TX003973,C0060,44.08,2024-12-28 08:42:58,Dining,Student,49,"19,469.00",0,Low,0
TX005781,C0296,44.07,2024-12-08 18:56:09,Groceries,Student,29,"9,663.00",0,Low,0
TX003811,C0176,44.05,2024-08-23 18:21:35,Dining,Standard,47,"62,155.00",0,Low,0
TX007479,C0094,44.02,2024-07-14 10:42:09,Groceries,Student,34,"15,107.00",0,Low,0
TX003172,C0355,44,2024-03-11 08:36:28,Dining,Student,37,"16,323.00",0,Low,0
TX001376,C0328,44,2024-07-02 05:34:56,Dining,Standard,47,"61,206.00",0,Low,0
TX005371,C0099,44,2024-12-06 21:19:50,Fuel,Basic,38,"21,987.00",0,Low,0
TX006127,C0492,43.98,2024-08-07 03:24:43,Dining,Student,55,"21,246.00",0,Low,1
TX003645,C0367,43.96,2024-03-27 17:20:10,Groceries,Student,40,"17,155.00",0,Low,0
TX000090,C0114,43.95,2024-01-18 04:44:22,Groceries,Basic,67,"25,718.00",0,Low,1
TX002739,C0261,43.95,2024-04-20 22:14:43,Groceries,Basic,26,"24,494.00",0,Low,0
TX001522,C0281,43.93,2024-02-11 09:48:35,Clothing,Premium,39,"39,211.00",0,Low,0
TX000908,C0021,43.93,2024-09-28 19:17:56,Groceries,Student,55,"17,431.00",0,Low,0
TX004891,C0203,43.9,2024-12-08 07:29:59,Fuel,Basic,50,"37,330.00",0,Low,0
TX000517,C0294,43.85,2024-04-02 01:53:55,Groceries,Basic,48,"22,253.00",0,Low,1
TX003836,C0436,43.85,2024-04-25 23:48:17,Groceries,Standard,38,"73,281.00",0,Low,0
TX003093,C0381,43.84,2024-10-22 02:06:57,Dining,Premium,27,"159,579.00",0,Low,1
TX005179,C0379,43.83,2024-05-08 06:37:17,Dining,Standard,64,"73,196.00",0,Low,0
TX007611,C0394,43.82,2024-12-23 18:18:27,Groceries,Standard,59,"22,706.00",0,Low,0
TX002066,C0203,43.8,2024-04-05 11:16:47,Groceries,Basic,50,"37,330.00",0,Low,0
TX006403,C0382,43.79,2024-10-26 19:09:38,Healthcare,Standard,30,"60,899.00",0,Low,0
TX005655,C0014,43.73,2024-10-13 16:54:36,Clothing,Student,18,"23,653.00",0,Low,0
TX006596,C0357,43.72,2024-01-15 21:20:07,Fuel,Basic,37,"14,050.00",0,Low,0
TX001112,C0223,43.72,2024-03-18 15:35:30,Dining,Standard,46,"58,016.00",0,Low,0
TX006115,C0174,43.7,2024-02-11 04:31:35,Dining,Standard,42,"60,197.00",0,Low,1
TX000616,C0101,43.69,2024-06-04 07:24:48,Entertainment,Student,21,"22,190.00",0,Low,0
TX001299,C0275,43.68,2024-05-17 11:42:38,Healthcare,Student,26,"18,035.00",0,Low,0
TX006451,C0246,43.65,2024-10-23 21:37:46,Dining,Basic,33,"41,005.00",0,Low,0
TX005466,C0384,43.63,2024-04-06 14:27:50,Clothing,Basic,31,"27,527.00",0,Low,0
TX000121,C0238,43.63,2024-10-05 07:35:40,Dining,Standard,40,"61,803.00",0,Low,0
TX002470,C0367,43.6,2024-10-22 21:45:20,Dining,Student,40,"17,155.00",0,Low,0
TX000431,C0127,43.59,2024-02-08 21:42:16,Groceries,Standard,26,"54,634.00",0,Low,0
TX001918,C0161,43.59,2024-07-31 20:22:25,Groceries,Premium,26,"89,233.00",0,Low,0
TX003269,C0118,43.59,2024-11-02 19:59:41,Fuel,Premium,23,"69,324.00",0,Low,0
TX005944,C0055,43.58,2024-06-22 05:36:39,Fuel,Standard,50,"51,381.00",0,Low,0
TX000676,C0450,43.56,2024-08-10 12:22:00,Dining,Basic,25,"18,120.00",0,Low,0
TX000440,C0432,43.56,2024-10-19 12:24:33,Healthcare,Standard,18,"52,838.00",0,Low,0
TX000967,C0049,43.54,2024-01-10 03:12:57,Groceries,Standard,42,"82,699.00",0,Low,1
TX001184,C0392,43.53,2024-11-10 13:03:20,Entertainment,Premium,43,"105,239.00",0,Low,0
TX002832,C0205,43.52,2024-08-18 01:24:23,Fuel,Standard,21,"69,970.00",0,Low,1
TX003002,C0387,43.5,2024-08-25 14:29:36,Groceries,Student,42,"17,832.00",0,Low,0
TX000722,C0381,43.5,2024-12-17 02:20:28,Fuel,Premium,27,"159,579.00",0,Low,1
TX004894,C0268,43.47,2024-05-30 22:46:46,Groceries,Premium,20,"40,638.00",0,Low,0
TX006467,C0186,43.47,2024-10-30 04:14:35,Fuel,Student,46,"13,602.00",0,Low,1
TX000793,C0270,43.45,2024-11-16 22:53:52,Dining,Standard,39,"91,596.00",0,Low,0
TX001449,C0035,43.43,2024-06-16 01:16:23,Entertainment,Standard,47,"46,672.00",0,Low,1
TX006276,C0271,43.38,2024-10-14 07:25:50,Dining,Basic,55,"41,074.00",0,Low,0
TX000525,C0049,43.36,2024-08-25 21:22:14,Fuel,Standard,42,"82,699.00",0,Low,0
TX007854,C0069,43.3,2024-08-09 22:38:01,Entertainment,Premium,42,"87,307.00",0,Low,0
TX000038,C0256,43.27,2024-08-13 18:13:58,Dining,Standard,32,"22,699.00",0,Low,0
TX001062,C0243,43.26,2024-01-27 19:46:43,Dining,Standard,44,"63,961.00",0,Low,0
TX004459,C0303,43.26,2024-02-27 13:26:18,Groceries,Premium,46,"96,717.00",0,Low,0
TX007716,C0468,43.26,2024-04-29 09:29:12,Dining,Basic,47,"22,215.00",0,Low,0
TX000809,C0327,43.24,2024-07-20 10:47:47,Dining,Basic,51,"35,070.00",0,Low,0
TX001491,C0474,43.19,2024-11-13 13:31:32,Entertainment,Standard,54,"41,727.00",0,Low,0
TX006747,C0214,43.18,2024-05-11 15:59:02,Dining,Standard,45,"83,710.00",0,Low,0
TX007317,C0350,43.18,2024-06-24 04:30:21,Entertainment,Basic,35,"20,208.00",0,Low,1
TX006889,C0277,43.18,2024-11-05 17:41:34,Groceries,Standard,40,"56,563.00",0,Low,0
TX006553,C0412,43.12,2024-05-24 01:32:38,Healthcare,Standard,24,"54,863.00",0,Low,1
TX002513,C0284,43.11,2024-12-07 18:18:15,Groceries,Basic,23,"21,171.00",0,Low,0
TX003208,C0268,43.09,2024-01-04 05:56:46,Fuel,Premium,20,"40,638.00",0,Low,0
TX004618,C0072,43.09,2024-05-25 22:13:57,Clothing,Standard,56,"82,014.00",0,Low,0
TX002317,C0339,43.09,2024-07-14 23:17:47,Groceries,Student,42,"11,785.00",0,Low,0
TX005770,C0286,43.09,2024-08-13 23:36:32,Fuel,Basic,18,"41,136.00",0,Low,0
TX001589,C0320,43.07,2024-05-06 07:09:43,Dining,Premium,36,"127,432.00",0,Low,0
TX002916,C0360,43.07,2024-12-26 14:56:03,Groceries,Basic,28,"20,322.00",0,Low,0
TX003182,C0061,43.04,2024-08-19 22:11:23,Fuel,Premium,32,"100,281.00",0,Low,0
TX007400,C0415,43.02,2024-03-12 07:45:59,Groceries,Premium,41,"89,249.00",0,Low,0
TX006605,C0244,43.02,2024-11-12 21:11:47,Fuel,Premium,48,"111,035.00",0,Low,0
TX000364,C0356,43,2024-07-05 16:03:57,Entertainment,Premium,25,"115,005.00",0,Low,0
TX002989,C0059,42.98,2024-04-03 16:19:24,Groceries,Basic,41,"29,342.00",0,Low,0
TX002767,C0085,42.96,2024-02-03 22:54:48,Dining,Basic,28,"36,286.00",0,Low,0
TX004988,C0412,42.95,2024-09-23 08:25:18,Groceries,Standard,24,"54,863.00",0,Low,0
TX007572,C0046,42.94,2024-09-30 10:26:26,Clothing,Premium,29,"116,173.00",0,Low,0
TX001385,C0147,42.92,2024-02-20 05:22:20,Fuel,Standard,23,"71,180.00",0,Low,0
TX007045,C0448,42.89,2024-05-15 14:03:14,Groceries,Standard,26,"72,859.00",0,Low,0
TX005820,C0319,42.87,2024-12-19 21:28:24,Dining,Basic,41,"27,640.00",0,Low,0
TX006139,C0200,42.86,2024-03-06 10:38:39,Fuel,Standard,24,"53,789.00",0,Low,0
TX000697,C0469,42.86,2024-08-29 07:57:48,Dining,Premium,31,"125,897.00",0,Low,0
TX005516,C0337,42.85,2024-06-16 18:26:26,Dining,Standard,28,"53,675.00",0,Low,0
TX004075,C0464,42.81,2024-12-03 22:32:57,Fuel,Student,40,"15,733.00",0,Low,0
TX005185,C0410,42.79,2024-02-07 13:41:10,Groceries,Premium,44,"63,045.00",0,Low,0
TX002882,C0425,42.78,2024-04-26 09:22:02,Groceries,Standard,45,"55,849.00",0,Low,0
TX001660,C0146,42.75,2024-07-03 11:41:36,Dining,Basic,47,"26,328.00",0,Low,0
TX006878,C0431,42.73,2024-11-13 20:48:59,Clothing,Student,23,"11,242.00",0,Low,0
TX002138,C0004,42.72,2024-04-07 13:45:52,Entertainment,Student,56,"11,732.00",0,Low,0
TX001334,C0017,42.69,2024-05-29 23:07:17,Groceries,Standard,25,"58,740.00",0,Low,0
TX001812,C0157,42.69,2024-12-07 06:52:52,Groceries,Student,60,"16,976.00",0,Low,0
TX002593,C0094,42.68,2024-02-25 06:02:14,Groceries,Student,34,"15,107.00",0,Low,0
TX006186,C0253,42.68,2024-08-15 00:25:43,Fuel,Basic,63,"42,756.00",0,Low,1
TX005315,C0221,42.65,2024-01-29 13:20:06,Groceries,Premium,65,"162,102.00",0,Low,0
TX001411,C0204,42.64,2024-03-29 07:22:41,Groceries,Standard,50,"60,197.00",0,Low,0
TX000197,C0066,42.63,2024-07-19 20:50:59,Dining,Basic,54,"40,633.00",0,Low,0
TX007353,C0011,42.62,2024-03-26 02:03:39,Dining,Standard,32,"34,602.00",0,Low,1
TX003375,C0296,42.62,2024-09-08 18:12:28,Groceries,Student,29,"9,663.00",0,Low,0
TX002097,C0133,42.61,2024-03-02 18:46:03,Entertainment,Standard,25,"64,202.00",0,Low,0
TX007664,C0107,42.59,2024-06-16 23:23:31,Fuel,Premium,60,"91,788.00",0,Low,0
TX006222,C0084,42.59,2024-11-07 20:07:07,Groceries,Standard,31,"66,406.00",0,Low,0
TX005628,C0472,42.58,2024-07-12 12:32:36,Groceries,Standard,18,"41,000.00",0,Low,0
TX003099,C0316,42.56,2024-08-16 22:30:05,Dining,Standard,38,"44,606.00",0,Low,0
TX004718,C0427,42.55,2024-09-23 10:07:50,Fuel,Student,26,"14,718.00",0,Low,0
TX002720,C0490,42.52,2024-09-19 21:43:19,Groceries,Basic,48,"32,394.00",0,Low,0
TX002694,C0069,42.5,2024-01-29 03:08:00,Fuel,Premium,42,"87,307.00",0,Low,1
TX005146,C0249,42.49,2024-08-04 08:32:40,Fuel,Basic,59,"28,615.00",0,Low,0
TX001102,C0321,42.45,2024-02-14 14:44:45,Clothing,Standard,39,"44,897.00",0,Low,0
TX003709,C0273,42.43,2024-07-12 15:10:13,Groceries,Premium,51,"107,842.00",0,Low,0
TX003782,C0448,42.41,2024-06-08 18:02:35,Clothing,Standard,26,"72,859.00",0,Low,0
TX005842,C0247,42.41,2024-10-15 02:41:26,Entertainment,Standard,32,"52,749.00",0,Low,1
TX000175,C0072,42.41,2024-10-21 17:40:25,Groceries,Standard,56,"82,014.00",0,Low,0
TX002503,C0048,42.4,2024-06-27 15:39:30,Clothing,Student,50,"14,603.00",0,Low,0
TX001044,C0146,42.38,2024-06-22 19:54:52,Fuel,Basic,47,"26,328.00",0,Low,0
TX000915,C0311,42.37,2024-08-09 13:53:21,Dining,Basic,35,"24,384.00",0,Low,0
TX001293,C0338,42.37,2024-12-19 05:01:17,Clothing,Premium,34,"167,391.00",0,Low,0
TX001423,C0370,42.37,2024-12-26 17:47:01,Groceries,Basic,28,"18,690.00",0,Low,0
TX003088,C0257,42.36,2024-02-13 21:40:09,Entertainment,Basic,53,"24,888.00",0,Low,0
TX005901,C0493,42.36,2024-11-02 22:04:54,Healthcare,Basic,38,"30,256.00",0,Low,0
TX006927,C0276,42.34,2024-01-22 02:24:50,Groceries,Standard,43,"59,217.00",0,Low,1
TX007270,C0052,42.34,2024-01-24 20:33:32,Groceries,Basic,33,"24,464.00",0,Low,0
TX007327,C0187,42.32,2024-05-01 18:14:05,Dining,Premium,43,"80,350.00",0,Low,0
TX003289,C0456,42.31,2024-06-20 17:54:01,Groceries,Standard,28,"27,970.00",0,Low,0
TX000492,C0454,42.3,2024-03-21 02:08:00,Clothing,Standard,44,"51,628.00",0,Low,1
TX005676,C0122,42.23,2024-12-04 16:17:28,Fuel,Basic,27,"26,128.00",0,Low,0
TX004806,C0217,42.2,2024-09-22 09:13:00,Dining,Premium,28,"116,102.00",0,Low,0
TX002816,C0330,42.17,2024-04-04 23:03:39,Fuel,Standard,45,"53,052.00",0,Low,0
TX005777,C0248,42.17,2024-12-24 03:45:51,Dining,Student,30,"15,502.00",0,Low,1
TX006828,C0069,42.15,2024-11-04 06:05:38,Groceries,Premium,42,"87,307.00",0,Low,0
TX005084,C0134,42.14,2024-06-10 23:27:39,Fuel,Basic,43,"21,817.00",0,Low,0
TX005310,C0491,42.14,2024-09-23 22:07:41,Fuel,Student,37,"20,206.00",0,Low,0
TX002935,C0323,42.14,2024-11-30 18:53:00,Dining,Standard,28,"42,469.00",0,Low,0
TX003733,C0105,42.12,2024-11-23 20:56:48,Clothing,Standard,36,"75,990.00",0,Low,0
TX001726,C0165,42.1,2024-10-10 07:10:45,Dining,Standard,49,"66,575.00",0,Low,0
TX003048,C0384,42.1,2024-11-03 23:25:01,Dining,Basic,31,"27,527.00",0,Low,0
TX007770,C0231,42.09,2024-04-29 09:45:33,Entertainment,Premium,29,"99,079.00",0,Low,0
TX000041,C0329,42.09,2024-09-14 04:02:57,Dining,Basic,45,"28,517.00",0,Low,1
TX002384,C0050,42.09,2024-10-22 04:28:22,Dining,Basic,18,"21,439.00",0,Low,1
TX001510,C0295,42.08,2024-05-19 17:48:16,Dining,Standard,42,"56,580.00",0,Low,0
TX006179,C0121,42.06,2024-01-20 06:59:13,Groceries,Basic,47,"24,788.00",0,Low,0
TX002665,C0476,42.05,2024-11-04 23:03:38,Fuel,Standard,35,"80,675.00",0,Low,0
TX000696,C0417,42.01,2024-08-16 03:30:29,Fuel,Student,56,"20,560.00",0,Low,1
TX000918,C0028,41.97,2024-08-14 15:00:23,Groceries,Basic,42,"24,399.00",0,Low,0
TX001651,C0401,41.95,2024-07-29 20:32:18,Groceries,Standard,18,"68,786.00",1,Low,0
TX001135,C0451,41.95,2024-11-13 11:59:50,Dining,Basic,37,"9,568.00",0,Low,0
TX007779,C0320,41.92,2024-03-04 08:55:29,Groceries,Premium,36,"127,432.00",0,Low,0
TX006283,C0328,41.92,2024-03-23 10:45:40,Groceries,Standard,47,"61,206.00",0,Low,0
TX004199,C0173,41.92,2024-06-23 14:05:01,Dining,Standard,37,"47,984.00",0,Low,0
TX000942,C0268,41.91,2024-06-24 20:59:13,Groceries,Premium,20,"40,638.00",0,Low,0
TX006724,C0048,41.91,2024-09-01 15:28:35,Groceries,Student,50,"14,603.00",0,Low,0
TX007335,C0224,41.9,2024-02-01 05:17:02,Groceries,Basic,18,"38,405.00",0,Low,0
TX007429,C0144,41.88,2024-03-08 05:58:54,Clothing,Standard,40,"70,706.00",0,Low,0
TX000608,C0114,41.87,2024-10-16 10:05:30,Groceries,Basic,67,"25,718.00",0,Low,0
TX006517,C0485,41.87,2024-12-29 06:01:02,Entertainment,Basic,28,"35,423.00",0,Low,0
TX004909,C0237,41.85,2024-05-12 11:23:02,Groceries,Basic,18,"42,909.00",0,Low,0
TX006794,C0117,41.83,2024-10-25 02:11:51,Groceries,Basic,37,"46,602.00",0,Low,1
TX003595,C0187,41.81,2024-09-30 04:13:09,Groceries,Premium,43,"80,350.00",0,Low,1
TX001258,C0343,41.8,2024-08-25 22:05:45,Groceries,Standard,40,"63,534.00",0,Low,0
TX000331,C0500,41.8,2024-10-22 22:09:50,Groceries,Student,21,"15,738.00",0,Low,0
TX007627,C0026,41.78,2024-01-26 08:44:29,Dining,Basic,39,"21,787.00",0,Low,0
TX002370,C0140,41.76,2024-12-15 20:07:57,Groceries,Basic,23,"42,591.00",0,Low,0
TX004278,C0180,41.74,2024-02-22 20:52:17,Groceries,Standard,70,"47,593.00",0,Low,0
TX002163,C0168,41.69,2024-01-16 12:45:12,Dining,Student,60,"8,041.00",0,Low,0
TX006821,C0078,41.69,2024-09-16 15:44:03,Groceries,Student,34,"12,389.00",0,Low,0
TX005227,C0491,41.69,2024-11-25 16:31:21,Fuel,Student,37,"20,206.00",0,Low,0
TX001803,C0456,41.67,2024-01-20 03:49:19,Dining,Standard,28,"27,970.00",0,Low,1
TX003837,C0463,41.66,2024-06-13 11:39:31,Groceries,Student,29,"9,084.00",0,Low,0
TX003643,C0137,41.66,2024-09-27 23:32:08,Entertainment,Premium,28,"101,976.00",0,Low,0
TX004319,C0318,41.65,2024-04-22 22:05:12,Groceries,Standard,34,"68,423.00",0,Low,0
TX006578,C0424,41.65,2024-04-24 05:58:13,Entertainment,Premium,49,"84,390.00",0,Low,0
TX004528,C0022,41.63,2024-07-10 22:11:42,Dining,Student,35,"15,746.00",0,Low,0
TX007543,C0125,41.6,2024-01-27 01:00:51,Dining,Standard,45,"62,842.00",0,Low,1
TX004515,C0357,41.58,2024-08-21 22:19:06,Clothing,Basic,37,"14,050.00",0,Low,0
TX006369,C0167,41.56,2024-09-25 02:02:54,Fuel,Standard,47,"72,231.00",0,Low,1
TX004354,C0300,41.54,2024-05-05 12:25:54,Fuel,Premium,45,"103,214.00",0,Low,0
TX000414,C0329,41.53,2024-03-22 23:51:08,Dining,Basic,45,"28,517.00",0,Low,0
TX001103,C0311,41.52,2024-05-09 01:31:09,Entertainment,Basic,35,"24,384.00",0,Low,1
TX003778,C0490,41.51,2024-10-14 05:10:22,Entertainment,Basic,48,"32,394.00",0,Low,0
TX000883,C0324,41.49,2024-01-04 10:19:17,Fuel,Basic,63,"47,161.00",0,Low,0
TX007272,C0278,41.49,2024-01-24 17:49:55,Groceries,Standard,30,"54,061.00",0,Low,0
TX005461,C0467,41.47,2024-10-10 15:26:53,Fuel,Basic,45,"30,956.00",0,Low,0
TX000655,C0196,41.47,2024-10-27 01:43:58,Groceries,Student,42,"14,851.00",0,Low,1
TX004885,C0039,41.43,2024-02-21 22:01:08,Fuel,Standard,22,"61,600.00",0,Low,0
TX003657,C0237,41.42,2024-04-01 17:44:53,Groceries,Basic,18,"42,909.00",0,Low,0
TX007671,C0068,41.42,2024-09-16 18:02:09,Dining,Basic,50,"35,672.00",0,Low,0
TX003885,C0073,41.4,2024-06-18 14:46:55,Dining,Standard,37,"54,397.00",0,Low,0
TX002150,C0351,41.38,2024-02-04 03:03:51,Entertainment,Standard,41,"55,511.00",0,Low,1
TX006257,C0084,41.38,2024-04-07 07:34:53,Dining,Standard,31,"66,406.00",0,Low,0
TX003010,C0470,41.37,2024-01-28 01:59:43,Fuel,Standard,31,"52,622.00",0,Low,1
TX002349,C0206,41.36,2024-02-21 17:04:28,Groceries,Standard,26,"11,556.00",0,Low,0
TX000186,C0362,41.35,2024-05-03 20:17:26,Dining,Premium,56,"102,570.00",0,Low,0
TX003042,C0346,41.34,2024-08-07 01:53:16,Entertainment,Basic,40,"28,371.00",0,Low,1
TX007352,C0372,41.34,2024-10-01 11:11:56,Entertainment,Basic,43,"22,768.00",0,Low,0
TX000084,C0153,41.34,2024-11-23 16:55:42,Groceries,Student,29,"20,906.00",0,Low,0
TX001448,C0164,41.33,2024-10-10 07:25:40,Dining,Premium,28,"78,881.00",0,Low,0
TX002386,C0489,41.3,2024-02-07 03:20:52,Groceries,Basic,58,"35,936.00",0,Low,1
TX005325,C0042,41.29,2024-01-20 06:18:09,Dining,Standard,40,"65,625.00",0,Low,0
TX002456,C0295,41.26,2024-07-18 10:03:16,Entertainment,Standard,42,"56,580.00",0,Low,0
TX007808,C0045,41.23,2024-04-26 01:23:26,Entertainment,Standard,20,"35,795.00",0,Low,1
TX004219,C0144,41.23,2024-05-13 13:29:44,Entertainment,Standard,40,"70,706.00",0,Low,0
TX003651,C0208,41.22,2024-05-21 10:58:43,Dining,Basic,44,"28,883.00",0,Low,0
TX005139,C0175,41.2,2024-06-20 19:38:37,Dining,Premium,41,"88,592.00",0,Low,0
TX007577,C0448,41.19,2024-09-20 17:11:26,Groceries,Standard,26,"72,859.00",0,Low,0
TX006384,C0330,41.18,2024-03-27 02:49:03,Clothing,Standard,45,"53,052.00",0,Low,1
TX006525,C0474,41.17,2024-08-13 10:52:44,Fuel,Standard,54,"41,727.00",0,Low,0
TX001513,C0233,41.16,2024-09-04 20:35:01,Entertainment,Basic,38,"29,486.00",0,Low,0
TX000694,C0218,41.16,2024-12-03 05:27:38,Groceries,Standard,35,"62,435.00",0,Low,0
TX002051,C0181,41.14,2024-01-06 14:19:23,Dining,Basic,45,"17,547.00",0,Low,0
TX003982,C0026,41.14,2024-04-06 13:12:04,Groceries,Basic,39,"21,787.00",0,Low,0
TX006544,C0181,41.13,2024-12-29 19:26:14,Dining,Basic,45,"17,547.00",0,Low,0
TX005212,C0085,41.11,2024-06-17 23:04:40,Groceries,Basic,28,"36,286.00",0,Low,0
TX003270,C0020,41.11,2024-11-15 22:05:39,Dining,Standard,21,"59,185.00",0,Low,0
TX003179,C0339,41.09,2024-04-10 00:02:34,Dining,Student,42,"11,785.00",0,Low,1
TX002415,C0202,41.07,2024-03-08 19:12:08,Dining,Premium,44,"30,053.00",0,Low,0
TX000168,C0128,41.07,2024-09-01 04:14:43,Dining,Student,31,"23,569.00",0,Low,1
TX006871,C0182,41.06,2024-08-10 20:36:55,Fuel,Basic,27,"26,575.00",0,Low,0
TX005622,C0387,41.06,2024-08-16 22:11:56,Clothing,Student,42,"17,832.00",0,Low,0
TX005198,C0016,41.04,2024-05-04 08:39:21,Fuel,Standard,31,"58,287.00",0,Low,0
TX006304,C0010,41,2024-03-06 22:03:48,Groceries,Standard,44,"55,696.00",0,Low,0
TX004523,C0150,40.99,2024-06-26 03:50:37,Entertainment,Student,41,"18,534.00",0,Low,1
TX002339,C0428,40.98,2024-10-08 21:43:04,Fuel,Standard,46,"62,297.00",0,Low,0
TX003457,C0271,40.98,2024-10-19 19:50:22,Groceries,Basic,55,"41,074.00",0,Low,0
TX005739,C0105,40.98,2024-11-09 03:23:51,Entertainment,Standard,36,"75,990.00",0,Low,1
TX001555,C0466,40.97,2024-02-20 16:33:41,Entertainment,Basic,35,"34,634.00",0,Low,0
TX004570,C0015,40.97,2024-03-06 20:16:25,Online Shopping,Premium,18,"80,766.00",0,Low,0
TX003228,C0471,40.97,2024-08-29 18:14:01,Dining,Standard,34,"54,590.00",0,Low,0
TX007605,C0115,40.95,2024-12-13 17:06:17,Dining,Premium,35,"129,521.00",0,Low,0
TX000159,C0118,40.92,2024-03-24 23:48:18,Clothing,Premium,23,"69,324.00",0,Low,0
TX001893,C0122,40.91,2024-09-29 22:09:25,Dining,Basic,27,"26,128.00",0,Low,0
TX000762,C0393,40.87,2024-08-16 06:34:50,Dining,Student,22,"10,586.00",0,Low,0
TX005152,C0309,40.77,2024-09-17 04:59:32,Entertainment,Basic,44,"30,390.00",0,Low,1
TX003309,C0007,40.76,2024-10-11 07:31:28,Clothing,Premium,56,"90,862.00",0,Low,0
TX002366,C0053,40.74,2024-03-30 00:40:38,Fuel,Basic,29,"29,635.00",0,Low,1
TX001241,C0500,40.73,2024-01-21 12:04:03,Healthcare,Student,21,"15,738.00",0,Low,0
TX003129,C0299,40.73,2024-08-10 06:30:30,Healthcare,Standard,47,"31,105.00",0,Low,0
TX001126,C0073,40.71,2024-01-10 13:59:00,Fuel,Standard,37,"54,397.00",0,Low,0
TX002205,C0022,40.71,2024-06-28 01:41:10,Dining,Student,35,"15,746.00",0,Low,1
TX006896,C0237,40.71,2024-07-03 07:59:56,Dining,Basic,18,"42,909.00",0,Low,0
TX002086,C0076,40.69,2024-10-31 04:15:26,Entertainment,Standard,47,"44,784.00",0,Low,1
TX000059,C0266,40.68,2024-02-29 15:24:21,Fuel,Basic,23,"48,327.00",0,Low,0
TX006076,C0074,40.68,2024-10-02 09:51:37,Fuel,Basic,56,"18,553.00",0,Low,0
TX005446,C0375,40.68,2024-12-19 00:22:11,Dining,Standard,63,"71,369.00",0,Low,1
TX003354,C0434,40.66,2024-03-09 18:36:43,Dining,Basic,46,"34,799.00",0,Low,0
TX007662,C0022,40.66,2024-11-28 06:15:00,Dining,Student,35,"15,746.00",0,Low,0
TX000413,C0044,40.65,2024-09-02 13:41:24,Dining,Premium,34,"73,077.00",0,Low,0
TX003716,C0038,40.63,2024-11-26 03:23:20,Fuel,Basic,18,"12,409.00",1,Low,1
TX002367,C0331,40.61,2024-03-04 16:12:37,Groceries,Standard,37,"55,657.00",0,Low,0
TX002880,C0086,40.61,2024-05-21 18:13:11,Dining,Standard,31,"61,381.00",0,Low,0
TX004283,C0195,40.61,2024-07-27 15:32:42,Fuel,Standard,40,"53,925.00",0,Low,0
TX001253,C0162,40.6,2024-07-21 07:48:41,Fuel,Standard,47,"72,590.00",0,Low,0
TX002902,C0057,40.57,2024-05-09 12:05:18,Dining,Standard,27,"36,226.00",0,Low,0
TX003077,C0279,40.57,2024-06-22 07:27:41,Groceries,Premium,38,"67,381.00",0,Low,0
TX007025,C0327,40.56,2024-10-27 16:35:29,Groceries,Basic,51,"35,070.00",0,Low,0
TX006423,C0234,40.48,2024-05-23 10:27:57,Dining,Student,30,"16,315.00",0,Low,0
TX006667,C0121,40.46,2024-04-23 04:29:14,Fuel,Basic,47,"24,788.00",0,Low,1
TX003745,C0284,40.46,2024-06-03 20:04:29,Dining,Basic,23,"21,171.00",0,Low,0
TX003147,C0500,40.45,2024-09-11 02:33:42,Groceries,Student,21,"15,738.00",0,Low,1
TX006630,C0200,40.42,2024-10-30 04:55:30,Dining,Standard,24,"53,789.00",1,Low,1
TX001858,C0412,40.38,2024-03-05 01:20:07,Entertainment,Standard,24,"54,863.00",0,Low,1
TX006382,C0086,40.38,2024-05-22 07:58:04,Dining,Standard,31,"61,381.00",0,Low,0
TX004715,C0011,40.33,2024-07-09 23:48:32,Fuel,Standard,32,"34,602.00",0,Low,0
TX004343,C0338,40.32,2024-04-23 00:37:59,Fuel,Premium,34,"167,391.00",0,Low,1
TX006718,C0382,40.32,2024-05-23 10:18:22,Groceries,Standard,30,"60,899.00",0,Low,0
TX004220,C0262,40.32,2024-07-01 01:13:31,Healthcare,Premium,37,"157,573.00",0,Low,1
TX003207,C0149,40.31,2024-10-07 03:56:13,Clothing,Student,44,"14,309.00",0,Low,1
TX003599,C0497,40.3,2024-09-16 20:01:09,Dining,Basic,25,"46,107.00",0,Low,0
TX006881,C0093,40.28,2024-04-16 14:59:50,Dining,Premium,29,"83,371.00",0,Low,0
TX000348,C0403,40.27,2024-04-11 21:08:05,Groceries,Student,38,"16,069.00",0,Low,0
TX007848,C0047,40.26,2024-07-15 20:22:15,Groceries,Premium,32,"109,506.00",0,Low,0
TX004620,C0129,40.26,2024-09-25 00:10:11,Dining,Basic,39,"43,820.00",0,Low,1
TX005818,C0083,40.25,2024-08-16 22:56:22,Groceries,Standard,55,"31,241.00",0,Low,0
TX005444,C0220,40.25,2024-11-24 11:05:58,Groceries,Basic,38,"32,919.00",0,Low,0
TX006322,C0121,40.24,2024-02-23 22:14:04,Dining,Basic,47,"24,788.00",0,Low,0
TX007073,C0298,40.24,2024-06-12 21:53:40,Dining,Standard,41,"59,796.00",0,Low,0
TX003419,C0453,40.24,2024-12-26 20:42:48,Entertainment,Basic,26,"19,064.00",0,Low,0
TX007297,C0358,40.19,2024-10-04 01:01:48,Online Shopping,Student,34,"16,496.00",0,Low,1
TX006203,C0236,40.16,2024-05-20 00:35:51,Groceries,Standard,45,"61,328.00",0,Low,1
TX005231,C0225,40.15,2024-02-24 11:08:09,Groceries,Premium,32,"123,165.00",0,Low,0
TX000426,C0178,40.15,2024-03-30 01:18:13,Groceries,Standard,55,"35,755.00",0,Low,1
TX007365,C0066,40.15,2024-04-29 18:58:35,Groceries,Basic,54,"40,633.00",0,Low,0
TX004552,C0149,40.15,2024-12-16 14:44:23,Entertainment,Student,44,"14,309.00",0,Low,0
TX003342,C0119,40.09,2024-03-01 23:05:48,Dining,Standard,51,"81,039.00",0,Low,0
TX003563,C0406,40.09,2024-10-08 19:59:30,Dining,Standard,45,"69,880.00",0,Low,0
TX007057,C0381,40.07,2024-06-27 09:49:56,Dining,Premium,27,"159,579.00",0,Low,0
TX002692,C0291,40.07,2024-09-16 23:57:05,Healthcare,Student,35,"11,070.00",0,Low,0
TX000451,C0314,40.07,2024-11-23 11:32:34,Dining,Student,47,"21,998.00",0,Low,0
TX003652,C0265,40.04,2024-12-15 04:42:33,Groceries,Student,34,"8,000.00",0,Low,1
TX001694,C0263,40.03,2024-07-04 19:54:47,Fuel,Student,18,"18,927.00",0,Low,0
TX000853,C0425,40.02,2024-01-25 23:21:56,Entertainment,Standard,45,"55,849.00",0,Low,0
TX005493,C0080,40.02,2024-07-07 02:45:18,Groceries,Basic,18,"14,883.00",0,Low,1
TX003349,C0413,40,2024-11-20 02:39:09,Entertainment,Standard,19,"71,288.00",0,Low,1
TX003141,C0143,39.99,2024-11-23 09:59:41,Dining,Basic,18,"31,795.00",0,Low,0
TX001878,C0005,39.98,2024-01-23 16:12:32,Entertainment,Basic,35,"32,949.00",0,Low,0
TX002355,C0083,39.98,2024-06-08 22:20:01,Online Shopping,Standard,55,"31,241.00",0,Low,0
TX005591,C0372,39.94,2024-05-31 12:45:06,Groceries,Basic,43,"22,768.00",0,Low,0
TX005053,C0102,39.9,2024-07-14 14:21:24,Groceries,Basic,32,"35,126.00",0,Low,0
TX006879,C0198,39.9,2024-11-28 12:14:07,Groceries,Standard,39,"55,779.00",0,Low,0
TX005868,C0421,39.88,2024-04-25 16:25:38,Groceries,Standard,62,"39,023.00",0,Low,0
TX005046,C0009,39.84,2024-10-13 03:44:38,Groceries,Standard,32,"57,866.00",0,Low,1
TX004721,C0390,39.82,2024-01-07 17:05:00,Dining,Premium,31,"50,063.00",0,Low,0
TX007941,C0169,39.81,2024-08-18 07:08:44,Dining,Standard,35,"49,563.00",0,Low,0
TX006097,C0047,39.76,2024-03-10 21:57:22,Groceries,Premium,32,"109,506.00",0,Low,0
TX001786,C0016,39.72,2024-04-14 23:38:30,Groceries,Standard,31,"58,287.00",0,Low,0
TX002359,C0464,39.65,2024-10-22 17:13:43,Groceries,Student,40,"15,733.00",0,Low,0
TX005276,C0058,39.62,2024-01-27 04:29:41,Groceries,Student,34,"20,775.00",0,Low,1
TX007502,C0373,39.59,2024-09-18 05:05:34,Groceries,Premium,55,"67,934.00",0,Low,0
TX006088,C0014,39.57,2024-02-28 14:28:56,Groceries,Student,18,"23,653.00",0,Low,0
TX006199,C0078,39.56,2024-12-13 16:36:18,Groceries,Student,34,"12,389.00",0,Low,0
TX004726,C0426,39.51,2024-04-13 15:57:31,Groceries,Student,54,"17,118.00",0,Low,0
TX003298,C0474,39.5,2024-04-18 21:35:47,Groceries,Standard,54,"41,727.00",0,Low,0
TX004284,C0399,39.49,2024-11-05 20:22:14,Dining,Basic,36,"30,654.00",0,Low,0
TX003860,C0151,39.46,2024-11-03 06:06:23,Fuel,Standard,41,"64,784.00",0,Low,0
TX004287,C0430,39.45,2024-03-24 07:11:20,Entertainment,Standard,18,"25,368.00",0,Low,0
TX006727,C0098,39.44,2024-12-18 20:27:50,Fuel,Basic,41,"24,544.00",0,Low,0
TX006907,C0439,39.43,2024-05-30 21:27:59,Clothing,Standard,18,"57,230.00",0,Low,0
TX003858,C0214,39.39,2024-03-05 03:44:47,Groceries,Standard,45,"83,710.00",0,Low,1
TX001572,C0241,39.39,2024-08-22 10:53:09,Dining,Premium,28,"125,684.00",0,Low,0
TX000541,C0079,39.38,2024-10-26 01:04:41,Fuel,Standard,39,"48,307.00",0,Low,1
TX004871,C0016,39.37,2024-09-25 08:05:23,Fuel,Standard,31,"58,287.00",0,Low,0
TX006570,C0221,39.36,2024-10-31 16:53:00,Fuel,Premium,65,"162,102.00",0,Low,0
TX003080,C0472,39.33,2024-01-29 19:38:46,Groceries,Standard,18,"41,000.00",0,Low,0
TX001403,C0323,39.33,2024-06-02 05:40:18,Groceries,Standard,28,"42,469.00",0,Low,0
TX005174,C0444,39.31,2024-10-14 21:42:05,Dining,Student,36,"15,681.00",0,Low,0
TX003266,C0207,39.3,2024-09-02 05:34:04,Dining,Standard,44,"86,325.00",0,Low,0
TX007213,C0173,39.28,2024-01-06 19:03:41,Dining,Standard,37,"47,984.00",0,Low,0
TX005285,C0075,39.28,2024-06-15 10:48:39,Entertainment,Basic,18,"31,024.00",0,Low,0
TX001169,C0444,39.27,2024-01-03 19:20:19,Entertainment,Student,36,"15,681.00",0,Low,0
TX003415,C0476,39.26,2024-09-21 02:25:02,Groceries,Standard,35,"80,675.00",0,Low,1
TX001528,C0032,39.24,2024-04-05 00:08:18,Entertainment,Standard,60,"60,658.00",0,Low,1
TX002483,C0352,39.24,2024-04-28 03:12:20,Groceries,Standard,55,"43,450.00",0,Low,1
TX003321,C0073,39.23,2024-02-02 03:14:31,Groceries,Standard,37,"54,397.00",0,Low,1
TX003433,C0145,39.23,2024-08-30 02:59:24,Fuel,Basic,41,"43,471.00",0,Low,1
TX007977,C0144,39.2,2024-09-30 06:52:31,Fuel,Standard,40,"70,706.00",0,Low,0
TX006899,C0055,39.16,2024-10-02 12:26:38,Fuel,Standard,50,"51,381.00",0,Low,0
TX004667,C0260,39.1,2024-07-02 03:58:13,Groceries,Student,47,"19,039.00",0,Low,1
TX003503,C0346,39.09,2024-03-22 06:54:32,Groceries,Basic,40,"28,371.00",0,Low,0
TX007955,C0133,39.08,2024-11-30 15:53:37,Clothing,Standard,25,"64,202.00",0,Low,0
TX006551,C0263,39.06,2024-08-14 04:12:10,Groceries,Student,18,"18,927.00",0,Low,1
TX001870,C0047,39.05,2024-03-26 23:09:58,Entertainment,Premium,32,"109,506.00",0,Low,0
TX003954,C0337,39.04,2024-01-09 04:37:38,Dining,Standard,28,"53,675.00",0,Low,1
TX000744,C0442,39.02,2024-09-10 04:34:52,Clothing,Standard,37,"50,462.00",0,Low,1
TX002813,C0481,39,2024-05-09 20:18:23,Fuel,Standard,36,"44,963.00",0,Low,0
TX001876,C0241,38.99,2024-08-26 14:15:58,Entertainment,Premium,28,"125,684.00",0,Low,0
TX002843,C0017,38.98,2024-10-29 17:09:36,Dining,Standard,25,"58,740.00",0,Low,0
TX003235,C0059,38.97,2024-01-24 07:12:45,Entertainment,Basic,41,"29,342.00",0,Low,0
TX006371,C0216,38.95,2024-07-09 12:20:53,Fuel,Standard,47,"58,261.00",0,Low,0
TX004582,C0343,38.94,2024-06-06 03:57:05,Dining,Standard,40,"63,534.00",0,Low,1
TX005386,C0109,38.92,2024-05-25 13:00:16,Fuel,Basic,41,"35,585.00",0,Low,0
TX002396,C0289,38.91,2024-08-11 03:03:42,Healthcare,Premium,41,"60,311.00",0,Low,1
TX002737,C0425,38.87,2024-03-14 05:52:45,Entertainment,Standard,45,"55,849.00",0,Low,0
TX000107,C0119,38.86,2024-02-10 17:11:49,Entertainment,Standard,51,"81,039.00",0,Low,0
TX000463,C0345,38.86,2024-04-09 04:13:27,Clothing,Student,32,"13,483.00",0,Low,1
TX003204,C0315,38.86,2024-05-29 11:16:58,Groceries,Basic,53,"20,049.00",0,Low,0
TX002599,C0275,38.85,2024-10-01 15:25:25,Dining,Student,26,"18,035.00",1,Low,0
TX004862,C0123,38.83,2024-11-15 15:51:31,Entertainment,Basic,54,"27,437.00",0,Low,0
TX003091,C0022,38.82,2024-12-25 07:03:48,Groceries,Student,35,"15,746.00",0,Low,0
TX003659,C0441,38.76,2024-10-12 00:54:07,Fuel,Basic,42,"25,092.00",0,Low,1
TX003612,C0096,38.72,2024-04-27 16:03:39,Dining,Standard,20,"24,373.00",0,Low,0
TX003326,C0234,38.69,2024-05-19 21:51:06,Groceries,Student,30,"16,315.00",0,Low,0
TX007486,C0365,38.64,2024-12-19 11:02:47,Fuel,Student,46,"17,233.00",0,Low,0
TX001152,C0408,38.61,2024-08-13 12:15:44,Dining,Basic,36,"23,954.00",0,Low,0
TX005707,C0265,38.6,2024-09-23 10:57:19,Dining,Student,34,"8,000.00",0,Low,0
TX006374,C0393,38.6,2024-12-06 00:25:38,Dining,Student,22,"10,586.00",0,Low,1
TX007720,C0211,38.59,2024-07-19 04:14:02,Groceries,Student,44,"17,451.00",0,Low,1
TX001284,C0397,38.58,2024-04-13 17:07:38,Fuel,Student,18,"14,975.00",0,Low,0
TX003660,C0392,38.58,2024-11-13 14:14:04,Entertainment,Premium,43,"105,239.00",0,Low,0
TX001356,C0192,38.57,2024-02-20 12:22:16,Online Shopping,Basic,48,"31,910.00",0,Low,0
TX005765,C0079,38.56,2024-12-11 01:01:21,Dining,Standard,39,"48,307.00",0,Low,1
TX002433,C0474,38.55,2024-09-06 21:56:34,Groceries,Standard,54,"41,727.00",0,Low,0
TX001177,C0126,38.52,2024-03-05 03:05:11,Dining,Standard,64,"46,394.00",0,Low,1
TX006033,C0474,38.52,2024-08-11 21:37:56,Groceries,Standard,54,"41,727.00",0,Low,0
TX002183,C0453,38.5,2024-03-28 18:32:11,Clothing,Basic,26,"19,064.00",0,Low,0
TX007818,C0029,38.5,2024-12-26 18:12:58,Groceries,Basic,30,"39,560.00",0,Low,0
TX004380,C0138,38.47,2024-04-13 21:46:09,Groceries,Student,34,"17,588.00",0,Low,0
TX004487,C0276,38.46,2024-05-06 21:32:33,Fuel,Standard,43,"59,217.00",0,Low,0
TX003007,C0490,38.44,2024-04-17 15:23:58,Dining,Basic,48,"32,394.00",0,Low,0
TX002629,C0338,38.44,2024-12-06 21:10:39,Groceries,Premium,34,"167,391.00",0,Low,0
TX003109,C0232,38.4,2024-06-16 05:27:24,Fuel,Standard,40,"43,685.00",0,Low,0
TX004773,C0348,38.4,2024-08-27 18:43:19,Groceries,Basic,21,"21,881.00",0,Low,0
TX001959,C0354,38.38,2024-07-12 00:39:38,Fuel,Student,36,"8,776.00",0,Low,1
TX005332,C0439,38.36,2024-06-02 16:06:03,Dining,Standard,18,"57,230.00",0,Low,0
TX007746,C0484,38.35,2024-11-23 09:48:23,Entertainment,Standard,40,"82,390.00",0,Low,0
TX006848,C0043,38.34,2024-01-12 16:03:26,Clothing,Standard,36,"58,657.00",0,Low,0
TX005411,C0073,38.34,2024-02-05 20:54:16,Groceries,Standard,37,"54,397.00",0,Low,0
TX006997,C0109,38.34,2024-09-02 10:31:12,Entertainment,Basic,41,"35,585.00",0,Low,0
TX001453,C0023,38.33,2024-01-16 07:05:45,Dining,Basic,38,"26,428.00",0,Low,0
TX002069,C0389,38.33,2024-02-05 23:48:29,Groceries,Standard,49,"43,210.00",0,Low,0
TX007473,C0498,38.33,2024-08-06 20:03:02,Groceries,Basic,35,"31,092.00",0,Low,0
TX005424,C0151,38.32,2024-10-30 13:36:00,Dining,Standard,41,"64,784.00",0,Low,0
TX005171,C0439,38.29,2024-05-23 02:35:37,Groceries,Standard,18,"57,230.00",0,Low,1
TX001571,C0479,38.28,2024-12-20 22:02:47,Dining,Student,74,"20,884.00",0,Low,0
TX003698,C0139,38.26,2024-01-25 21:13:33,Groceries,Student,47,"13,067.00",0,Low,0
TX006710,C0324,38.24,2024-04-02 11:36:42,Dining,Basic,63,"47,161.00",0,Low,0
TX007490,C0327,38.2,2024-06-20 19:02:43,Dining,Basic,51,"35,070.00",0,Low,0
TX005150,C0035,38.19,2024-04-24 00:58:48,Entertainment,Standard,47,"46,672.00",0,Low,1
TX007220,C0382,38.19,2024-05-30 19:18:29,Dining,Standard,30,"60,899.00",0,Low,0
TX002011,C0155,38.18,2024-06-29 21:38:17,Groceries,Premium,41,"71,233.00",0,Low,0
TX000911,C0276,38.13,2024-06-30 07:19:51,Dining,Standard,43,"59,217.00",0,Low,0
TX001317,C0173,38.11,2024-01-29 03:57:58,Dining,Standard,37,"47,984.00",0,Low,1
TX003841,C0472,38.09,2024-07-25 10:14:08,Fuel,Standard,18,"41,000.00",0,Low,0
TX000910,C0038,38.09,2024-08-09 08:07:15,Dining,Basic,18,"12,409.00",0,Low,0
TX003333,C0207,38.06,2024-03-10 13:27:07,Dining,Standard,44,"86,325.00",0,Low,0
TX002449,C0280,38.03,2024-02-11 16:27:00,Groceries,Student,33,"13,877.00",0,Low,0
TX002476,C0323,38.01,2024-02-20 19:41:53,Groceries,Standard,28,"42,469.00",0,Low,0
TX005652,C0253,37.98,2024-09-27 06:03:06,Dining,Basic,63,"42,756.00",0,Low,0
TX004108,C0378,37.95,2024-08-01 22:03:44,Dining,Basic,40,"27,468.00",0,Low,0
TX002047,C0173,37.94,2024-06-23 23:29:35,Dining,Standard,37,"47,984.00",0,Low,0
TX004650,C0008,37.89,2024-07-02 09:02:17,Fuel,Standard,47,"74,176.00",0,Low,0
TX006135,C0049,37.87,2024-01-26 09:46:34,Dining,Standard,42,"82,699.00",0,Low,0
TX003610,C0359,37.85,2024-07-02 22:06:23,ATM Withdrawal,Standard,41,"73,415.00",0,Low,0
TX002028,C0160,37.83,2024-12-19 05:48:25,Entertainment,Standard,45,"44,925.00",0,Low,0
TX000249,C0429,37.82,2024-09-02 04:00:22,Groceries,Basic,50,"30,515.00",0,Low,1
TX000645,C0102,37.79,2024-11-12 23:43:12,Dining,Basic,32,"35,126.00",0,Low,0
TX007702,C0101,37.77,2024-06-13 14:11:57,Dining,Student,21,"22,190.00",0,Low,0
TX000781,C0100,37.76,2024-10-30 17:34:27,Groceries,Standard,35,"50,783.00",0,Low,0
TX004386,C0352,37.75,2024-04-15 16:51:17,Dining,Standard,55,"43,450.00",0,Low,0
TX002899,C0181,37.73,2024-03-21 02:02:43,Groceries,Basic,45,"17,547.00",0,Low,1
TX007243,C0434,37.73,2024-03-21 20:31:18,ATM Withdrawal,Basic,46,"34,799.00",1,Low,0
TX005189,C0483,37.73,2024-08-25 01:11:39,Dining,Basic,18,"25,155.00",0,Low,1
TX002731,C0006,37.71,2024-06-18 18:13:29,Groceries,Standard,35,"49,099.00",0,Low,0
TX004574,C0310,37.69,2024-12-30 10:16:41,Dining,Standard,35,"55,608.00",0,Low,0
TX003729,C0308,37.65,2024-05-16 20:37:56,Dining,Standard,30,"63,149.00",0,Low,0
TX005012,C0413,37.65,2024-08-16 07:02:09,Dining,Standard,19,"71,288.00",0,Low,0
TX004977,C0134,37.64,2024-06-04 23:21:24,Groceries,Basic,43,"21,817.00",0,Low,0
TX001147,C0313,37.63,2024-10-10 13:04:48,Fuel,Basic,47,"18,779.00",0,Low,0
TX003828,C0446,37.62,2024-09-21 20:09:42,Dining,Student,46,"15,012.00",0,Low,0
TX005127,C0269,37.61,2024-03-16 09:37:04,Entertainment,Standard,32,"70,338.00",0,Low,0
TX002791,C0201,37.59,2024-03-14 23:45:45,Dining,Basic,42,"30,629.00",0,Low,0
TX004592,C0355,37.57,2024-05-24 22:30:47,Online Shopping,Student,37,"16,323.00",0,Low,0
TX000207,C0314,37.55,2024-05-26 09:06:46,Dining,Student,47,"21,998.00",0,Low,0
TX001991,C0074,37.54,2024-01-21 14:26:59,Groceries,Basic,56,"18,553.00",0,Low,0
TX004396,C0395,37.51,2024-02-07 07:54:56,Groceries,Student,52,"16,554.00",0,Low,0
TX004322,C0356,37.47,2024-08-16 15:58:14,Fuel,Premium,25,"115,005.00",0,Low,0
TX007452,C0217,37.47,2024-09-04 06:28:58,Dining,Premium,28,"116,102.00",0,Low,0
TX001693,C0264,37.46,2024-03-13 15:44:49,Dining,Standard,25,"50,127.00",0,Low,0
TX001631,C0235,37.46,2024-04-24 02:13:21,Dining,Basic,63,"32,570.00",1,Low,1
TX004097,C0494,37.43,2024-07-07 06:31:38,Dining,Basic,27,"23,972.00",0,Low,0
TX006271,C0069,37.41,2024-08-12 09:53:31,Dining,Premium,42,"87,307.00",0,Low,0
TX006810,C0358,37.38,2024-03-11 03:41:00,Fuel,Student,34,"16,496.00",0,Low,1
TX001028,C0476,37.38,2024-11-09 07:38:15,Groceries,Standard,35,"80,675.00",0,Low,0
TX001022,C0445,37.37,2024-03-19 19:44:01,Groceries,Student,22,"15,642.00",0,Low,0
TX005595,C0116,37.37,2024-12-03 20:55:03,Fuel,Standard,41,"57,963.00",0,Low,0
TX005442,C0122,37.34,2024-02-17 09:59:15,Clothing,Basic,27,"26,128.00",0,Low,0
TX006140,C0308,37.32,2024-12-30 12:48:58,Clothing,Standard,30,"63,149.00",0,Low,0
TX000042,C0450,37.3,2024-01-17 17:25:17,Fuel,Basic,25,"18,120.00",0,Low,0
TX005641,C0079,37.25,2024-06-22 03:51:23,Dining,Standard,39,"48,307.00",0,Low,1
TX003587,C0109,37.22,2024-10-05 06:24:07,Groceries,Basic,41,"35,585.00",0,Low,0
TX005971,C0151,37.21,2024-10-31 11:58:09,Fuel,Standard,41,"64,784.00",0,Low,0
TX003074,C0207,37.19,2024-06-01 19:13:01,Fuel,Standard,44,"86,325.00",0,Low,0
TX000248,C0057,37.16,2024-05-24 11:05:02,Dining,Standard,27,"36,226.00",0,Low,0
TX001833,C0143,37.12,2024-12-07 20:41:33,Groceries,Basic,18,"31,795.00",0,Low,0
TX005340,C0122,37.11,2024-07-24 18:04:01,Clothing,Basic,27,"26,128.00",0,Low,0
TX001751,C0346,37.1,2024-04-28 15:26:02,Groceries,Basic,40,"28,371.00",0,Low,0
TX000195,C0219,37.09,2024-06-10 17:49:31,Entertainment,Basic,32,"31,203.00",0,Low,0
TX007643,C0028,37.04,2024-12-14 14:38:51,Dining,Basic,42,"24,399.00",0,Low,0
TX004553,C0104,37.02,2024-02-05 10:45:52,Dining,Standard,28,"63,588.00",0,Low,0
TX005999,C0074,37.02,2024-02-29 14:35:07,Groceries,Basic,56,"18,553.00",0,Low,0
TX000131,C0345,37.02,2024-04-22 05:49:25,Groceries,Student,32,"13,483.00",0,Low,0
TX006725,C0051,37.02,2024-08-15 16:34:44,Groceries,Standard,41,"32,117.00",0,Low,0
TX005623,C0190,37.02,2024-10-12 15:25:38,Dining,Student,19,"16,720.00",0,Low,0
TX007841,C0445,37.01,2024-12-22 19:29:28,Fuel,Student,22,"15,642.00",0,Low,0
TX000887,C0216,36.99,2024-02-27 15:51:59,Dining,Standard,47,"58,261.00",0,Low,0
TX007431,C0144,36.99,2024-05-12 10:16:41,Entertainment,Standard,40,"70,706.00",0,Low,0
TX006074,C0413,36.98,2024-01-25 04:19:36,Groceries,Standard,19,"71,288.00",0,Low,1
TX001268,C0341,36.98,2024-03-03 23:36:57,Dining,Student,28,"21,710.00",0,Low,0
TX000507,C0144,36.93,2024-02-19 12:43:39,Entertainment,Standard,40,"70,706.00",0,Low,0
TX000652,C0025,36.92,2024-01-19 18:03:36,Groceries,Standard,31,"71,104.00",0,Low,0
TX002379,C0118,36.9,2024-08-04 03:41:58,Groceries,Premium,23,"69,324.00",0,Low,1
TX003517,C0120,36.87,2024-07-22 08:28:03,Groceries,Basic,47,"31,583.00",0,Low,0
TX001976,C0094,36.86,2024-06-02 00:32:51,Groceries,Student,34,"15,107.00",0,Low,1
TX006593,C0300,36.86,2024-06-08 07:07:32,Dining,Premium,45,"103,214.00",0,Low,0
TX007896,C0100,36.86,2024-12-02 08:37:28,Entertainment,Standard,35,"50,783.00",0,Low,0
TX002072,C0401,36.85,2024-11-02 12:02:42,Groceries,Standard,18,"68,786.00",0,Low,0
TX001817,C0079,36.82,2024-04-27 05:25:44,Groceries,Standard,39,"48,307.00",0,Low,0
TX003799,C0044,36.82,2024-07-21 00:52:18,Dining,Premium,34,"73,077.00",0,Low,1
TX007048,C0204,36.81,2024-06-26 08:42:27,Entertainment,Standard,50,"60,197.00",0,Low,0
TX005247,C0050,36.8,2024-12-26 01:03:13,Fuel,Basic,18,"21,439.00",0,Low,1
TX004262,C0090,36.78,2024-02-14 06:02:25,Dining,Standard,44,"37,624.00",0,Low,0
TX006903,C0109,36.73,2024-10-02 00:43:22,Online Shopping,Basic,41,"35,585.00",0,Low,1
TX006908,C0368,36.72,2024-05-29 09:32:58,Groceries,Standard,38,"41,189.00",0,Low,0
TX007867,C0071,36.7,2024-10-30 09:29:41,Groceries,Standard,42,"44,854.00",0,Low,0
TX003613,C0498,36.69,2024-02-12 02:57:00,Groceries,Basic,35,"31,092.00",0,Low,1
TX000180,C0449,36.67,2024-06-19 11:08:09,Dining,Standard,31,"69,243.00",0,Low,0
TX006124,C0298,36.66,2024-04-29 18:17:27,Online Shopping,Standard,41,"59,796.00",0,Low,0
TX005792,C0405,36.64,2024-05-06 00:11:05,Dining,Basic,32,"24,655.00",1,Low,1
TX007703,C0002,36.62,2024-04-02 06:14:08,Clothing,Basic,36,"31,173.00",0,Low,0
TX005473,C0439,36.61,2024-02-22 12:19:26,Dining,Standard,18,"57,230.00",0,Low,0
TX006482,C0442,36.61,2024-11-15 21:10:35,Fuel,Standard,37,"50,462.00",0,Low,0
TX002886,C0118,36.59,2024-01-22 09:15:33,Dining,Premium,23,"69,324.00",0,Low,0
TX002194,C0435,36.58,2024-01-20 14:22:50,Fuel,Basic,56,"42,246.00",0,Low,0
TX002035,C0404,36.58,2024-11-05 04:53:18,Fuel,Student,38,"16,286.00",0,Low,1
TX001189,C0204,36.57,2024-07-29 03:39:00,Dining,Standard,50,"60,197.00",0,Low,1
TX004835,C0308,36.56,2024-02-20 04:36:41,Groceries,Standard,30,"63,149.00",0,Low,1
TX006522,C0485,36.56,2024-02-23 06:27:33,Groceries,Basic,28,"35,423.00",0,Low,0
TX005555,C0196,36.55,2024-01-14 11:02:54,Groceries,Student,42,"14,851.00",0,Low,0
TX006644,C0307,36.55,2024-03-18 03:34:25,Fuel,Standard,53,"56,834.00",0,Low,1
TX000130,C0235,36.55,2024-10-30 13:23:24,Groceries,Basic,63,"32,570.00",0,Low,0
TX003047,C0369,36.54,2024-01-30 21:45:36,Dining,Student,39,"15,677.00",0,Low,0
TX002640,C0168,36.54,2024-04-05 16:44:34,Fuel,Student,60,"8,041.00",0,Low,0
TX001591,C0156,36.53,2024-11-22 15:33:03,Dining,Student,29,"16,583.00",0,Low,0
TX000333,C0138,36.52,2024-10-14 09:24:02,Groceries,Student,34,"17,588.00",0,Low,0
TX000515,C0495,36.46,2024-10-01 11:36:21,Healthcare,Basic,56,"33,679.00",0,Low,0
TX005298,C0372,36.44,2024-03-27 09:55:46,Groceries,Basic,43,"22,768.00",0,Low,0
TX004744,C0154,36.42,2024-04-25 03:23:39,Fuel,Basic,40,"41,040.00",0,Low,1
TX003132,C0091,36.41,2024-02-22 12:08:57,Dining,Student,39,"21,013.00",0,Low,0
TX001216,C0315,36.37,2024-10-25 21:59:23,Dining,Basic,53,"20,049.00",0,Low,0
TX007984,C0241,36.32,2024-01-26 11:48:41,Dining,Premium,28,"125,684.00",0,Low,0
TX004882,C0430,36.32,2024-08-11 19:03:22,Groceries,Standard,18,"25,368.00",0,Low,0
TX006306,C0401,36.3,2024-09-13 17:11:06,Entertainment,Standard,18,"68,786.00",0,Low,0
TX007037,C0082,36.29,2024-05-14 19:20:55,Dining,Standard,42,"18,641.00",0,Low,0
TX001920,C0240,36.28,2024-07-05 06:53:17,Dining,Student,48,"18,856.00",0,Low,0
TX000987,C0233,36.26,2024-12-11 06:43:58,Fuel,Basic,38,"29,486.00",0,Low,0
TX000423,C0441,36.24,2024-03-11 23:15:09,Fuel,Basic,42,"25,092.00",0,Low,0
TX000528,C0391,36.22,2024-03-13 18:23:58,Dining,Student,27,"8,000.00",0,Low,0
TX002215,C0202,36.16,2024-01-30 22:39:10,Fuel,Premium,44,"30,053.00",0,Low,0
TX007705,C0176,36.14,2024-06-17 16:35:13,Groceries,Standard,47,"62,155.00",0,Low,0
TX007462,C0200,36.13,2024-12-22 15:24:43,Fuel,Standard,24,"53,789.00",0,Low,0
TX000808,C0173,36.1,2024-05-05 23:17:08,Fuel,Standard,37,"47,984.00",0,Low,0
TX007324,C0426,36.06,2024-03-28 00:01:36,Entertainment,Student,54,"17,118.00",0,Low,1
TX007654,C0217,36.06,2024-09-06 23:09:45,Clothing,Premium,28,"116,102.00",0,Low,0
TX006013,C0155,36.04,2024-11-14 10:36:06,Fuel,Premium,41,"71,233.00",0,Low,0
TX007301,C0002,36.02,2024-06-02 07:44:37,Clothing,Basic,36,"31,173.00",0,Low,0
TX000747,C0294,36.02,2024-10-23 22:50:18,Fuel,Basic,48,"22,253.00",0,Low,0
TX004338,C0148,35.98,2024-08-18 07:58:34,Dining,Basic,22,"29,691.00",1,Low,0
TX000139,C0213,35.93,2024-10-06 12:42:34,Fuel,Standard,49,"45,643.00",0,Low,0
TX003197,C0139,35.92,2024-02-29 11:04:07,Dining,Student,47,"13,067.00",0,Low,0
TX005320,C0016,35.92,2024-12-16 13:12:02,Groceries,Standard,31,"58,287.00",0,Low,0
TX001911,C0006,35.91,2024-07-03 12:03:59,Groceries,Standard,35,"49,099.00",0,Low,0
TX001141,C0063,35.82,2024-09-29 07:56:20,Dining,Student,24,"17,279.00",0,Low,0
TX000482,C0354,35.8,2024-01-03 03:38:58,Groceries,Student,36,"8,776.00",0,Low,1
TX002647,C0092,35.8,2024-05-31 15:11:03,Clothing,Basic,49,"37,018.00",0,Low,0
TX002178,C0038,35.79,2024-10-01 13:44:56,Dining,Basic,18,"12,409.00",0,Low,0
TX002939,C0206,35.79,2024-12-16 14:29:40,Fuel,Standard,26,"11,556.00",0,Low,0
TX002918,C0335,35.72,2024-06-28 15:54:21,Dining,Standard,49,"46,637.00",0,Low,0
TX000796,C0215,35.69,2024-10-15 08:27:14,Groceries,Basic,34,"28,474.00",0,Low,0
TX006639,C0399,35.65,2024-04-28 14:15:34,Groceries,Basic,36,"30,654.00",0,Low,0
TX000214,C0418,35.65,2024-06-03 09:32:44,Groceries,Standard,39,"63,367.00",0,Low,0
TX002844,C0071,35.64,2024-05-01 00:22:37,Groceries,Standard,42,"44,854.00",0,Low,1
TX006442,C0018,35.63,2024-11-03 00:35:31,Groceries,Student,41,"21,309.00",1,Low,1
TX004928,C0012,35.6,2024-06-11 21:13:19,Groceries,Standard,32,"66,193.00",0,Low,0
TX007792,C0461,35.6,2024-12-24 19:58:40,Groceries,Standard,61,"46,806.00",0,Low,0
TX004240,C0072,35.56,2024-07-01 08:28:37,Dining,Standard,56,"82,014.00",0,Low,0
TX003928,C0101,35.55,2024-05-17 08:38:24,Fuel,Student,21,"22,190.00",0,Low,0
TX001598,C0411,35.53,2024-07-13 17:16:03,Dining,Standard,46,"55,422.00",0,Low,0
TX002299,C0488,35.51,2024-05-29 08:04:49,Dining,Student,25,"12,577.00",0,Low,0
TX004545,C0480,35.45,2024-09-15 13:52:47,Dining,Standard,51,"51,860.00",0,Low,0
TX007997,C0072,35.42,2024-03-08 18:11:21,Fuel,Standard,56,"82,014.00",0,Low,0
TX006958,C0285,35.42,2024-09-27 02:51:26,Dining,Basic,63,"31,439.00",0,Low,1
TX000689,C0474,35.39,2024-03-25 11:43:54,Fuel,Standard,54,"41,727.00",0,Low,0
TX005082,C0279,35.39,2024-10-10 21:26:37,Dining,Premium,38,"67,381.00",0,Low,0
TX003506,C0310,35.38,2024-03-26 18:35:59,Groceries,Standard,35,"55,608.00",0,Low,0
TX004699,C0137,35.36,2024-10-03 13:44:52,Dining,Premium,28,"101,976.00",0,Low,0
TX000106,C0222,35.35,2024-08-21 22:49:31,Groceries,Standard,18,"54,135.00",0,Low,0
TX004584,C0256,35.33,2024-08-10 01:42:04,Groceries,Standard,32,"22,699.00",0,Low,1
TX005799,C0298,35.32,2024-04-16 16:14:08,Fuel,Standard,41,"59,796.00",0,Low,0
TX005733,C0171,35.32,2024-04-17 23:07:26,Fuel,Basic,27,"19,642.00",0,Low,0
TX002070,C0378,35.3,2024-12-24 04:20:58,Dining,Basic,40,"27,468.00",0,Low,1
TX003792,C0464,35.26,2024-02-22 14:06:06,Dining,Student,40,"15,733.00",0,Low,0
TX004557,C0479,35.23,2024-07-11 01:26:31,Fuel,Student,74,"20,884.00",0,Low,1
TX007364,C0046,35.19,2024-06-14 17:42:44,Dining,Premium,29,"116,173.00",0,Low,0
TX001030,C0453,35.17,2024-02-17 10:43:51,Clothing,Basic,26,"19,064.00",0,Low,0
TX000419,C0084,35.1,2024-11-06 03:42:07,Entertainment,Standard,31,"66,406.00",0,Low,1
TX000953,C0109,35.1,2024-12-19 01:16:58,Dining,Basic,41,"35,585.00",1,Low,1
TX000340,C0254,35.09,2024-04-21 09:28:19,Groceries,Standard,50,"42,295.00",0,Low,0
TX002546,C0412,35.08,2024-03-14 20:18:26,Dining,Standard,24,"54,863.00",0,Low,0
TX003450,C0018,35.03,2024-02-11 06:22:31,Fuel,Student,41,"21,309.00",0,Low,0
TX001239,C0431,35.01,2024-04-20 12:42:25,Entertainment,Student,23,"11,242.00",0,Low,0
TX001484,C0234,35,2024-08-29 05:39:08,Dining,Student,30,"16,315.00",0,Low,0
TX007278,C0166,34.98,2024-03-11 00:37:10,Dining,Standard,42,"12,271.00",0,Low,1
TX002248,C0104,34.98,2024-06-28 23:45:56,Entertainment,Standard,28,"63,588.00",0,Low,0
TX006920,C0211,34.98,2024-12-24 09:50:15,Groceries,Student,44,"17,451.00",0,Low,0
TX006053,C0313,34.97,2024-01-11 11:56:00,Dining,Basic,47,"18,779.00",0,Low,0
TX006345,C0139,34.95,2024-01-14 12:09:09,Dining,Student,47,"13,067.00",0,Low,0
TX000069,C0160,34.94,2024-04-25 03:22:07,Dining,Standard,45,"44,925.00",0,Low,1
TX007636,C0416,34.86,2024-11-09 19:02:10,Groceries,Premium,29,"114,532.00",0,Low,0
TX005031,C0008,34.85,2024-09-21 09:42:52,Fuel,Standard,47,"74,176.00",0,Low,0
TX004907,C0087,34.8,2024-02-11 16:05:05,Dining,Standard,48,"40,495.00",0,Low,0
TX006091,C0223,34.79,2024-03-29 06:21:55,Dining,Standard,46,"58,016.00",0,Low,0
TX007585,C0035,34.77,2024-06-13 05:45:14,Dining,Standard,47,"46,672.00",0,Low,0
TX003229,C0075,34.77,2024-11-03 19:10:02,Entertainment,Basic,18,"31,024.00",0,Low,0
TX004617,C0089,34.75,2024-02-03 13:05:19,Groceries,Standard,31,"54,945.00",0,Low,0
TX007491,C0407,34.75,2024-08-30 04:16:45,Dining,Standard,25,"52,375.00",0,Low,1
TX005316,C0403,34.75,2024-11-20 19:39:34,Dining,Student,38,"16,069.00",0,Low,0
TX001130,C0030,34.74,2024-03-06 20:26:41,Fuel,Standard,34,"32,152.00",0,Low,0
TX002221,C0009,34.73,2024-02-08 21:23:09,Dining,Standard,32,"57,866.00",1,Low,0
TX005933,C0410,34.71,2024-12-28 07:09:04,Dining,Premium,44,"63,045.00",0,Low,0
TX007062,C0088,34.7,2024-07-28 03:59:51,Entertainment,Student,41,"14,809.00",0,Low,1
TX003672,C0103,34.69,2024-09-06 04:05:29,Dining,Standard,33,"46,432.00",0,Low,1
TX002385,C0368,34.66,2024-01-23 20:03:30,Dining,Standard,38,"41,189.00",0,Low,0
TX005199,C0028,34.66,2024-10-24 01:54:05,Groceries,Basic,42,"24,399.00",1,Low,1
TX006533,C0329,34.64,2024-09-09 22:53:10,Dining,Basic,45,"28,517.00",0,Low,0
TX007752,C0029,34.63,2024-10-06 23:55:14,Clothing,Basic,30,"39,560.00",0,Low,0
TX000315,C0260,34.63,2024-10-11 17:49:05,Dining,Student,47,"19,039.00",0,Low,0
TX007333,C0053,34.62,2024-08-16 06:03:18,Dining,Basic,29,"29,635.00",0,Low,0
TX005245,C0170,34.61,2024-02-02 14:09:27,Entertainment,Standard,28,"38,204.00",0,Low,0
TX002026,C0499,34.57,2024-11-29 21:07:57,Dining,Standard,27,"49,520.00",0,Low,0
TX004007,C0239,34.54,2024-10-09 19:51:53,Groceries,Standard,30,"51,337.00",0,Low,0
TX004841,C0418,34.52,2024-05-30 18:15:56,Dining,Standard,39,"63,367.00",0,Low,0
TX000631,C0395,34.51,2024-12-22 11:04:39,Groceries,Student,52,"16,554.00",0,Low,0
TX003017,C0267,34.43,2024-08-04 19:42:27,Fuel,Standard,57,"34,156.00",0,Low,0
TX005226,C0077,34.41,2024-11-19 20:24:39,Dining,Standard,39,"67,609.00",0,Low,0
TX000167,C0281,34.39,2024-03-27 20:55:14,Dining,Premium,39,"39,211.00",0,Low,0
TX000101,C0376,34.36,2024-01-05 04:34:25,Groceries,Premium,28,"108,274.00",0,Low,1
TX004142,C0267,34.35,2024-08-02 04:36:01,Dining,Standard,57,"34,156.00",0,Low,1
TX006327,C0130,34.31,2024-04-26 07:24:06,Groceries,Standard,31,"61,544.00",0,Low,0
TX002331,C0080,34.28,2024-01-04 20:23:54,Dining,Basic,18,"14,883.00",0,Low,0
TX000471,C0117,34.28,2024-05-28 18:34:13,Dining,Basic,37,"46,602.00",0,Low,0
TX007606,C0068,34.26,2024-04-30 12:59:40,Entertainment,Basic,50,"35,672.00",0,Low,0
TX007877,C0126,34.24,2024-04-14 03:41:28,Clothing,Standard,64,"46,394.00",0,Low,1
TX002210,C0241,34.24,2024-08-29 03:29:09,Groceries,Premium,28,"125,684.00",0,Low,1
TX007698,C0073,34.23,2024-01-28 22:26:04,Dining,Standard,37,"54,397.00",0,Low,0
TX006267,C0143,34.23,2024-05-02 15:04:29,Dining,Basic,18,"31,795.00",0,Low,0
TX002137,C0490,34.23,2024-10-24 13:16:41,Dining,Basic,48,"32,394.00",0,Low,0
TX007305,C0464,34.19,2024-01-30 20:38:45,Dining,Student,40,"15,733.00",0,Low,0
TX000824,C0317,34.15,2024-10-26 13:44:54,Dining,Premium,46,"68,447.00",0,Low,0
TX001264,C0109,34.15,2024-11-24 04:21:03,Dining,Basic,41,"35,585.00",0,Low,1
TX004815,C0422,34.13,2024-04-09 22:27:15,Entertainment,Student,59,"13,779.00",0,Low,0
TX003175,C0197,34.12,2024-04-01 01:32:04,Groceries,Standard,27,"65,914.00",0,Low,1
TX005714,C0162,34.1,2024-02-24 08:58:28,Groceries,Standard,47,"72,590.00",0,Low,0
TX002243,C0081,34.07,2024-07-27 18:22:24,Dining,Standard,35,"48,215.00",0,Low,0
TX003874,C0378,34.07,2024-11-26 19:13:09,Fuel,Basic,40,"27,468.00",0,Low,0
TX001949,C0374,34.01,2024-11-13 09:52:25,Groceries,Basic,49,"39,888.00",0,Low,0
TX003118,C0264,33.98,2024-10-03 19:23:09,Dining,Standard,25,"50,127.00",0,Low,0
TX005063,C0491,33.96,2024-08-16 16:14:06,Dining,Student,37,"20,206.00",0,Low,0
TX006653,C0281,33.95,2024-03-05 23:22:28,Clothing,Premium,39,"39,211.00",0,Low,0
TX005503,C0010,33.95,2024-10-25 13:28:31,Fuel,Standard,44,"55,696.00",1,Low,0
TX000618,C0380,33.9,2024-04-30 17:43:54,Fuel,Basic,28,"31,133.00",0,Low,0
TX003170,C0235,33.9,2024-11-16 22:57:12,Dining,Basic,63,"32,570.00",0,Low,0
TX006045,C0344,33.89,2024-04-23 17:23:00,Groceries,Standard,31,"79,425.00",0,Low,0
TX000590,C0047,33.88,2024-01-11 11:24:43,Groceries,Premium,32,"109,506.00",0,Low,0
TX002794,C0011,33.88,2024-02-26 17:23:47,Groceries,Standard,32,"34,602.00",0,Low,0
TX007590,C0488,33.85,2024-12-10 07:46:51,Groceries,Student,25,"12,577.00",0,Low,0
TX004120,C0106,33.84,2024-03-12 00:02:26,Dining,Basic,42,"37,397.00",0,Low,1
TX003882,C0358,33.84,2024-10-08 19:59:19,Dining,Student,34,"16,496.00",0,Low,0
TX007883,C0186,33.82,2024-12-20 23:35:00,Dining,Student,46,"13,602.00",0,Low,0
TX006974,C0203,33.81,2024-02-10 07:28:15,Groceries,Basic,50,"37,330.00",0,Low,0
TX006497,C0410,33.81,2024-04-04 22:58:55,Entertainment,Premium,44,"63,045.00",0,Low,0
TX006150,C0189,33.81,2024-12-03 17:32:35,Dining,Premium,27,"101,458.00",0,Low,0
TX003593,C0474,33.79,2024-05-30 15:39:01,Groceries,Standard,54,"41,727.00",0,Low,0
TX005045,C0496,33.78,2024-05-02 07:33:38,Groceries,Basic,44,"24,578.00",0,Low,0
TX006789,C0365,33.77,2024-06-26 22:28:10,Dining,Student,46,"17,233.00",0,Low,0
TX004334,C0116,33.73,2024-12-19 21:11:24,Fuel,Standard,41,"57,963.00",0,Low,0
TX000491,C0098,33.72,2024-03-21 11:55:08,Dining,Basic,41,"24,544.00",0,Low,0
TX005234,C0103,33.72,2024-07-29 22:40:45,Dining,Standard,33,"46,432.00",0,Low,0
TX004174,C0368,33.69,2024-04-01 03:19:55,Fuel,Standard,38,"41,189.00",0,Low,1
TX002177,C0332,33.69,2024-08-02 06:26:10,Dining,Basic,27,"28,823.00",0,Low,0
TX003680,C0341,33.68,2024-08-01 03:43:04,Groceries,Student,28,"21,710.00",0,Low,1
TX003416,C0302,33.62,2024-02-06 23:18:16,Dining,Basic,31,"34,419.00",0,Low,0
TX001856,C0495,33.6,2024-07-26 05:45:48,Entertainment,Basic,56,"33,679.00",0,Low,0
TX003188,C0074,33.6,2024-11-13 17:24:41,Dining,Basic,56,"18,553.00",0,Low,0
TX000998,C0423,33.57,2024-06-10 20:02:09,Online Shopping,Basic,35,"25,123.00",0,Low,0
TX006079,C0274,33.56,2024-03-15 23:18:51,Dining,Basic,38,"36,827.00",0,Low,0
TX001619,C0413,33.54,2024-04-15 17:31:25,Groceries,Standard,19,"71,288.00",0,Low,0
TX002885,C0435,33.54,2024-10-11 03:59:43,Fuel,Basic,56,"42,246.00",0,Low,1
TX003424,C0128,33.53,2024-01-15 09:32:02,Dining,Student,31,"23,569.00",0,Low,0
TX006505,C0104,33.51,2024-06-14 14:28:51,Clothing,Standard,28,"63,588.00",0,Low,0
TX007032,C0494,33.5,2024-02-13 02:11:22,Dining,Basic,27,"23,972.00",0,Low,1
TX000603,C0336,33.48,2024-06-27 07:56:30,Dining,Basic,36,"19,041.00",0,Low,0
TX003158,C0166,33.45,2024-03-18 03:46:50,Clothing,Standard,42,"12,271.00",0,Low,1
TX004063,C0201,33.43,2024-02-29 01:19:30,Fuel,Basic,42,"30,629.00",0,Low,1
TX003320,C0256,33.39,2024-10-05 16:51:57,Dining,Standard,32,"22,699.00",0,Low,0
TX001060,C0332,33.36,2024-06-27 22:45:18,Groceries,Basic,27,"28,823.00",0,Low,0
TX006817,C0193,33.36,2024-11-03 12:00:43,Groceries,Premium,40,"82,228.00",0,Low,0
TX007167,C0262,33.34,2024-12-19 06:54:17,Fuel,Premium,37,"157,573.00",0,Low,0
TX002223,C0139,33.3,2024-04-22 12:25:22,Fuel,Student,47,"13,067.00",0,Low,0
TX007639,C0498,33.29,2024-02-10 10:07:01,Dining,Basic,35,"31,092.00",0,Low,0
TX004476,C0322,33.29,2024-03-11 10:22:33,Clothing,Basic,45,"32,231.00",0,Low,0
TX005905,C0016,33.29,2024-08-22 01:53:55,Groceries,Standard,31,"58,287.00",0,Low,1
TX000029,C0138,33.29,2024-11-05 08:03:02,Groceries,Student,34,"17,588.00",0,Low,0
TX002933,C0234,33.28,2024-01-08 23:57:25,Entertainment,Student,30,"16,315.00",0,Low,0
TX005060,C0428,33.28,2024-04-12 08:49:47,Groceries,Standard,46,"62,297.00",0,Low,0
TX003511,C0333,33.28,2024-06-12 04:19:00,Groceries,Basic,38,"37,711.00",0,Low,1
TX006625,C0181,33.25,2024-08-03 11:21:54,Dining,Basic,45,"17,547.00",0,Low,0
TX006704,C0407,33.24,2024-01-17 11:01:52,Dining,Standard,25,"52,375.00",0,Low,0
TX003567,C0127,33.23,2024-02-19 03:24:41,Entertainment,Standard,26,"54,634.00",0,Low,1
TX007348,C0382,33.23,2024-07-23 03:06:01,Groceries,Standard,30,"60,899.00",0,Low,1
TX004958,C0186,33.19,2024-04-18 22:20:52,Dining,Student,46,"13,602.00",0,Low,0
TX005592,C0175,33.17,2024-09-11 03:33:03,Dining,Premium,41,"88,592.00",0,Low,1
TX001039,C0215,33.15,2024-03-04 14:23:48,Dining,Basic,34,"28,474.00",0,Low,0
TX007006,C0380,33.13,2024-09-16 17:58:12,Groceries,Basic,28,"31,133.00",0,Low,0
TX003395,C0480,33.12,2024-03-13 12:08:41,Dining,Standard,51,"51,860.00",0,Low,0
TX001830,C0468,33.1,2024-12-29 23:13:29,Fuel,Basic,47,"22,215.00",0,Low,0
TX007091,C0499,33.06,2024-07-23 18:44:54,Dining,Standard,27,"49,520.00",0,Low,0
TX004009,C0419,33.03,2024-07-09 13:06:26,Groceries,Standard,52,"55,155.00",0,Low,0
TX006574,C0237,33.02,2024-11-16 01:57:45,Groceries,Basic,18,"42,909.00",0,Low,1
TX003112,C0455,33,2024-08-15 09:59:14,Dining,Standard,31,"37,448.00",0,Low,0
TX001355,C0203,32.99,2024-10-19 11:01:50,Groceries,Basic,50,"37,330.00",0,Low,0
TX003340,C0231,32.98,2024-05-19 23:54:07,Dining,Premium,29,"99,079.00",0,Low,0
TX005573,C0331,32.98,2024-10-18 16:46:29,Groceries,Standard,37,"55,657.00",0,Low,0
TX004638,C0451,32.95,2024-11-12 18:12:01,Fuel,Basic,37,"9,568.00",0,Low,0
TX006627,C0071,32.94,2024-11-01 11:55:13,Groceries,Standard,42,"44,854.00",0,Low,0
TX001994,C0476,32.93,2024-10-24 18:17:15,Dining,Standard,35,"80,675.00",0,Low,0
TX000978,C0341,32.92,2024-12-11 09:15:03,Groceries,Student,28,"21,710.00",0,Low,0
TX004628,C0054,32.91,2024-08-05 06:13:31,Entertainment,Basic,45,"31,946.00",0,Low,0
TX003418,C0190,32.9,2024-03-25 08:57:50,Dining,Student,19,"16,720.00",0,Low,0
TX005301,C0237,32.9,2024-07-18 08:24:59,Groceries,Basic,18,"42,909.00",0,Low,0
TX000656,C0281,32.89,2024-05-26 06:11:49,Dining,Premium,39,"39,211.00",0,Low,0
TX006846,C0446,32.89,2024-10-29 04:49:49,Fuel,Student,46,"15,012.00",0,Low,1
TX006470,C0161,32.88,2024-09-07 07:11:58,Groceries,Premium,26,"89,233.00",0,Low,0
TX000692,C0156,32.87,2024-06-14 17:18:51,Dining,Student,29,"16,583.00",0,Low,0
TX001308,C0164,32.86,2024-06-03 13:02:23,Groceries,Premium,28,"78,881.00",0,Low,0
TX007394,C0265,32.8,2024-09-04 13:54:40,Dining,Student,34,"8,000.00",0,Low,0
TX005524,C0482,32.8,2024-11-23 04:59:44,Dining,Basic,26,"38,319.00",0,Low,1
TX002655,C0205,32.79,2024-03-15 04:00:36,Dining,Standard,21,"69,970.00",0,Low,1
TX006893,C0323,32.77,2024-03-30 12:58:07,Groceries,Standard,28,"42,469.00",0,Low,0
TX006315,C0004,32.75,2024-08-12 06:20:21,Dining,Student,56,"11,732.00",0,Low,0
TX002104,C0399,32.74,2024-01-13 08:17:46,Dining,Basic,36,"30,654.00",0,Low,0
TX006774,C0145,32.74,2024-11-09 19:49:00,Fuel,Basic,41,"43,471.00",0,Low,0
TX001936,C0320,32.72,2024-12-28 20:31:23,Groceries,Premium,36,"127,432.00",1,Low,0
TX003987,C0390,32.71,2024-03-24 21:10:07,Dining,Premium,31,"50,063.00",0,Low,0
TX006803,C0297,32.7,2024-06-21 18:26:26,Groceries,Standard,48,"45,979.00",0,Low,0
TX004398,C0341,32.67,2024-09-18 01:06:59,Groceries,Student,28,"21,710.00",0,Low,1
TX005581,C0489,32.65,2024-12-22 04:28:28,Entertainment,Basic,58,"35,936.00",0,Low,1
TX006991,C0365,32.64,2024-07-13 15:36:31,Groceries,Student,46,"17,233.00",0,Low,0
TX004868,C0146,32.6,2024-12-29 11:31:35,Dining,Basic,47,"26,328.00",0,Low,0
TX003387,C0060,32.53,2024-08-09 01:21:24,Dining,Student,49,"19,469.00",0,Low,1
TX003708,C0156,32.52,2024-10-01 17:15:49,Fuel,Student,29,"16,583.00",0,Low,0
TX003926,C0278,32.49,2024-10-31 22:42:32,Dining,Standard,30,"54,061.00",0,Low,0
TX001929,C0169,32.48,2024-05-24 12:30:38,Dining,Standard,35,"49,563.00",0,Low,0
TX004598,C0190,32.45,2024-04-20 04:07:58,Groceries,Student,19,"16,720.00",1,Low,1
TX006113,C0154,32.44,2024-03-19 05:02:24,Dining,Basic,40,"41,040.00",1,Low,0
TX002446,C0208,32.43,2024-10-06 13:27:19,Fuel,Basic,44,"28,883.00",0,Low,0
TX006873,C0156,32.39,2024-12-11 19:04:45,Clothing,Student,29,"16,583.00",0,Low,0
TX001187,C0116,32.36,2024-12-02 05:22:58,Dining,Standard,41,"57,963.00",0,Low,0
TX001082,C0039,32.35,2024-03-24 09:36:13,Dining,Standard,22,"61,600.00",0,Low,0
TX005648,C0455,32.35,2024-05-02 00:25:15,Groceries,Standard,31,"37,448.00",0,Low,1
TX007756,C0409,32.33,2024-02-03 08:32:42,Entertainment,Standard,39,"63,047.00",0,Low,0
TX004464,C0022,32.31,2024-08-16 04:09:33,Dining,Student,35,"15,746.00",0,Low,1
TX000804,C0275,32.27,2024-12-30 14:23:03,Dining,Student,26,"18,035.00",0,Low,0
TX005832,C0413,32.24,2024-05-30 06:25:10,Dining,Standard,19,"71,288.00",0,Low,0
TX006012,C0062,32.23,2024-07-17 10:55:12,Fuel,Basic,35,"33,654.00",0,Low,0
TX000819,C0500,32.23,2024-09-28 19:37:01,Entertainment,Student,21,"15,738.00",0,Low,0
TX002717,C0389,32.2,2024-06-02 01:40:30,Dining,Standard,49,"43,210.00",0,Low,1
TX001860,C0491,32.17,2024-11-23 10:05:40,Dining,Student,37,"20,206.00",0,Low,0
TX003261,C0112,32.12,2024-09-22 04:34:36,Groceries,Basic,37,"35,081.00",0,Low,1
TX003700,C0305,32.11,2024-05-31 19:33:27,Dining,Standard,37,"56,878.00",0,Low,0
TX002937,C0003,32.09,2024-11-04 23:10:21,Dining,Standard,45,"73,097.00",0,Low,0
TX005260,C0296,32.05,2024-09-13 07:27:49,Dining,Student,29,"9,663.00",0,Low,0
TX007981,C0154,32.03,2024-12-26 06:20:35,Dining,Basic,40,"41,040.00",0,Low,0
TX006631,C0101,32.02,2024-08-28 17:33:52,Groceries,Student,21,"22,190.00",0,Low,0
TX004363,C0147,32.01,2024-03-25 09:26:48,Clothing,Standard,23,"71,180.00",0,Low,0
TX005191,C0080,32.01,2024-07-13 10:51:04,Entertainment,Basic,18,"14,883.00",0,Low,0
TX007722,C0229,32,2024-12-12 18:09:41,Fuel,Basic,29,"43,067.00",0,Low,0
TX007307,C0325,31.96,2024-01-10 06:15:29,Groceries,Premium,25,"54,372.00",0,Low,0
TX003568,C0426,31.89,2024-07-01 01:44:20,Groceries,Student,54,"17,118.00",0,Low,1
TX005482,C0030,31.85,2024-04-01 11:13:26,Dining,Standard,34,"32,152.00",0,Low,0
TX001712,C0227,31.81,2024-09-15 16:33:38,Entertainment,Basic,38,"35,109.00",0,Low,0
TX002711,C0237,31.77,2024-02-24 18:44:30,Dining,Basic,18,"42,909.00",0,Low,0
TX007916,C0115,31.77,2024-12-20 05:30:55,Groceries,Premium,35,"129,521.00",0,Low,0
TX000099,C0174,31.75,2024-12-20 10:38:47,Dining,Standard,42,"60,197.00",0,Low,0
TX001613,C0179,31.72,2024-08-25 15:53:54,Dining,Student,34,"18,985.00",0,Low,0
TX007273,C0114,31.69,2024-04-04 18:18:37,Dining,Basic,67,"25,718.00",0,Low,0
TX003972,C0163,31.69,2024-06-12 23:01:17,Groceries,Basic,51,"34,348.00",0,Low,0
TX002753,C0239,31.65,2024-11-02 10:40:05,Dining,Standard,30,"51,337.00",0,Low,0
TX004945,C0180,31.61,2024-08-07 00:53:39,Entertainment,Standard,70,"47,593.00",0,Low,1
TX007764,C0260,31.6,2024-10-17 21:03:20,Dining,Student,47,"19,039.00",0,Low,0
TX001170,C0402,31.59,2024-04-20 00:26:01,Fuel,Basic,30,"27,677.00",0,Low,1
TX003739,C0186,31.57,2024-07-15 08:39:34,Groceries,Student,46,"13,602.00",0,Low,0
TX003521,C0451,31.55,2024-08-13 23:01:10,Dining,Basic,37,"9,568.00",0,Low,0
TX003839,C0025,31.54,2024-04-21 13:43:02,Dining,Standard,31,"71,104.00",0,Low,0
TX004128,C0337,31.54,2024-12-11 15:51:19,Groceries,Standard,28,"53,675.00",1,Low,0
TX000470,C0178,31.5,2024-01-24 10:38:41,Dining,Standard,55,"35,755.00",0,Low,0
TX004231,C0388,31.48,2024-04-08 12:45:15,Groceries,Basic,60,"37,653.00",0,Low,0
TX000397,C0220,31.48,2024-06-05 21:49:12,Groceries,Basic,38,"32,919.00",0,Low,0
TX007614,C0482,31.46,2024-07-14 02:08:14,Fuel,Basic,26,"38,319.00",0,Low,1
TX003426,C0408,31.46,2024-10-19 13:58:54,Fuel,Basic,36,"23,954.00",0,Low,0
TX005458,C0214,31.45,2024-04-28 01:01:12,Groceries,Standard,45,"83,710.00",0,Low,1
TX000430,C0070,31.45,2024-10-08 01:36:16,Dining,Basic,30,"41,520.00",0,Low,1
TX004412,C0047,31.4,2024-01-21 10:53:45,Fuel,Premium,32,"109,506.00",0,Low,0
TX004759,C0381,31.36,2024-08-16 05:01:23,Online Shopping,Premium,27,"159,579.00",0,Low,0
TX004195,C0011,31.34,2024-03-22 01:31:58,Fuel,Standard,32,"34,602.00",0,Low,1
TX001570,C0441,31.32,2024-01-27 22:03:22,Dining,Basic,42,"25,092.00",0,Low,0
TX006749,C0342,31.32,2024-09-08 22:58:11,Fuel,Standard,40,"46,696.00",0,Low,0
TX003086,C0028,31.3,2024-09-04 07:12:20,Dining,Basic,42,"24,399.00",0,Low,0
TX004289,C0275,31.29,2024-04-16 08:16:53,Dining,Student,26,"18,035.00",0,Low,0
TX005815,C0384,31.28,2024-06-30 03:50:22,Dining,Basic,31,"27,527.00",0,Low,1
TX000314,C0198,31.25,2024-02-07 12:28:19,Dining,Standard,39,"55,779.00",0,Low,0
TX006386,C0446,31.23,2024-02-22 15:52:28,Dining,Student,46,"15,012.00",0,Low,0
TX005939,C0282,31.23,2024-11-23 04:42:59,Fuel,Basic,45,"29,213.00",0,Low,1
TX000070,C0351,31.21,2024-04-07 17:24:36,Fuel,Standard,41,"55,511.00",0,Low,0
TX007657,C0083,31.2,2024-02-22 01:58:54,Dining,Standard,55,"31,241.00",0,Low,1
TX001568,C0049,31.19,2024-10-07 17:52:53,Dining,Standard,42,"82,699.00",0,Low,0
TX005326,C0403,31.17,2024-05-05 09:27:52,Dining,Student,38,"16,069.00",0,Low,0
TX002122,C0483,31.16,2024-07-20 08:23:51,Fuel,Basic,18,"25,155.00",0,Low,0
TX000746,C0303,31.16,2024-12-10 23:53:43,Dining,Premium,46,"96,717.00",0,Low,0
TX006003,C0170,31.14,2024-05-09 22:25:21,Groceries,Standard,28,"38,204.00",0,Low,0
TX003922,C0345,31.12,2024-03-04 10:55:27,Entertainment,Student,32,"13,483.00",0,Low,0
TX000265,C0376,31.11,2024-10-31 07:36:20,Groceries,Premium,28,"108,274.00",0,Low,0
TX001364,C0219,31.1,2024-04-14 01:09:07,Groceries,Basic,32,"31,203.00",0,Low,1
TX005403,C0298,31.1,2024-11-30 23:09:30,Dining,Standard,41,"59,796.00",0,Low,0
TX004252,C0043,31.09,2024-10-24 01:02:46,Fuel,Standard,36,"58,657.00",0,Low,1
TX001904,C0202,31.05,2024-01-30 21:11:01,Groceries,Premium,44,"30,053.00",0,Low,0
TX006502,C0285,31.05,2024-09-19 06:47:26,Dining,Basic,63,"31,439.00",0,Low,0
TX007071,C0108,31,2024-06-17 05:48:02,Groceries,Basic,40,"24,824.00",0,Low,0
TX004033,C0454,30.97,2024-02-13 00:10:42,Dining,Standard,44,"51,628.00",0,Low,1
TX002112,C0147,30.96,2024-09-15 02:48:19,Dining,Standard,23,"71,180.00",0,Low,1
TX006876,C0277,30.93,2024-02-08 11:24:03,Dining,Standard,40,"56,563.00",0,Low,0
TX001009,C0127,30.87,2024-11-05 12:46:14,Groceries,Standard,26,"54,634.00",0,Low,0
TX002157,C0188,30.83,2024-06-07 09:02:54,Groceries,Standard,37,"86,151.00",0,Low,0
TX005834,C0425,30.83,2024-08-23 19:24:31,Fuel,Standard,45,"55,849.00",0,Low,0
TX003608,C0401,30.83,2024-08-25 06:45:24,Fuel,Standard,18,"68,786.00",0,Low,0
TX004323,C0022,30.81,2024-02-17 21:59:14,Clothing,Student,35,"15,746.00",0,Low,0
TX001531,C0010,30.8,2024-04-14 05:39:12,Dining,Standard,44,"55,696.00",0,Low,0
TX004832,C0306,30.78,2024-05-16 11:53:03,Dining,Standard,39,"48,558.00",0,Low,0
TX000620,C0107,30.77,2024-04-08 21:13:40,Fuel,Premium,60,"91,788.00",0,Low,0
TX003619,C0171,30.77,2024-09-29 23:19:48,Groceries,Basic,27,"19,642.00",0,Low,0
TX006491,C0309,30.77,2024-12-21 13:21:27,Dining,Basic,44,"30,390.00",0,Low,0
TX005869,C0321,30.76,2024-05-05 12:05:59,Clothing,Standard,39,"44,897.00",0,Low,0
TX007912,C0098,30.76,2024-09-21 18:01:31,Groceries,Basic,41,"24,544.00",0,Low,0
TX000379,C0182,30.68,2024-04-24 13:54:03,Groceries,Basic,27,"26,575.00",0,Low,0
TX004194,C0459,30.66,2024-04-12 07:08:08,Dining,Premium,31,"72,704.00",0,Low,0
TX007481,C0394,30.66,2024-04-29 14:28:55,Dining,Standard,59,"22,706.00",0,Low,0
TX004461,C0246,30.64,2024-08-13 19:19:44,Dining,Basic,33,"41,005.00",0,Low,0
TX004387,C0144,30.63,2024-08-20 11:10:48,Dining,Standard,40,"70,706.00",0,Low,0
TX000435,C0248,30.61,2024-07-08 01:18:35,Dining,Student,30,"15,502.00",0,Low,1
TX004643,C0111,30.57,2024-01-05 04:09:54,Dining,Standard,18,"68,427.00",0,Low,1
TX004630,C0459,30.55,2024-09-23 17:42:53,Dining,Premium,31,"72,704.00",0,Low,0
TX003791,C0283,30.55,2024-12-16 10:46:34,Clothing,Standard,57,"40,171.00",0,Low,0
TX005572,C0123,30.53,2024-06-30 10:58:37,Groceries,Basic,54,"27,437.00",0,Low,0
TX003957,C0429,30.52,2024-02-28 19:29:28,Entertainment,Basic,50,"30,515.00",0,Low,0
TX007791,C0486,30.48,2024-08-06 14:05:35,Fuel,Basic,20,"26,096.00",0,Low,0
TX002638,C0188,30.47,2024-01-07 02:11:56,Groceries,Standard,37,"86,151.00",0,Low,1
TX005419,C0103,30.47,2024-05-03 03:40:54,Dining,Standard,33,"46,432.00",0,Low,1
TX003600,C0156,30.45,2024-12-07 11:05:08,Groceries,Student,29,"16,583.00",0,Low,0
TX001881,C0361,30.43,2024-05-27 23:26:58,Dining,Student,44,"21,690.00",0,Low,0
TX004573,C0169,30.41,2024-02-27 17:37:32,Dining,Standard,35,"49,563.00",0,Low,0
TX004572,C0401,30.35,2024-05-03 04:36:45,Dining,Standard,18,"68,786.00",1,Low,1
TX003139,C0163,30.35,2024-09-29 04:46:06,Dining,Basic,51,"34,348.00",0,Low,1
TX000332,C0061,30.33,2024-04-07 09:13:04,Clothing,Premium,32,"100,281.00",0,Low,0
TX006173,C0154,30.31,2024-02-09 10:24:04,Dining,Basic,40,"41,040.00",0,Low,0
TX000316,C0148,30.31,2024-11-18 17:01:11,Groceries,Basic,22,"29,691.00",0,Low,0
TX005615,C0027,30.3,2024-05-30 09:23:39,Dining,Student,24,"15,531.00",0,Low,0
TX006410,C0220,30.3,2024-09-09 02:22:41,Clothing,Basic,38,"32,919.00",0,Low,1
TX004463,C0237,30.25,2024-12-29 21:29:03,Fuel,Basic,18,"42,909.00",0,Low,0
TX004820,C0007,30.24,2024-08-11 08:57:31,Fuel,Premium,56,"90,862.00",0,Low,0
TX005742,C0188,30.22,2024-06-15 00:24:19,Dining,Standard,37,"86,151.00",0,Low,1
TX001776,C0224,30.22,2024-10-17 07:45:03,Dining,Basic,18,"38,405.00",0,Low,0
TX000357,C0421,30.21,2024-12-17 07:48:02,Dining,Standard,62,"39,023.00",0,Low,0
TX003706,C0339,30.18,2024-05-11 16:35:20,Dining,Student,42,"11,785.00",0,Low,0
TX001004,C0267,30.17,2024-12-22 21:54:02,Groceries,Standard,57,"34,156.00",0,Low,0
TX002835,C0245,30.12,2024-04-04 11:16:08,Dining,Standard,23,"50,536.00",0,Low,0
TX007105,C0271,30.11,2024-01-07 22:12:30,Dining,Basic,55,"41,074.00",0,Low,0
TX000325,C0075,30.11,2024-01-10 01:07:42,Dining,Basic,18,"31,024.00",0,Low,1
TX000635,C0129,30.1,2024-03-11 20:28:11,Dining,Basic,39,"43,820.00",0,Low,0
TX006882,C0019,30.1,2024-06-10 03:41:48,Dining,Premium,27,"87,141.00",0,Low,1
TX002555,C0403,30.09,2024-05-15 17:21:05,Groceries,Student,38,"16,069.00",0,Low,0
TX004933,C0393,30.09,2024-08-15 05:37:42,Groceries,Student,22,"10,586.00",0,Low,0
TX000254,C0004,30.08,2024-06-16 06:34:52,Healthcare,Student,56,"11,732.00",0,Low,0
TX001111,C0127,30.06,2024-07-29 22:33:58,Dining,Standard,26,"54,634.00",0,Low,0
TX004360,C0095,30.05,2024-01-04 08:00:05,Dining,Basic,33,"31,667.00",0,Low,0
TX003319,C0088,30.04,2024-06-27 16:41:43,Groceries,Student,41,"14,809.00",0,Low,0
TX006859,C0442,30.03,2024-04-07 15:13:23,Groceries,Standard,37,"50,462.00",0,Low,0
TX003037,C0218,30.02,2024-02-26 01:26:52,Dining,Standard,35,"62,435.00",0,Low,1
TX003081,C0340,30,2024-11-25 12:19:41,Dining,Premium,31,"139,173.00",0,Low,0
TX004926,C0458,29.98,2024-04-22 23:22:49,Dining,Basic,25,"36,073.00",0,Low,0
TX006811,C0475,29.98,2024-05-05 12:06:11,Groceries,Premium,57,"84,811.00",1,Low,0
TX002478,C0207,29.97,2024-03-16 12:49:05,Dining,Standard,44,"86,325.00",0,Low,0
TX003798,C0181,29.93,2024-12-12 13:18:51,Dining,Basic,45,"17,547.00",0,Low,0
TX004452,C0298,29.89,2024-01-04 06:13:31,Dining,Standard,41,"59,796.00",0,Low,0
TX001212,C0234,29.88,2024-07-05 03:10:48,Groceries,Student,30,"16,315.00",0,Low,1
TX001148,C0118,29.85,2024-07-26 04:07:10,Dining,Premium,23,"69,324.00",0,Low,1
TX001179,C0305,29.85,2024-09-13 20:09:36,Clothing,Standard,37,"56,878.00",0,Low,0
TX004385,C0273,29.81,2024-03-07 13:53:12,Dining,Premium,51,"107,842.00",0,Low,0
TX001888,C0411,29.79,2024-04-17 16:31:45,Groceries,Standard,46,"55,422.00",0,Low,0
TX000117,C0126,29.79,2024-04-18 22:22:34,Online Shopping,Standard,64,"46,394.00",0,Low,0
TX002350,C0440,29.78,2024-04-23 20:09:33,Dining,Standard,37,"49,943.00",0,Low,0
TX007935,C0384,29.78,2024-08-25 13:56:22,Groceries,Basic,31,"27,527.00",0,Low,0
TX002519,C0305,29.78,2024-09-24 10:39:44,Dining,Standard,37,"56,878.00",1,Low,0
TX006736,C0461,29.75,2024-01-03 03:13:13,Fuel,Standard,61,"46,806.00",0,Low,1
TX002015,C0364,29.74,2024-10-13 19:38:53,Dining,Standard,42,"54,163.00",0,Low,0
TX004685,C0043,29.73,2024-05-07 03:10:36,Groceries,Standard,36,"58,657.00",0,Low,1
TX005736,C0161,29.73,2024-06-24 02:53:55,Dining,Premium,26,"89,233.00",0,Low,1
TX007990,C0050,29.72,2024-05-16 17:56:46,Groceries,Basic,18,"21,439.00",0,Low,0
TX005991,C0226,29.71,2024-07-06 01:43:35,Entertainment,Premium,51,"125,610.00",0,Low,1
TX000726,C0483,29.7,2024-12-30 20:15:15,Fuel,Basic,18,"25,155.00",0,Low,0
TX001416,C0184,29.69,2024-06-01 01:07:55,Groceries,Basic,43,"36,801.00",0,Low,1
TX003702,C0115,29.67,2024-02-03 13:26:34,Dining,Premium,35,"129,521.00",0,Low,0
TX004445,C0166,29.66,2024-02-11 05:15:11,Dining,Standard,42,"12,271.00",0,Low,0
TX006312,C0257,29.66,2024-06-19 13:30:25,Groceries,Basic,53,"24,888.00",0,Low,0
TX005749,C0362,29.63,2024-08-19 04:36:15,Dining,Premium,56,"102,570.00",0,Low,1
TX007035,C0179,29.61,2024-09-29 11:18:27,Entertainment,Student,34,"18,985.00",0,Low,0
TX000896,C0438,29.6,2024-05-20 09:54:46,Clothing,Standard,21,"77,360.00",0,Low,0
TX001341,C0308,29.59,2024-07-13 21:56:15,Dining,Standard,30,"63,149.00",0,Low,0
TX005638,C0001,29.57,2024-10-17 18:19:46,Groceries,Basic,43,"28,663.00",0,Low,0
TX001869,C0057,29.52,2024-04-05 04:28:44,Dining,Standard,27,"36,226.00",0,Low,1
TX005380,C0111,29.5,2024-09-25 01:00:11,Groceries,Standard,18,"68,427.00",0,Low,1
TX004130,C0467,29.49,2024-12-15 04:46:26,Groceries,Basic,45,"30,956.00",0,Low,1
TX000341,C0118,29.44,2024-10-17 07:13:35,Dining,Premium,23,"69,324.00",0,Low,0
TX006880,C0057,29.43,2024-02-27 07:36:18,Dining,Standard,27,"36,226.00",0,Low,0
TX007151,C0357,29.42,2024-05-28 13:59:23,Dining,Basic,37,"14,050.00",0,Low,0
TX004362,C0068,29.4,2024-04-16 22:00:07,Groceries,Basic,50,"35,672.00",0,Low,0
TX001996,C0426,29.37,2024-04-26 09:35:46,Dining,Student,54,"17,118.00",0,Low,0
TX003353,C0098,29.37,2024-05-11 03:02:15,Healthcare,Basic,41,"24,544.00",0,Low,1
TX006940,C0466,29.36,2024-04-12 02:52:45,Dining,Basic,35,"34,634.00",1,Low,1
TX004313,C0045,29.36,2024-10-06 05:22:05,Fuel,Standard,20,"35,795.00",0,Low,0
TX000791,C0424,29.36,2024-12-02 11:33:53,Entertainment,Premium,49,"84,390.00",0,Low,0
TX003441,C0106,29.3,2024-03-07 17:56:10,Dining,Basic,42,"37,397.00",1,Low,0
TX007086,C0196,29.27,2024-11-12 01:45:11,Fuel,Student,42,"14,851.00",0,Low,1
TX003069,C0278,29.24,2024-12-20 07:22:49,Dining,Standard,30,"54,061.00",0,Low,0
TX003887,C0240,29.19,2024-05-24 19:50:16,Dining,Student,48,"18,856.00",0,Low,0
TX002973,C0314,29.18,2024-07-25 10:13:12,Dining,Student,47,"21,998.00",0,Low,0
TX005568,C0455,29.16,2024-03-03 07:14:20,Groceries,Standard,31,"37,448.00",0,Low,0
TX002946,C0060,29.14,2024-02-27 11:44:02,Groceries,Student,49,"19,469.00",0,Low,0
TX003728,C0269,29.13,2024-10-27 01:40:31,Groceries,Standard,32,"70,338.00",0,Low,1
TX001827,C0133,29.12,2024-11-18 00:27:57,Clothing,Standard,25,"64,202.00",0,Low,1
TX001746,C0171,29.1,2024-11-14 13:52:59,Groceries,Basic,27,"19,642.00",0,Low,0
TX007908,C0381,29.08,2024-02-26 11:23:10,Groceries,Premium,27,"159,579.00",0,Low,0
TX006970,C0210,29.08,2024-03-29 02:08:11,Dining,Standard,75,"39,401.00",0,Low,1
TX002550,C0093,29.06,2024-02-28 00:38:33,Dining,Premium,29,"83,371.00",0,Low,1
TX001669,C0013,29.06,2024-07-14 21:24:39,Groceries,Standard,40,"64,682.00",0,Low,0
TX001588,C0377,29.04,2024-09-15 21:44:58,Groceries,Premium,48,"57,230.00",1,Low,0
TX006751,C0242,28.99,2024-04-20 11:16:20,Dining,Premium,36,"53,171.00",0,Low,0
TX005667,C0340,28.95,2024-02-05 19:02:30,Dining,Premium,31,"139,173.00",0,Low,0
TX005906,C0327,28.92,2024-07-31 22:51:33,Dining,Basic,51,"35,070.00",0,Low,0
TX005097,C0444,28.92,2024-09-04 00:02:36,Entertainment,Student,36,"15,681.00",0,Low,1
TX007164,C0334,28.91,2024-01-31 15:02:13,Groceries,Basic,29,"47,684.00",0,Low,0
TX003361,C0050,28.88,2024-09-24 22:30:40,Fuel,Basic,18,"21,439.00",0,Low,0
TX006255,C0019,28.87,2024-07-26 08:06:46,Groceries,Premium,27,"87,141.00",0,Low,0
TX002585,C0434,28.87,2024-12-28 10:09:20,Entertainment,Basic,46,"34,799.00",0,Low,0
TX006098,C0107,28.86,2024-04-12 21:03:55,Groceries,Premium,60,"91,788.00",0,Low,0
TX004314,C0275,28.83,2024-01-31 09:16:49,Groceries,Student,26,"18,035.00",0,Low,0
TX007228,C0067,28.8,2024-01-12 07:06:01,Groceries,Basic,37,"31,572.00",0,Low,0
TX001508,C0231,28.77,2024-10-11 03:47:40,Entertainment,Premium,29,"99,079.00",0,Low,1
TX001280,C0447,28.75,2024-08-24 06:23:41,Fuel,Student,42,"16,747.00",0,Low,0
TX007184,C0022,28.73,2024-11-02 09:54:44,Entertainment,Student,35,"15,746.00",0,Low,0
TX007523,C0164,28.72,2024-08-01 03:30:32,Groceries,Premium,28,"78,881.00",0,Low,1
TX005331,C0360,28.68,2024-09-24 20:12:55,Dining,Basic,28,"20,322.00",0,Low,0
TX007519,C0389,28.59,2024-02-19 00:44:00,Groceries,Standard,49,"43,210.00",0,Low,1
TX002960,C0393,28.59,2024-09-08 07:14:46,Entertainment,Student,22,"10,586.00",0,Low,0
TX002786,C0138,28.52,2024-09-12 18:21:22,Groceries,Student,34,"17,588.00",0,Low,0
TX005603,C0273,28.51,2024-01-03 07:37:20,Groceries,Premium,51,"107,842.00",0,Low,0
TX005264,C0177,28.49,2024-05-19 06:30:35,Groceries,Standard,38,"56,152.00",0,Low,0
TX000828,C0286,28.47,2024-07-02 08:04:13,Groceries,Basic,18,"41,136.00",0,Low,0
TX003752,C0447,28.45,2024-12-09 00:13:11,Entertainment,Student,42,"16,747.00",0,Low,1
TX003566,C0045,28.43,2024-12-15 00:13:37,Dining,Standard,20,"35,795.00",0,Low,1
TX001584,C0425,28.41,2024-02-15 07:39:05,Groceries,Standard,45,"55,849.00",0,Low,0
TX001511,C0321,28.4,2024-07-26 01:03:47,Dining,Standard,39,"44,897.00",0,Low,1
TX002151,C0254,28.38,2024-05-18 10:21:10,Dining,Standard,50,"42,295.00",0,Low,0
TX002797,C0247,28.37,2024-05-28 09:02:59,Dining,Standard,32,"52,749.00",0,Low,0
TX005118,C0410,28.36,2024-04-10 23:26:59,Entertainment,Premium,44,"63,045.00",0,Low,0
TX000701,C0041,28.35,2024-08-24 09:16:48,Fuel,Standard,46,"39,681.00",0,Low,0
TX004356,C0077,28.32,2024-01-04 00:51:28,Groceries,Standard,39,"67,609.00",0,Low,1
TX003018,C0054,28.29,2024-08-11 23:31:40,Fuel,Basic,45,"31,946.00",0,Low,0
TX002242,C0292,28.28,2024-12-23 00:47:45,Groceries,Basic,32,"28,202.00",0,Low,1
TX002583,C0203,28.26,2024-10-01 21:39:44,Groceries,Basic,50,"37,330.00",1,Low,0
TX001736,C0409,28.24,2024-01-12 12:33:27,Fuel,Standard,39,"63,047.00",0,Low,0
TX004388,C0016,28.21,2024-08-13 11:18:34,Dining,Standard,31,"58,287.00",0,Low,0
TX003367,C0271,28.2,2024-11-15 22:31:35,Dining,Basic,55,"41,074.00",0,Low,0
TX005687,C0482,28.19,2024-02-19 19:45:11,Groceries,Basic,26,"38,319.00",0,Low,0
TX007309,C0092,28.19,2024-12-23 00:07:03,Clothing,Basic,49,"37,018.00",0,Low,1
TX002544,C0127,28.13,2024-01-01 05:55:16,Groceries,Standard,26,"54,634.00",0,Low,0
TX005532,C0090,28.11,2024-09-19 16:54:50,Dining,Standard,44,"37,624.00",0,Low,0
TX001748,C0228,28.1,2024-01-23 17:35:02,Dining,Standard,25,"37,854.00",0,Low,0
TX001406,C0298,28.1,2024-02-10 11:06:54,Entertainment,Standard,41,"59,796.00",0,Low,0
TX004132,C0416,28.1,2024-10-23 19:10:14,Groceries,Premium,29,"114,532.00",0,Low,0
TX005682,C0442,28.09,2024-12-22 01:52:10,Groceries,Standard,37,"50,462.00",0,Low,1
TX002914,C0239,28.08,2024-07-24 12:50:01,Fuel,Standard,30,"51,337.00",0,Low,0
TX006771,C0165,28.07,2024-09-13 10:45:33,Dining,Standard,49,"66,575.00",0,Low,0
TX001207,C0155,28.05,2024-05-03 22:08:10,Groceries,Premium,41,"71,233.00",0,Low,0
TX005463,C0367,28.01,2024-05-01 10:03:19,Groceries,Student,40,"17,155.00",0,Low,0
TX005580,C0165,27.98,2024-04-28 08:17:53,Dining,Standard,49,"66,575.00",0,Low,0
TX001551,C0205,27.98,2024-10-16 16:46:49,Dining,Standard,21,"69,970.00",0,Low,0
TX007885,C0298,27.95,2024-03-02 05:37:49,Fuel,Standard,41,"59,796.00",0,Low,0
TX004738,C0267,27.9,2024-11-12 14:30:55,Fuel,Standard,57,"34,156.00",0,Low,0
TX004081,C0370,27.85,2024-05-20 06:41:45,Dining,Basic,28,"18,690.00",0,Low,0
TX004059,C0280,27.85,2024-08-28 15:19:03,Dining,Student,33,"13,877.00",0,Low,0
TX007952,C0352,27.83,2024-01-05 12:04:31,Groceries,Standard,55,"43,450.00",0,Low,0
TX001825,C0393,27.81,2024-11-29 07:53:32,Dining,Student,22,"10,586.00",0,Low,0
TX001680,C0459,27.78,2024-01-27 20:08:17,Fuel,Premium,31,"72,704.00",0,Low,0
TX007442,C0149,27.78,2024-03-04 13:31:27,Fuel,Student,44,"14,309.00",0,Low,0
TX001662,C0462,27.77,2024-03-19 12:39:54,Dining,Premium,38,"101,754.00",0,Low,0
TX005909,C0002,27.77,2024-04-11 10:38:31,Dining,Basic,36,"31,173.00",0,Low,0
TX006419,C0110,27.77,2024-11-12 10:30:27,Dining,Student,37,"16,573.00",1,Low,0
TX006217,C0337,27.75,2024-09-03 09:12:55,Groceries,Standard,28,"53,675.00",0,Low,0
TX004939,C0161,27.74,2024-11-18 04:28:39,Dining,Premium,26,"89,233.00",0,Low,1
TX001085,C0084,27.71,2024-05-31 20:04:09,Fuel,Standard,31,"66,406.00",0,Low,0
TX007988,C0134,27.65,2024-09-24 13:26:59,Dining,Basic,43,"21,817.00",0,Low,0
TX006277,C0387,27.6,2024-11-02 17:43:59,Dining,Student,42,"17,832.00",0,Low,0
TX002430,C0169,27.6,2024-12-17 19:08:34,Dining,Standard,35,"49,563.00",0,Low,0
TX001532,C0484,27.58,2024-11-30 12:21:18,Dining,Standard,40,"82,390.00",0,Low,0
TX000308,C0459,27.56,2024-11-24 03:04:40,Dining,Premium,31,"72,704.00",0,Low,1
TX000064,C0488,27.5,2024-09-06 21:13:15,Dining,Student,25,"12,577.00",0,Low,0
TX000709,C0176,27.42,2024-04-15 08:13:43,Dining,Standard,47,"62,155.00",0,Low,0
TX007534,C0087,27.41,2024-08-23 13:18:30,Fuel,Standard,48,"40,495.00",0,Low,0
TX001984,C0242,27.37,2024-09-13 16:47:15,Dining,Premium,36,"53,171.00",0,Low,0
TX005712,C0214,27.34,2024-11-21 12:21:58,Fuel,Standard,45,"83,710.00",0,Low,0
TX002455,C0439,27.33,2024-09-19 10:16:00,Dining,Standard,18,"57,230.00",0,Low,0
TX002040,C0113,27.32,2024-09-02 21:21:57,Dining,Premium,38,"121,486.00",0,Low,0
TX001057,C0084,27.26,2024-06-23 19:52:53,Fuel,Standard,31,"66,406.00",0,Low,0
TX002413,C0338,27.24,2024-02-20 07:43:03,Groceries,Premium,34,"167,391.00",0,Low,0
TX005521,C0383,27.23,2024-05-20 05:16:25,Dining,Standard,18,"57,880.00",0,Low,0
TX002436,C0433,27.19,2024-06-27 09:00:27,Dining,Student,34,"10,161.00",0,Low,0
TX000724,C0418,27.11,2024-07-28 22:44:39,Dining,Standard,39,"63,367.00",0,Low,0
TX001316,C0310,27.07,2024-02-20 05:04:20,Fuel,Standard,35,"55,608.00",0,Low,0
TX005989,C0071,27.07,2024-09-10 09:35:13,Groceries,Standard,42,"44,854.00",0,Low,0
TX006447,C0084,27.06,2024-09-11 22:42:14,Entertainment,Standard,31,"66,406.00",0,Low,0
TX001530,C0074,27.05,2024-12-29 16:09:30,Dining,Basic,56,"18,553.00",0,Low,0
TX004833,C0230,26.97,2024-11-07 00:39:13,Dining,Standard,46,"37,804.00",0,Low,1
TX005327,C0481,26.96,2024-10-11 03:53:51,Groceries,Standard,36,"44,963.00",0,Low,1
TX001217,C0125,26.93,2024-10-24 11:43:27,Fuel,Standard,45,"62,842.00",0,Low,0
TX002525,C0420,26.91,2024-07-14 01:33:29,Fuel,Basic,38,"19,505.00",0,Low,1
TX006427,C0279,26.91,2024-10-27 06:55:10,Dining,Premium,38,"67,381.00",0,Low,0
TX002259,C0126,26.9,2024-02-09 01:04:40,Groceries,Standard,64,"46,394.00",0,Low,1
TX005711,C0320,26.89,2024-07-30 12:07:52,Dining,Premium,36,"127,432.00",0,Low,0
TX001461,C0479,26.82,2024-05-10 07:05:37,Groceries,Student,74,"20,884.00",0,Low,0
TX003392,C0420,26.79,2024-02-12 23:21:17,Fuel,Basic,38,"19,505.00",0,Low,0
TX007763,C0349,26.78,2024-11-18 00:49:33,Dining,Basic,29,"24,805.00",0,Low,1
TX000799,C0083,26.73,2024-07-04 07:46:55,Entertainment,Standard,55,"31,241.00",0,Low,0
TX003193,C0048,26.72,2024-09-30 08:53:58,Dining,Student,50,"14,603.00",0,Low,0
TX006034,C0481,26.7,2024-10-30 11:12:20,Groceries,Standard,36,"44,963.00",0,Low,0
TX002740,C0426,26.6,2024-08-15 07:00:19,Dining,Student,54,"17,118.00",0,Low,0
TX005205,C0328,26.54,2024-03-27 04:42:42,Fuel,Standard,47,"61,206.00",0,Low,1
TX001761,C0092,26.54,2024-08-22 19:23:15,Fuel,Basic,49,"37,018.00",0,Low,0
TX006580,C0151,26.49,2024-04-25 04:09:21,Dining,Standard,41,"64,784.00",0,Low,1
TX004702,C0211,26.42,2024-01-20 21:45:10,Entertainment,Student,44,"17,451.00",0,Low,0
TX003518,C0220,26.38,2024-01-01 01:29:12,Entertainment,Basic,38,"32,919.00",0,Low,1
TX005000,C0215,26.38,2024-05-09 03:45:19,Dining,Basic,34,"28,474.00",0,Low,1
TX001599,C0162,26.35,2024-07-02 10:32:26,Dining,Standard,47,"72,590.00",0,Low,0
TX001068,C0285,26.35,2024-07-19 03:36:08,Dining,Basic,63,"31,439.00",0,Low,1
TX007145,C0004,26.19,2024-06-28 22:29:59,Entertainment,Student,56,"11,732.00",0,Low,0
TX000576,C0307,26.19,2024-10-21 23:49:30,Fuel,Standard,53,"56,834.00",0,Low,0
TX001602,C0100,26.18,2024-02-26 06:44:30,Groceries,Standard,35,"50,783.00",0,Low,0
TX001948,C0358,26.16,2024-05-19 14:31:17,Dining,Student,34,"16,496.00",0,Low,0
TX001805,C0214,26.16,2024-09-18 20:03:23,Dining,Standard,45,"83,710.00",0,Low,0
TX000252,C0119,26.14,2024-10-01 10:19:58,Groceries,Standard,51,"81,039.00",0,Low,0
TX001238,C0059,26.13,2024-06-10 09:44:33,Dining,Basic,41,"29,342.00",0,Low,0
TX007138,C0393,26.11,2024-04-28 08:08:52,Dining,Student,22,"10,586.00",0,Low,0
TX001178,C0395,26.08,2024-05-18 18:37:02,Dining,Student,52,"16,554.00",1,Low,0
TX000061,C0164,26.06,2024-12-27 04:13:28,Groceries,Premium,28,"78,881.00",0,Low,1
TX001597,C0137,26.01,2024-04-20 12:44:36,Groceries,Premium,28,"101,976.00",0,Low,0
TX005588,C0048,26.01,2024-05-02 11:00:45,Dining,Student,50,"14,603.00",0,Low,0
TX007239,C0416,25.96,2024-01-04 01:51:31,Clothing,Premium,29,"114,532.00",0,Low,1
TX007198,C0013,25.96,2024-04-12 00:03:16,Dining,Standard,40,"64,682.00",0,Low,1
TX005964,C0067,25.96,2024-04-20 22:17:23,Dining,Basic,37,"31,572.00",0,Low,0
TX006818,C0092,25.96,2024-08-27 18:57:11,Groceries,Basic,49,"37,018.00",0,Low,0
TX004274,C0270,25.94,2024-11-20 17:10:48,Dining,Standard,39,"91,596.00",0,Low,0
TX001593,C0121,25.93,2024-04-01 11:18:09,Dining,Basic,47,"24,788.00",0,Low,0
TX000943,C0262,25.91,2024-10-21 08:50:21,Dining,Premium,37,"157,573.00",0,Low,0
TX000404,C0394,25.88,2024-11-24 22:20:38,Groceries,Standard,59,"22,706.00",0,Low,0
TX000403,C0120,25.84,2024-06-21 17:06:39,Dining,Basic,47,"31,583.00",1,Low,0
TX006787,C0308,25.72,2024-07-21 07:42:27,Fuel,Standard,30,"63,149.00",0,Low,0
TX001587,C0428,25.68,2024-04-27 18:30:29,Dining,Standard,46,"62,297.00",0,Low,0
TX000336,C0461,25.58,2024-11-09 09:16:36,Dining,Standard,61,"46,806.00",0,Low,0
TX003314,C0440,25.56,2024-01-02 17:17:24,Entertainment,Standard,37,"49,943.00",0,Low,0
TX004337,C0441,25.54,2024-08-06 02:50:15,Healthcare,Basic,42,"25,092.00",0,Low,1
TX006437,C0455,25.52,2024-11-12 06:03:16,Clothing,Standard,31,"37,448.00",0,Low,0
TX004855,C0008,25.51,2024-09-25 09:30:23,Dining,Standard,47,"74,176.00",0,Low,0
TX007731,C0012,25.49,2024-05-22 15:50:29,Dining,Standard,32,"66,193.00",0,Low,0
TX003253,C0431,25.46,2024-12-30 01:49:45,Dining,Student,23,"11,242.00",0,Low,1
TX002500,C0315,25.45,2024-10-29 09:30:02,Entertainment,Basic,53,"20,049.00",0,Low,0
TX005259,C0090,25.39,2024-03-26 20:42:45,Dining,Standard,44,"37,624.00",0,Low,0
TX005081,C0377,25.37,2024-10-13 12:06:33,Fuel,Premium,48,"57,230.00",0,Low,0
TX004160,C0083,25.37,2024-12-05 23:01:51,Dining,Standard,55,"31,241.00",0,Low,0
TX001769,C0222,25.35,2024-04-18 15:06:12,Fuel,Standard,18,"54,135.00",0,Low,0
TX004171,C0482,25.35,2024-11-14 13:13:27,Groceries,Basic,26,"38,319.00",0,Low,0
TX002501,C0150,25.29,2024-10-04 22:30:31,Fuel,Student,41,"18,534.00",0,Low,0
TX003335,C0373,25.2,2024-08-16 17:46:38,Dining,Premium,55,"67,934.00",0,Low,0
TX002271,C0308,25.11,2024-04-27 01:01:36,Dining,Standard,30,"63,149.00",0,Low,1
TX001883,C0248,25.08,2024-11-22 17:14:12,Dining,Student,30,"15,502.00",0,Low,0
TX007596,C0207,25.06,2024-09-07 07:16:55,Dining,Standard,44,"86,325.00",0,Low,0
TX006772,C0405,25.06,2024-12-17 19:28:25,Dining,Basic,32,"24,655.00",0,Low,0
TX006454,C0254,25.03,2024-01-10 23:35:37,Fuel,Standard,50,"42,295.00",0,Low,0
TX007694,C0336,25.03,2024-06-29 02:57:04,Groceries,Basic,36,"19,041.00",0,Low,1
TX005563,C0283,25,2024-03-03 20:54:04,Dining,Standard,57,"40,171.00",0,Low,0
TX006494,C0057,24.94,2024-03-02 14:18:07,Dining,Standard,27,"36,226.00",0,Low,0
TX005272,C0028,24.93,2024-02-26 07:22:53,Clothing,Basic,42,"24,399.00",0,Low,0
TX005379,C0146,24.93,2024-03-17 23:06:18,Clothing,Basic,47,"26,328.00",0,Low,0
TX007193,C0216,24.93,2024-04-19 17:35:30,Dining,Standard,47,"58,261.00",0,Low,0
TX005730,C0125,24.93,2024-09-24 02:26:52,Groceries,Standard,45,"62,842.00",0,Low,1
TX001759,C0465,24.91,2024-10-08 18:37:49,Groceries,Student,36,"14,938.00",0,Low,0
TX003602,C0189,24.86,2024-03-14 07:47:18,Dining,Premium,27,"101,458.00",0,Low,0
TX004086,C0060,24.8,2024-08-06 01:51:34,Entertainment,Student,49,"19,469.00",0,Low,1
TX001952,C0390,24.8,2024-09-06 04:43:04,Clothing,Premium,31,"50,063.00",0,Low,1
TX006801,C0480,24.79,2024-11-21 21:36:15,Fuel,Standard,51,"51,860.00",0,Low,0
TX006699,C0423,24.77,2024-11-03 03:52:20,Dining,Basic,35,"25,123.00",0,Low,1
TX000323,C0078,24.75,2024-10-22 22:21:36,Groceries,Student,34,"12,389.00",0,Low,0
TX007373,C0447,24.67,2024-08-20 15:18:22,Groceries,Student,42,"16,747.00",0,Low,0
TX000464,C0341,24.59,2024-04-26 16:39:20,Dining,Student,28,"21,710.00",0,Low,0
TX005750,C0472,24.59,2024-11-10 00:57:07,Fuel,Standard,18,"41,000.00",0,Low,1
TX000091,C0278,24.53,2024-02-10 00:31:34,Groceries,Standard,30,"54,061.00",0,Low,1
TX002658,C0256,24.53,2024-05-22 14:48:28,Groceries,Standard,32,"22,699.00",0,Low,0
TX007744,C0433,24.49,2024-08-21 23:16:00,Dining,Student,34,"10,161.00",1,Low,0
TX005457,C0467,24.48,2024-10-08 00:09:11,Dining,Basic,45,"30,956.00",0,Low,1
TX000559,C0387,24.47,2024-10-12 15:53:08,Dining,Student,42,"17,832.00",0,Low,0
TX004968,C0196,24.45,2024-03-05 18:11:34,Dining,Student,42,"14,851.00",0,Low,0
TX004904,C0383,24.4,2024-10-17 17:13:09,Dining,Standard,18,"57,880.00",0,Low,0
TX000324,C0124,24.33,2024-11-17 17:12:21,Dining,Standard,21,"61,362.00",0,Low,0
TX007065,C0135,24.31,2024-10-12 04:37:13,Dining,Standard,26,"51,139.00",0,Low,1
TX006279,C0454,24.29,2024-04-14 21:14:04,Groceries,Standard,44,"51,628.00",0,Low,0
TX003879,C0056,24.2,2024-10-09 22:43:40,Groceries,Standard,49,"60,280.00",0,Low,0
TX005041,C0343,24.19,2024-06-24 17:54:02,Dining,Standard,40,"63,534.00",0,Low,0
TX005540,C0328,24.18,2024-06-12 23:55:54,Dining,Standard,47,"61,206.00",0,Low,0
TX005350,C0030,24.13,2024-07-03 13:01:18,Dining,Standard,34,"32,152.00",0,Low,0
TX001927,C0492,24.1,2024-10-21 12:34:42,Dining,Student,55,"21,246.00",0,Low,0
TX000840,C0443,24.07,2024-12-19 18:13:25,Dining,Premium,18,"78,354.00",0,Low,0
TX002185,C0343,23.9,2024-05-22 01:00:42,Dining,Standard,40,"63,534.00",0,Low,1
TX005407,C0141,23.88,2024-12-01 02:02:53,Dining,Basic,40,"20,193.00",0,Low,1
TX001988,C0044,23.83,2024-03-26 12:48:43,Dining,Premium,34,"73,077.00",0,Low,0
TX002926,C0333,23.68,2024-12-01 00:46:14,Dining,Basic,38,"37,711.00",0,Low,1
TX003653,C0288,23.62,2024-12-22 04:12:25,Groceries,Premium,45,"42,884.00",1,Low,1
TX007557,C0024,23.55,2024-11-29 00:28:15,Fuel,Standard,20,"57,911.00",0,Low,1
TX003430,C0316,23.53,2024-10-03 17:52:01,Dining,Standard,38,"44,606.00",0,Low,0
TX000134,C0285,23.5,2024-12-11 15:16:37,Groceries,Basic,63,"31,439.00",0,Low,0
TX000752,C0313,23.49,2024-12-20 02:49:05,Dining,Basic,47,"18,779.00",0,Low,1
TX007522,C0042,23.46,2024-05-08 07:47:47,Dining,Standard,40,"65,625.00",0,Low,0
TX007023,C0254,23.39,2024-06-27 16:22:47,Dining,Standard,50,"42,295.00",0,Low,0
TX001231,C0134,23.38,2024-07-25 00:56:52,Dining,Basic,43,"21,817.00",1,Low,1
TX002762,C0407,23.34,2024-03-27 22:20:53,Dining,Standard,25,"52,375.00",0,Low,0
TX004198,C0214,23.3,2024-10-18 17:36:16,Groceries,Standard,45,"83,710.00",0,Low,0
TX006784,C0420,23.29,2024-11-05 17:52:42,Fuel,Basic,38,"19,505.00",0,Low,0
TX002677,C0341,23.28,2024-02-29 19:10:25,Dining,Student,28,"21,710.00",0,Low,0
TX007331,C0476,23.27,2024-08-14 03:24:10,Dining,Standard,35,"80,675.00",0,Low,1
TX007947,C0367,23.25,2024-09-05 14:08:32,Groceries,Student,40,"17,155.00",0,Low,0
TX004276,C0071,23.2,2024-04-14 13:56:47,Dining,Standard,42,"44,854.00",0,Low,0
TX003231,C0428,23.16,2024-08-24 06:43:01,Dining,Standard,46,"62,297.00",0,Low,0
TX000047,C0292,23.12,2024-02-06 20:46:21,Dining,Basic,32,"28,202.00",0,Low,0
TX006385,C0375,23.1,2024-06-03 08:19:56,Entertainment,Standard,63,"71,369.00",0,Low,0
TX006441,C0258,23.08,2024-05-30 17:32:28,Dining,Standard,29,"35,153.00",0,Low,0
TX003598,C0229,23.07,2024-11-10 03:47:53,Groceries,Basic,29,"43,067.00",0,Low,1
TX003827,C0469,23.06,2024-02-05 20:15:10,Fuel,Premium,31,"125,897.00",0,Low,0
TX006682,C0116,23.05,2024-06-04 11:54:35,Dining,Standard,41,"57,963.00",0,Low,0
TX000138,C0029,23.03,2024-10-04 14:52:29,Dining,Basic,30,"39,560.00",0,Low,0
TX001783,C0313,23.03,2024-12-14 10:22:25,Fuel,Basic,47,"18,779.00",0,Low,0
TX005915,C0140,23.02,2024-07-05 19:15:31,Groceries,Basic,23,"42,591.00",0,Low,0
TX003138,C0347,23,2024-03-27 17:11:40,Entertainment,Basic,20,"25,346.00",0,Low,0
TX003950,C0090,22.99,2024-06-23 18:24:58,Entertainment,Standard,44,"37,624.00",0,Low,0
TX004613,C0450,22.97,2024-05-13 23:38:46,Dining,Basic,25,"18,120.00",1,Low,0
TX006397,C0200,22.97,2024-09-06 04:47:19,Dining,Standard,24,"53,789.00",0,Low,1
TX001958,C0125,22.96,2024-07-15 02:23:03,Entertainment,Standard,45,"62,842.00",0,Low,1
TX006406,C0289,22.9,2024-08-09 02:56:13,Dining,Premium,41,"60,311.00",1,Low,1
TX001255,C0342,22.82,2024-11-22 23:52:49,Dining,Standard,40,"46,696.00",0,Low,0
TX002338,C0452,22.81,2024-05-22 18:20:07,Dining,Standard,49,"69,014.00",0,Low,0
TX001749,C0378,22.8,2024-02-20 09:36:09,Dining,Basic,40,"27,468.00",0,Low,0
TX001810,C0413,22.75,2024-12-05 02:54:47,Dining,Standard,19,"71,288.00",0,Low,1
TX004542,C0294,22.75,2024-12-08 11:00:58,Dining,Basic,48,"22,253.00",0,Low,0
TX006472,C0013,22.63,2024-04-26 13:56:10,Groceries,Standard,40,"64,682.00",1,Low,0
TX002942,C0059,22.62,2024-05-24 09:25:01,Groceries,Basic,41,"29,342.00",1,Low,0
TX006181,C0212,22.52,2024-09-04 12:13:16,Dining,Student,51,"10,786.00",0,Low,0
TX000473,C0383,22.51,2024-05-31 18:10:56,Dining,Standard,18,"57,880.00",0,Low,0
TX003920,C0031,22.4,2024-04-06 02:38:55,Fuel,Basic,30,"25,528.00",0,Low,1
TX004839,C0437,22.39,2024-01-06 11:31:29,Fuel,Standard,57,"51,798.00",0,Low,0
TX003624,C0055,22.39,2024-07-09 19:06:52,Fuel,Standard,50,"51,381.00",0,Low,0
TX005194,C0126,22.38,2024-08-14 14:51:48,Clothing,Standard,64,"46,394.00",0,Low,0
TX004720,C0448,22.37,2024-09-12 01:05:44,Dining,Standard,26,"72,859.00",0,Low,1
TX005280,C0331,22.35,2024-06-08 09:47:58,Entertainment,Standard,37,"55,657.00",0,Low,0
TX007954,C0072,22.31,2024-08-23 04:55:16,Dining,Standard,56,"82,014.00",0,Low,1
TX002800,C0127,22.3,2024-03-16 18:53:36,Groceries,Standard,26,"54,634.00",0,Low,0
TX007951,C0026,22.28,2024-11-03 03:40:45,Dining,Basic,39,"21,787.00",0,Low,1
TX003682,C0407,22.25,2024-04-30 15:43:48,Dining,Standard,25,"52,375.00",0,Low,0
TX001006,C0147,22.23,2024-05-25 07:42:11,Dining,Standard,23,"71,180.00",0,Low,0
TX006468,C0218,22.2,2024-10-05 13:18:19,Dining,Standard,35,"62,435.00",0,Low,0
TX004327,C0420,22.17,2024-11-10 00:49:51,Entertainment,Basic,38,"19,505.00",0,Low,1
TX006348,C0228,22.16,2024-04-04 07:33:22,Groceries,Standard,25,"37,854.00",0,Low,0
TX004989,C0224,22.16,2024-08-17 13:51:09,Dining,Basic,18,"38,405.00",0,Low,0
TX000412,C0070,22.11,2024-10-01 03:58:12,Dining,Basic,30,"41,520.00",0,Low,1
TX007501,C0014,22.09,2024-09-10 11:54:17,Groceries,Student,18,"23,653.00",0,Low,0
TX007591,C0016,22.07,2024-01-04 12:48:24,Fuel,Standard,31,"58,287.00",0,Low,0
TX003053,C0166,22.05,2024-02-03 06:21:32,Fuel,Standard,42,"12,271.00",0,Low,0
TX002132,C0164,22.05,2024-02-09 01:27:50,Dining,Premium,28,"78,881.00",0,Low,1
TX002985,C0211,22.02,2024-06-12 00:28:41,Dining,Student,44,"17,451.00",0,Low,1
TX000411,C0205,22.02,2024-10-25 17:23:22,Dining,Standard,21,"69,970.00",0,Low,0
TX001658,C0303,21.97,2024-01-09 11:01:27,Dining,Premium,46,"96,717.00",0,Low,0
TX004892,C0066,21.97,2024-09-11 01:57:35,Groceries,Basic,54,"40,633.00",0,Low,1
TX000586,C0085,21.92,2024-03-30 00:14:37,Groceries,Basic,28,"36,286.00",0,Low,1
TX001472,C0290,21.91,2024-06-30 02:44:24,Dining,Student,30,"18,763.00",0,Low,1
TX001967,C0247,21.87,2024-07-13 03:44:18,Groceries,Standard,32,"52,749.00",1,Low,1
TX005554,C0312,21.87,2024-12-03 13:23:11,Dining,Standard,51,"45,056.00",0,Low,0
TX006824,C0213,21.86,2024-09-02 16:25:11,Fuel,Standard,49,"45,643.00",0,Low,0
TX005593,C0446,21.84,2024-07-20 23:51:06,Dining,Student,46,"15,012.00",0,Low,0
TX005323,C0329,21.83,2024-10-18 07:20:26,Dining,Basic,45,"28,517.00",0,Low,0
TX004393,C0107,21.82,2024-01-19 02:46:37,Dining,Premium,60,"91,788.00",0,Low,1
TX001000,C0041,21.79,2024-11-08 05:44:37,Dining,Standard,46,"39,681.00",0,Low,0
TX000629,C0137,21.74,2024-06-25 17:34:46,Fuel,Premium,28,"101,976.00",0,Low,0
TX002130,C0447,21.74,2024-10-21 06:01:44,Dining,Student,42,"16,747.00",0,Low,0
TX005616,C0271,21.74,2024-12-08 09:39:53,Dining,Basic,55,"41,074.00",0,Low,0
TX000728,C0248,21.73,2024-04-08 08:54:59,Dining,Student,30,"15,502.00",0,Low,0
TX005447,C0070,21.72,2024-11-23 00:58:27,Dining,Basic,30,"41,520.00",0,Low,1
TX007690,C0310,21.72,2024-11-30 10:45:21,Fuel,Standard,35,"55,608.00",0,Low,0
TX007074,C0358,21.68,2024-11-12 05:11:13,Fuel,Student,34,"16,496.00",0,Low,0
TX005802,C0179,21.57,2024-12-11 01:24:00,Dining,Student,34,"18,985.00",0,Low,1
TX003501,C0077,21.53,2024-12-20 02:28:14,Dining,Standard,39,"67,609.00",0,Low,1
TX001637,C0011,21.52,2024-05-15 05:55:55,Groceries,Standard,32,"34,602.00",0,Low,0
TX004562,C0337,21.52,2024-05-31 13:01:01,Dining,Standard,28,"53,675.00",0,Low,0
TX004612,C0278,21.49,2024-02-20 12:27:20,Dining,Standard,30,"54,061.00",0,Low,0
TX002591,C0016,21.42,2024-09-20 16:30:16,Fuel,Standard,31,"58,287.00",0,Low,0
TX000703,C0431,21.4,2024-10-28 17:17:20,Groceries,Student,23,"11,242.00",0,Low,0
TX003831,C0294,21.31,2024-02-16 19:09:52,Groceries,Basic,48,"22,253.00",0,Low,0
TX002014,C0451,21.24,2024-09-02 00:57:37,Fuel,Basic,37,"9,568.00",1,Low,1
TX006895,C0127,21.23,2024-05-04 13:57:49,Dining,Standard,26,"54,634.00",0,Low,0
TX005871,C0385,21.23,2024-07-16 01:13:52,Dining,Standard,28,"57,003.00",0,Low,1
TX002387,C0019,21.18,2024-11-14 06:32:20,Dining,Premium,27,"87,141.00",0,Low,0
TX005451,C0082,21.18,2024-12-07 16:57:17,Dining,Standard,42,"18,641.00",0,Low,0
TX005220,C0343,21.17,2024-10-08 12:58:04,Dining,Standard,40,"63,534.00",0,Low,0
TX007620,C0455,21.15,2024-02-04 00:47:44,Fuel,Standard,31,"37,448.00",0,Low,1
TX006712,C0215,21.14,2024-01-30 20:18:04,Dining,Basic,34,"28,474.00",0,Low,0
TX002598,C0127,21.13,2024-02-06 16:04:27,Groceries,Standard,26,"54,634.00",0,Low,0
TX003302,C0340,21.07,2024-03-14 02:35:53,Groceries,Premium,31,"139,173.00",0,Low,1
TX004756,C0377,21.06,2024-02-27 07:21:57,Entertainment,Premium,48,"57,230.00",0,Low,0
TX006265,C0069,21.03,2024-02-06 12:29:47,Dining,Premium,42,"87,307.00",0,Low,0
TX002956,C0386,21.02,2024-03-22 11:33:28,Groceries,Basic,39,"28,780.00",0,Low,0
TX002748,C0313,20.97,2024-03-30 11:18:41,Dining,Basic,47,"18,779.00",0,Low,0
TX004626,C0423,20.95,2024-07-29 07:47:46,Entertainment,Basic,35,"25,123.00",0,Low,0
TX004696,C0299,20.93,2024-10-25 15:11:09,Groceries,Standard,47,"31,105.00",1,Low,0
TX005496,C0042,20.92,2024-06-08 03:51:54,Dining,Standard,40,"65,625.00",0,Low,1
TX005336,C0381,20.9,2024-01-13 21:27:28,Dining,Premium,27,"159,579.00",0,Low,0
TX001564,C0127,20.9,2024-04-22 21:23:12,Dining,Standard,26,"54,634.00",0,Low,0
TX005425,C0157,20.8,2024-01-05 08:46:55,Dining,Student,60,"16,976.00",0,Low,0
TX004677,C0441,20.77,2024-03-30 21:06:48,Entertainment,Basic,42,"25,092.00",0,Low,0
TX001289,C0435,20.77,2024-05-01 16:15:05,Fuel,Basic,56,"42,246.00",0,Low,0
TX005414,C0130,20.75,2024-10-09 04:48:10,Groceries,Standard,31,"61,544.00",0,Low,1
TX006206,C0412,20.65,2024-06-16 18:35:19,Entertainment,Standard,24,"54,863.00",0,Low,0
TX004158,C0279,20.61,2024-10-26 16:36:51,Dining,Premium,38,"67,381.00",0,Low,0
TX006466,C0194,20.53,2024-12-19 22:15:42,Dining,Basic,23,"28,429.00",0,Low,0
TX004377,C0322,20.51,2024-11-28 03:12:02,Dining,Basic,45,"32,231.00",0,Low,1
TX007647,C0056,20.5,2024-06-06 18:04:40,Dining,Standard,49,"60,280.00",0,Low,0
TX007857,C0300,20.45,2024-06-10 11:04:53,Groceries,Premium,45,"103,214.00",0,Low,0
TX007936,C0434,20.32,2024-12-04 04:18:15,Dining,Basic,46,"34,799.00",0,Low,1
TX005009,C0378,20.2,2024-12-23 10:17:49,Fuel,Basic,40,"27,468.00",0,Low,0
TX000862,C0432,20.18,2024-06-10 22:37:26,Dining,Standard,18,"52,838.00",0,Low,0
TX007192,C0396,20.15,2024-07-24 12:35:40,Groceries,Basic,32,"49,943.00",0,Low,0
TX007404,C0164,20.11,2024-05-04 15:59:41,Fuel,Premium,28,"78,881.00",0,Low,0
TX000699,C0180,20.09,2024-06-04 04:13:02,Dining,Standard,70,"47,593.00",0,Low,1
TX006885,C0193,20.01,2024-02-06 05:49:03,Fuel,Premium,40,"82,228.00",1,Low,0
TX006011,C0015,19.77,2024-10-01 17:01:32,Entertainment,Premium,18,"80,766.00",0,Low,0
TX004378,C0187,19.76,2024-10-21 18:21:23,Dining,Premium,43,"80,350.00",0,Low,0
TX002369,C0283,19.71,2024-07-23 08:16:36,Fuel,Standard,57,"40,171.00",0,Low,0
TX002663,C0088,19.69,2024-09-12 00:24:02,Groceries,Student,41,"14,809.00",0,Low,1
TX007827,C0062,19.58,2024-05-16 16:49:37,Dining,Basic,35,"33,654.00",0,Low,0
TX000478,C0081,19.49,2024-09-10 20:46:52,Dining,Standard,35,"48,215.00",0,Low,0
TX005699,C0105,19.36,2024-11-08 01:50:06,Dining,Standard,36,"75,990.00",0,Low,1
TX004105,C0146,19.26,2024-10-11 13:56:03,Dining,Basic,47,"26,328.00",0,Low,0
TX003880,C0443,19.23,2024-05-13 12:34:16,Dining,Premium,18,"78,354.00",1,Low,0
TX000877,C0451,19.16,2024-03-28 21:40:08,Groceries,Basic,37,"9,568.00",0,Low,0
TX000218,C0075,18.98,2024-09-19 05:15:23,Dining,Basic,18,"31,024.00",0,Low,0
TX002269,C0262,18.95,2024-12-21 14:12:51,Dining,Premium,37,"157,573.00",0,Low,0
TX007405,C0085,18.93,2024-08-31 18:27:17,Dining,Basic,28,"36,286.00",0,Low,0
TX007430,C0257,18.9,2024-12-27 07:19:53,Dining,Basic,53,"24,888.00",0,Low,0
TX002830,C0432,18.89,2024-10-27 15:22:44,Dining,Standard,18,"52,838.00",0,Low,0
TX002905,C0435,18.87,2024-03-05 06:38:21,Groceries,Basic,56,"42,246.00",0,Low,0
TX006939,C0423,18.84,2024-01-03 21:13:24,Dining,Basic,35,"25,123.00",1,Low,0
TX002045,C0017,18.83,2024-09-21 08:54:50,Dining,Standard,25,"58,740.00",0,Low,0
TX004118,C0447,18.71,2024-04-10 22:12:31,Fuel,Student,42,"16,747.00",0,Low,0
TX001834,C0288,18.71,2024-12-17 04:16:15,Dining,Premium,45,"42,884.00",0,Low,1
TX000009,C0314,18.6,2024-06-03 00:02:06,Groceries,Student,47,"21,998.00",0,Low,1
TX001934,C0048,18.58,2024-05-05 18:04:22,Dining,Student,50,"14,603.00",0,Low,0
TX001363,C0462,18.47,2024-11-06 16:12:52,Groceries,Premium,38,"101,754.00",0,Low,0
TX002660,C0061,18.43,2024-10-31 14:27:06,Dining,Premium,32,"100,281.00",0,Low,0
TX001487,C0358,18.36,2024-06-04 12:46:36,Dining,Student,34,"16,496.00",0,Low,0
TX001677,C0137,18.34,2024-07-27 03:40:01,Dining,Premium,28,"101,976.00",0,Low,1
TX002815,C0195,18.34,2024-09-04 04:07:34,Groceries,Standard,40,"53,925.00",0,Low,1
TX004107,C0424,18.33,2024-05-24 05:27:13,Dining,Premium,49,"84,390.00",0,Low,0
TX000936,C0262,18.23,2024-12-20 14:14:55,Dining,Premium,37,"157,573.00",0,Low,0
TX007110,C0498,18.2,2024-06-11 03:27:00,Dining,Basic,35,"31,092.00",0,Low,1
TX004115,C0112,18.04,2024-11-29 23:28:43,Fuel,Basic,37,"35,081.00",0,Low,0
TX000811,C0063,17.97,2024-06-15 04:49:07,Dining,Student,24,"17,279.00",1,Low,1
TX002607,C0358,17.94,2024-07-20 23:45:16,Dining,Student,34,"16,496.00",0,Low,0
TX004113,C0212,17.93,2024-04-13 20:09:56,Groceries,Student,51,"10,786.00",1,Low,0
TX007766,C0242,17.81,2024-03-02 06:39:14,Groceries,Premium,36,"53,171.00",0,Low,0
TX002333,C0043,17.73,2024-07-05 09:31:25,Dining,Standard,36,"58,657.00",0,Low,0
TX006949,C0429,17.7,2024-09-11 13:50:44,Dining,Basic,50,"30,515.00",0,Low,0
TX002768,C0450,17.68,2024-12-02 06:21:49,Dining,Basic,25,"18,120.00",0,Low,0
TX006131,C0184,17.63,2024-07-21 04:18:11,Dining,Basic,43,"36,801.00",0,Low,1
TX003206,C0051,17.6,2024-10-11 19:27:36,Dining,Standard,41,"32,117.00",0,Low,0
TX003623,C0112,17.58,2024-10-22 00:44:59,Dining,Basic,37,"35,081.00",0,Low,1
TX002154,C0169,17.44,2024-01-04 10:47:00,Groceries,Standard,35,"49,563.00",0,Low,0
TX000182,C0104,17.38,2024-09-02 18:40:24,Groceries,Standard,28,"63,588.00",0,Low,0
TX004344,C0005,17.27,2024-05-06 17:11:39,Dining,Basic,35,"32,949.00",0,Low,0
TX006752,C0124,17.24,2024-02-15 15:47:02,Dining,Standard,21,"61,362.00",0,Low,0
TX004657,C0163,17.14,2024-07-03 05:25:44,Dining,Basic,51,"34,348.00",0,Low,0
TX000455,C0131,17.1,2024-03-31 05:49:12,Clothing,Standard,19,"55,570.00",0,Low,0
TX001653,C0304,17.1,2024-10-05 12:56:35,Fuel,Basic,45,"40,913.00",0,Low,0
TX007913,C0313,17.07,2024-06-28 09:08:04,Dining,Basic,47,"18,779.00",0,Low,0
TX004210,C0054,16.9,2024-03-17 22:11:27,Dining,Basic,45,"31,946.00",0,Low,0
TX002377,C0334,16.86,2024-08-12 03:34:36,Dining,Basic,29,"47,684.00",0,Low,1
TX005614,C0070,16.82,2024-07-09 22:14:27,Groceries,Basic,30,"41,520.00",0,Low,0
TX004581,C0372,16.78,2024-10-05 22:15:18,Entertainment,Basic,43,"22,768.00",0,Low,0
TX003143,C0253,16.77,2024-10-25 08:18:02,Groceries,Basic,63,"42,756.00",0,Low,0
TX003671,C0139,16.69,2024-03-05 18:15:03,Dining,Student,47,"13,067.00",0,Low,0
TX005286,C0142,16.6,2024-10-14 23:00:46,Groceries,Student,53,"9,142.00",0,Low,0
TX002955,C0235,16.55,2024-10-14 06:02:53,Dining,Basic,63,"32,570.00",0,Low,0
TX002272,C0245,16.43,2024-12-11 18:09:48,Dining,Standard,23,"50,536.00",1,Low,0
TX003776,C0408,16.41,2024-12-04 17:41:53,Fuel,Basic,36,"23,954.00",0,Low,0
TX001201,C0443,16.26,2024-11-04 05:40:58,Dining,Premium,18,"78,354.00",0,Low,0
TX002445,C0291,16.24,2024-09-28 00:27:35,Dining,Student,35,"11,070.00",0,Low,1
TX006633,C0307,16.14,2024-12-14 15:33:55,Groceries,Standard,53,"56,834.00",0,Low,0
TX004768,C0305,15.91,2024-01-11 18:07:16,Groceries,Standard,37,"56,878.00",0,Low,0
TX005162,C0051,15.85,2024-06-15 06:55:02,Dining,Standard,41,"32,117.00",0,Low,0
TX004661,C0204,15.68,2024-02-18 05:58:33,Fuel,Standard,50,"60,197.00",0,Low,0
TX007148,C0483,15.54,2024-02-12 00:06:46,Entertainment,Basic,18,"25,155.00",1,Low,1
TX006398,C0405,15.41,2024-12-17 14:38:32,Dining,Basic,32,"24,655.00",0,Low,0
TX006138,C0355,15.29,2024-09-04 21:11:18,Dining,Student,37,"16,323.00",0,Low,0
TX002265,C0477,15.26,2024-04-30 06:47:07,Dining,Basic,44,"19,024.00",0,Low,0
TX006153,C0129,15.15,2024-12-21 22:49:03,Dining,Basic,39,"43,820.00",0,Low,0
TX006776,C0037,15.12,2024-03-14 11:43:28,Groceries,Premium,40,"46,559.00",0,Low,0
TX003484,C0018,15.01,2024-08-29 12:36:29,Dining,Student,41,"21,309.00",0,Low,0
TX002828,C0418,14.95,2024-12-24 15:17:20,Fuel,Standard,39,"63,367.00",0,Low,0
TX002744,C0471,14.83,2024-10-09 00:05:31,Dining,Standard,34,"54,590.00",0,Low,1
TX003744,C0184,14.66,2024-11-11 16:58:10,Groceries,Basic,43,"36,801.00",0,Low,0
TX002465,C0148,14.65,2024-10-25 02:32:32,Groceries,Basic,22,"29,691.00",1,Low,1
TX006760,C0044,14.54,2024-08-25 03:43:15,Dining,Premium,34,"73,077.00",0,Low,1
TX006623,C0422,14.45,2024-09-05 10:24:04,Dining,Student,59,"13,779.00",0,Low,0
TX000884,C0035,14.07,2024-10-20 16:35:08,Dining,Standard,47,"46,672.00",0,Low,0
TX000550,C0058,14.01,2024-01-28 17:43:44,Groceries,Student,34,"20,775.00",0,Low,0
TX003683,C0056,13.78,2024-09-16 00:52:41,Entertainment,Standard,49,"60,280.00",0,Low,1
TX001381,C0369,13.77,2024-12-05 18:02:05,Dining,Student,39,"15,677.00",0,Low,0
TX002971,C0201,13.7,2024-12-19 03:34:39,Groceries,Basic,42,"30,629.00",0,Low,1
TX002611,C0238,13.6,2024-09-09 00:34:13,Groceries,Standard,40,"61,803.00",0,Low,1
TX003681,C0424,13.57,2024-04-03 01:56:29,Dining,Premium,49,"84,390.00",0,Low,1
TX000776,C0354,13.16,2024-02-04 00:30:45,Groceries,Student,36,"8,776.00",0,Low,1
TX001715,C0049,13.15,2024-05-14 10:48:51,Dining,Standard,42,"82,699.00",0,Low,0
TX004589,C0353,13.06,2024-04-02 17:49:14,Fuel,Standard,48,"58,506.00",0,Low,0
TX007469,C0264,12.73,2024-10-17 03:18:27,Dining,Standard,25,"50,127.00",0,Low,1
TX005469,C0324,12.69,2024-12-04 22:24:57,Fuel,Basic,63,"47,161.00",0,Low,0
TX004304,C0386,12.67,2024-09-12 18:06:18,Fuel,Basic,39,"28,780.00",0,Low,0
TX000980,C0433,12.56,2024-06-28 19:23:29,Dining,Student,34,"10,161.00",0,Low,0
TX006923,C0191,12.3,2024-10-04 02:31:31,Fuel,Standard,32,"70,454.00",0,Low,1
TX005364,C0109,11.35,2024-09-12 18:47:16,Dining,Basic,41,"35,585.00",0,Low,0
TX000672,C0060,10.21,2024-11-09 23:03:35,Dining,Student,49,"19,469.00",0,Low,0
TX000982,C0318,10.07,2024-11-19 20:23:29,Dining,Standard,34,"68,423.00",0,Low,0
TX004191,C0226,9.74,2024-06-28 03:27:17,Groceries,Premium,51,"125,610.00",0,Low,1